cup,region,municipality_code,province_code,municipality_key,progress,phase,category,maturity,concluded,commissioning_or_concluded,actual_end_recorded,actual_start,actual_end,planned_end,start_year,existing,project_type_raw,project_group,total_funding_eur,pnrr_funding_eur,tender_count,awardee_count,has_tenders,has_works_tender,direct_tender_count,framework_tender_count,location_count
B11B21001610005,Veneto,078,024,024078,In Corso,ESECUZIONE LAVORI,SCUOLE MATERNE,Esecuzione lavori,0,0,0,2021-02-04,,2026-06-30,2021.0,1,NUOVA REALIZZAZIONE,Nuova realizzazione,6092035.46,2970354.59,8,8,1,1,8,1,1
B11B21006680006,Toscana,002,051,051002,In Corso,COLLAUDO,ASILI NIDO,Collaudo non concluso,0,1,0,2022-10-21,,2026-06-30,2022.0,0,NUOVA REALIZZAZIONE,Nuova realizzazione,1800000.0,1300000.0,16,13,1,1,15,0,1
B11B21006700006,Lombardia,013,017,017013,In Corso,COLLAUDO,SCUOLE MATERNE,Collaudo non concluso,0,1,0,2022-01-04,,2026-02-27,2022.0,0,NUOVA REALIZZAZIONE,Nuova realizzazione,1508000.0,1280000.0,3,2,1,1,2,0,1
B11B22000260006,Toscana,040,050,050040,In Corso,ESECUZIONE LAVORI,SCUOLE MATERNE,Esecuzione lavori,0,0,0,2021-03-29,,2026-03-01,2021.0,0,NUOVA REALIZZAZIONE,Nuova realizzazione,4414819.95,2820000.0,8,6,1,1,6,0,1
B11B22000470006,Campania,035,063,063035,In Corso,ESECUZIONE LAVORI,ASILI NIDO,Esecuzione lavori,0,0,0,2022-10-26,,2026-06-30,2022.0,0,NUOVA REALIZZAZIONE,Nuova realizzazione,2296800.0,2088000.0,5,4,1,0,5,0,1
B12F17002100001,Molise,076,070,070076,In Corso,COLLAUDO,ALTRE INFRASTRUTTURE,Collaudo non concluso,0,1,0,2017-09-14,,2026-06-30,2017.0,1,RISTRUTTURAZIONE (PER CAMBIO DI DESTINAZIONE D'USO),Ristrutturazione/recupero,400000.0,400000.0,4,4,1,1,3,0,1
B13C22000050006,Veneto,096,024,024096,In Corso,COLLAUDO,SCUOLE MATERNE,Collaudo non concluso,0,1,0,2023-01-19,,2026-06-30,2023.0,0,RISTRUTTURAZIONE CON EFFICIENTAMENTO ENERGETICO,Ristrutturazione/recupero,1430000.0,1300000.0,2,2,1,1,1,0,1
B13D22000370006,Sicilia,004,081,081004,Concluso,COLLAUDO,SCUOLE MATERNE,Concluso,1,1,1,2023-03-24,2024-12-30,2026-06-30,2023.0,0,RECUPERO,Ristrutturazione/recupero,597492.0,597492.0,2,2,1,1,0,0,1
B13H20000410004,Puglia,043,072,072043,In Corso,ESECUZIONE LAVORI,SCUOLE MATERNE,Esecuzione lavori,0,0,0,2021-05-20,,2026-08-30,2021.0,1,NUOVA REALIZZAZIONE,Nuova realizzazione,2190000.0,1900000.0,3,0,1,0,3,0,1
B14E22000010006,Emilia-Romagna,029,038,038029,Concluso,COLLAUDO,ASILI NIDO,Concluso,1,1,1,2022-10-17,2024-03-18,2026-12-31,2022.0,0,AMPLIAMENTO (COMPRESA SOPRAELEVAZIONE) O POTENZIAMENTO,Ampliamento,630000.0,630000.0,7,7,1,1,6,0,1
B14E22000330006,Campania,021,061,061021,Concluso,COLLAUDO,ASILI NIDO,Concluso,1,1,1,2022-01-10,2025-05-27,2026-06-30,2022.0,0,AMPLIAMENTO (COMPRESA SOPRAELEVAZIONE) O POTENZIAMENTO,Ampliamento,984736.5,895215.0,6,5,1,1,6,1,1
B15E21002460001,Lombardia,070,020,020070,In Corso,ESECUZIONE LAVORI,SCUOLE MATERNE,Esecuzione lavori,0,0,0,2023-04-11,,2026-06-30,2023.0,0,NUOVA REALIZZAZIONE,Nuova realizzazione,3915982.89,3839886.59,6,6,1,1,5,0,1
B15E22000020006,Basilicata,070,076,076070,Concluso,COLLAUDO,SCUOLE MATERNE,Concluso,1,1,1,2023-02-03,2025-12-30,2025-12-30,2023.0,0,NUOVA REALIZZAZIONE,Nuova realizzazione,1267085.6,1151896.0,6,2,1,1,5,0,1
B15E22000030006,Veneto,038,026,026038,In Corso,COLLAUDO,ASILI NIDO,Collaudo non concluso,0,1,0,2022-11-04,,2026-06-30,2022.0,0,NUOVA REALIZZAZIONE,Nuova realizzazione,1452000.0,1320000.0,5,4,1,1,4,0,1
B15E22000060006,Marche,010,109,109010,In Corso,ESECUZIONE LAVORI,ASILI NIDO,Esecuzione lavori,0,0,0,2023-09-18,,2025-12-31,2023.0,0,NUOVA REALIZZAZIONE,Nuova realizzazione,841500.0,765000.0,9,9,1,1,8,0,1
B15E22000180006,Campania,019,062,062019,In Corso,ESECUZIONE LAVORI,ASILI NIDO,Esecuzione lavori,0,0,0,2022-03-01,,2026-08-31,2022.0,0,NUOVA REALIZZAZIONE,Nuova realizzazione,1372500.0,1372500.0,5,5,1,1,4,0,1
B15E22000200006,Piemonte,317,001,001317,In Corso,COLLAUDO,ASILI NIDO,Collaudo non concluso,0,1,0,2022-12-19,,2026-12-31,2022.0,0,NUOVA REALIZZAZIONE,Nuova realizzazione,1366000.0,970000.0,4,5,1,1,3,0,1
B15E22000210007,Campania,064,062,062064,In Corso,COLLAUDO,ASILI NIDO,Collaudo non concluso,0,1,0,2022-03-01,,2026-06-30,2022.0,0,NUOVA REALIZZAZIONE,Nuova realizzazione,963759.78,963759.78,7,6,1,1,6,0,1
B15E22000220006,Veneto,074,026,026074,In Corso,COLLAUDO,ASILI NIDO,Collaudo non concluso,0,1,0,2022-03-30,,2026-06-30,2022.0,0,NUOVA REALIZZAZIONE,Nuova realizzazione,3270000.0,2380000.0,9,10,1,1,8,0,1
B15E22000230006,Veneto,016,028,028016,In Corso,COLLAUDO,ASILI NIDO,Collaudo non concluso,0,1,0,2023-04-14,,2026-03-31,2023.0,0,NUOVA REALIZZAZIONE,Nuova realizzazione,1716000.0,1560000.0,4,9,1,1,3,0,1
B15E22000240006,Puglia,043,072,072043,In Corso,ESECUZIONE LAVORI,ASILI NIDO,Esecuzione lavori,0,0,0,2022-03-29,,2026-08-30,2022.0,0,NUOVA REALIZZAZIONE,Nuova realizzazione,1961480.4,1783164.0,4,0,1,1,3,1,1
B15E22000610006,Sicilia,004,081,081004,In Corso,ESECUZIONE LAVORI,ASILI NIDO,Esecuzione lavori,0,0,0,2022-01-03,,2026-06-30,2022.0,0,NUOVA REALIZZAZIONE,Nuova realizzazione,1267200.0,1152000.0,2,10,1,1,1,1,1
B15E24000100006,Piemonte,001,006,006001,In Corso,ESECUZIONE LAVORI,ASILI NIDO,Esecuzione lavori,0,0,0,2024-08-09,,2026-06-30,2024.0,0,NUOVA REALIZZAZIONE,Nuova realizzazione,720000.0,720000.0,4,4,1,1,3,0,1
B15E24000120006,Lazio,089,060,060089,In Corso,ESECUZIONE LAVORI,ASILI NIDO,Esecuzione lavori,0,0,0,2024-08-14,,2026-06-30,2024.0,0,NUOVA REALIZZAZIONE,Nuova realizzazione,576000.0,576000.0,4,3,1,1,3,0,1
B15E24000150006,Lombardia,070,020,020070,In Corso,ESECUZIONE LAVORI,ASILI NIDO,Esecuzione lavori,0,0,0,2024-09-05,,2027-04-30,2024.0,0,NUOVA REALIZZAZIONE,Nuova realizzazione,576000.0,576000.0,2,2,1,1,1,0,1
B15E24000170006,Veneto,044,023,023044,In Corso,COLLAUDO,ASILI NIDO,Collaudo non concluso,0,1,0,2025-05-23,,2026-06-30,2025.0,0,NUOVA REALIZZAZIONE,Nuova realizzazione,1000000.0,840000.0,8,6,1,1,7,0,1
B15E24000200006,Campania,035,063,063035,In Corso,ESECUZIONE LAVORI,ASILI NIDO,Esecuzione lavori,0,0,0,2024-10-25,,2026-06-30,2024.0,0,NUOVA REALIZZAZIONE,Nuova realizzazione,1000000.0,1000000.0,2,1,1,1,1,0,1
B15E25000000006,Calabria,110,078,078110,In Corso,ESECUZIONE LAVORI,ASILI NIDO,Esecuzione lavori,0,0,0,2025-03-24,,2026-08-31,2025.0,0,NUOVA REALIZZAZIONE,Nuova realizzazione,480000.0,480000.0,4,5,1,1,3,0,1
B15E25000040006,Puglia,043,072,072043,In Corso,PFTE (PROGETTO DI FATTIBILITÀ TECNICO ECONOMICA),ASILI NIDO,Prima dell'esecuzione,0,0,0,,,,,0,NUOVA REALIZZAZIONE,Nuova realizzazione,1728000.0,1728000.0,0,0,0,0,0,0,1
B15E25000050006,Calabria,099,079,079099,In Corso,Fase non disponibile,ASILI NIDO,Fase non disponibile,0,0,0,,,,,0,NUOVA REALIZZAZIONE,Nuova realizzazione,720000.0,720000.0,0,0,0,0,0,0,1
B15E25000070006,Calabria,038,078,078038,In Corso,ESECUZIONE LAVORI,ASILI NIDO,Esecuzione lavori,0,0,0,2025-09-10,,2026-06-30,2025.0,0,NUOVA REALIZZAZIONE,Nuova realizzazione,600000.0,600000.0,5,5,1,1,4,0,1
B15E25000130006,Campania,046,062,062046,In Corso,COLLAUDO,ASILI NIDO,Collaudo non concluso,0,1,0,2025-11-25,,2026-06-30,2025.0,0,NUOVA REALIZZAZIONE,Nuova realizzazione,520000.0,520000.0,3,3,1,1,2,0,1
B16B19000300009,Veneto,038,026,026038,In Corso,COLLAUDO,"EDIFICI SOCIALI, CULTURALI E ASSISTENZIALI",Collaudo non concluso,0,1,0,2021-05-18,,2026-06-30,2021.0,1,RISTRUTTURAZIONE (PER CAMBIO DI DESTINAZIONE D'USO),Ristrutturazione/recupero,3084730.0,2804300.0,15,10,1,1,14,0,1
B16F21000000006,Campania,064,062,062064,In Corso,COLLAUDO,SCUOLE MATERNE,Collaudo non concluso,0,1,0,2021-05-02,,2026-06-30,2021.0,0,DEMOLIZIONE,Demolizione/ricostruzione,880000.0,880000.0,2,2,1,1,1,0,1
B17G21000030006,Campania,053,063,063053,Concluso,COLLAUDO,ASILI NIDO,Concluso,1,1,1,2022-09-08,2026-03-11,2026-03-11,2022.0,0,RECUPERO,Ristrutturazione/recupero,766723.0,766723.0,8,8,1,1,7,0,1
B17G24000070006,Campania,035,063,063035,In Corso,ESECUZIONE LAVORI,ASILI NIDO,Esecuzione lavori,0,0,0,2024-10-25,,2026-06-30,2024.0,0,RECUPERO,Ristrutturazione/recupero,480000.0,480000.0,1,1,1,1,0,0,1
B18H22000030006,Veneto,034,028,028034,In Corso,COLLAUDO,ASILI NIDO,Collaudo non concluso,0,1,0,2023-06-06,,2026-08-31,2023.0,0,AMPLIAMENTO (COMPRESA SOPRAELEVAZIONE) O POTENZIAMENTO,Ampliamento,247000.0,247000.0,5,3,1,1,4,0,1
B18H22000060006,Abruzzo,061,069,069061,Concluso,COLLAUDO,ASILI NIDO,Concluso,1,1,1,2023-03-27,2024-06-27,2024-06-30,2023.0,0,AMPLIAMENTO (COMPRESA SOPRAELEVAZIONE) O POTENZIAMENTO,Ampliamento,490000.0,490000.0,4,4,1,1,3,0,1
B18H22000490006,Basilicata,070,076,076070,Concluso,COLLAUDO,ASILI NIDO,Concluso,1,1,1,2023-01-16,2025-12-30,2025-12-30,2023.0,0,AMPLIAMENTO (COMPRESA SOPRAELEVAZIONE) O POTENZIAMENTO,Ampliamento,616000.0,560000.0,6,3,1,1,5,0,1
B18H24000630006,Lombardia,213,016,016213,In Corso,COLLAUDO,ASILI NIDO,Collaudo non concluso,0,1,0,2024-11-26,,2026-06-30,2024.0,0,AMPLIAMENTO (COMPRESA SOPRAELEVAZIONE) O POTENZIAMENTO,Ampliamento,576000.0,576000.0,3,3,1,1,2,0,1
B18H24000640001,Piemonte,021,005,005021,In Corso,ESECUZIONE LAVORI,ASILI NIDO,Esecuzione lavori,0,0,0,2025-01-10,,2026-06-30,2025.0,0,RISTRUTTURAZIONE (PER CAMBIO DI DESTINAZIONE D'USO),Ristrutturazione/recupero,232700.0,180000.0,1,1,1,1,1,0,1
B18H24000650006,Sicilia,004,081,081004,In Corso,COLLAUDO,ASILI NIDO,Collaudo non concluso,0,1,0,2024-06-11,,2026-06-30,2024.0,0,RISTRUTTURAZIONE (PER CAMBIO DI DESTINAZIONE D'USO),Ristrutturazione/recupero,600000.0,600000.0,2,2,1,1,1,0,1
B18H25000440006,Lombardia,013,017,017013,In Corso,Fase non disponibile,ASILI NIDO,Fase non disponibile,0,0,0,,,,,0,RISTRUTTURAZIONE (PER CAMBIO DI DESTINAZIONE D'USO),Ristrutturazione/recupero,1230000.0,480000.0,0,0,0,0,0,0,1
B21B22000440006,Emilia-Romagna,007,036,036007,Concluso,COLLAUDO,ASILI NIDO,Concluso,1,1,1,2022-10-26,2025-11-25,2025-12-31,2022.0,0,NUOVA REALIZZAZIONE,Nuova realizzazione,1674710.86,1154283.0,4,5,1,1,3,0,1
B21B22000800006,Campania,070,064,064070,In Corso,COLLAUDO,ASILI NIDO,Collaudo non concluso,0,1,0,2022-02-23,,2026-06-30,2022.0,0,NUOVA REALIZZAZIONE,Nuova realizzazione,1350892.4,1228084.0,4,6,1,1,2,0,1
B22C22000270006,Basilicata,015,077,077015,In Corso,ESECUZIONE LAVORI,SCUOLE MATERNE,Esecuzione lavori,0,0,0,2023-01-18,,2026-06-30,2023.0,0,DEMOLIZIONE,Demolizione/ricostruzione,1727508.72,1727508.72,7,7,1,1,5,0,1
B22C22000280006,Campania,014,065,065014,In Corso,COLLAUDO,SCUOLE MATERNE,Collaudo non concluso,0,1,0,2022-09-08,,2026-06-30,2022.0,0,DEMOLIZIONE,Demolizione/ricostruzione,2710258.95,2191144.5,10,10,1,1,9,0,1
B23C22000000006,Toscana,011,047,047011,In Corso,COLLAUDO,ASILI NIDO,Collaudo non concluso,0,1,0,2023-01-17,,2026-05-31,2023.0,0,RISTRUTTURAZIONE CON EFFICIENTAMENTO ENERGETICO,Ristrutturazione/recupero,1310000.0,1100000.0,7,7,1,1,6,0,1
B23C22000300006,Sicilia,005,081,081005,Concluso,COLLAUDO,ASILI NIDO,Concluso,1,1,1,2023-06-19,2025-12-12,2025-12-31,2023.0,0,RISTRUTTURAZIONE CON EFFICIENTAMENTO ENERGETICO,Ristrutturazione/recupero,537500.0,537500.0,4,3,1,1,3,0,1
B23C22000310006,Abruzzo,071,069,069071,In Corso,COLLAUDO,ASILI NIDO,Collaudo non concluso,0,1,0,2023-02-06,,2026-06-30,2023.0,0,RISTRUTTURAZIONE CON EFFICIENTAMENTO ENERGETICO,Ristrutturazione/recupero,634969.06,634969.06,6,2,1,1,5,0,1
B23C24000420006,Lombardia,214,016,016214,In Corso,COLLAUDO,ASILI NIDO,Collaudo non concluso,0,1,0,2024-09-05,,2026-06-30,2024.0,0,RISTRUTTURAZIONE CON EFFICIENTAMENTO ENERGETICO,Ristrutturazione/recupero,480000.0,480000.0,3,3,1,1,2,0,1
B24E21001270001,Toscana,005,050,050005,In Corso,ESECUZIONE LAVORI,ALTRE STRUTTURE SOCIALI,Esecuzione lavori,0,0,0,2021-05-11,,2026-03-02,2021.0,1,RISTRUTTURAZIONE (PER CAMBIO DI DESTINAZIONE D'USO),Ristrutturazione/recupero,1013840.0,798000.0,6,3,1,1,4,0,1
B24E21001560004,Lombardia,065,014,014065,In Corso,COLLAUDO,ASILI NIDO,Collaudo non concluso,0,1,0,2021-03-22,,2026-02-03,2021.0,1,RISTRUTTURAZIONE (PER CAMBIO DI DESTINAZIONE D'USO),Ristrutturazione/recupero,469667.0,366663.82,4,4,1,1,2,0,1
B24E22000040006,Toscana,021,051,051021,In Corso,COLLAUDO,SCUOLE MATERNE,Collaudo non concluso,0,1,0,2023-01-16,,2026-05-30,2023.0,0,AMPLIAMENTO (COMPRESA SOPRAELEVAZIONE) O POTENZIAMENTO,Ampliamento,682000.0,620000.0,3,3,1,1,2,0,1
B25E21002500006,Puglia,001,071,071001,In Corso,ESECUZIONE LAVORI,SCUOLE MATERNE,Esecuzione lavori,0,0,0,2023-01-17,,2026-06-30,2023.0,0,NUOVA REALIZZAZIONE,Nuova realizzazione,2900000.0,2900000.0,4,4,1,1,3,0,1
B25E22000030006,Lombardia,033,012,012033,In Corso,COLLAUDO,SCUOLE MATERNE,Collaudo non concluso,0,1,0,2022-11-29,,2026-08-31,2022.0,0,NUOVA REALIZZAZIONE,Nuova realizzazione,5365048.68,4982000.0,22,26,1,1,20,1,1
B25E22000040006,Abruzzo,035,069,069035,In Corso,COLLAUDO,ASILI NIDO,Collaudo non concluso,0,1,0,2022-02-24,,2026-06-30,2022.0,0,NUOVA REALIZZAZIONE,Nuova realizzazione,1727000.0,1570000.0,17,17,1,1,16,1,1
B25E22000130006,Piemonte,078,004,004078,In Corso,COLLAUDO,ASILI NIDO,Collaudo non concluso,0,1,0,2022-09-08,,2026-06-30,2022.0,1,NUOVA REALIZZAZIONE,Nuova realizzazione,1370000.0,844800.0,4,4,1,1,4,1,1
B25E22000140006,Campania,014,065,065014,In Corso,ESECUZIONE LAVORI,ASILI NIDO,Esecuzione lavori,0,0,0,2022-09-08,,2026-09-30,2022.0,0,NUOVA REALIZZAZIONE,Nuova realizzazione,1210000.0,1100000.0,8,4,1,1,7,0,1
B25E22000150006,Campania,014,065,065014,In Corso,COLLAUDO,ASILI NIDO,Collaudo non concluso,0,1,0,2022-09-08,,2026-06-30,2022.0,0,NUOVA REALIZZAZIONE,Nuova realizzazione,1210000.0,1100000.0,7,8,1,1,6,0,1
B25E22000760006,Calabria,012,078,078012,In Corso,ESECUZIONE LAVORI,ASILI NIDO,Esecuzione lavori,0,0,0,2023-02-06,,2026-08-31,2023.0,0,NUOVA REALIZZAZIONE,Nuova realizzazione,1431491.5,1431491.5,8,6,1,1,7,0,1
B25E24000070006,Campania,014,065,065014,In Corso,ESECUZIONE LAVORI,ASILI NIDO,Esecuzione lavori,0,0,0,2024-04-30,,2026-11-30,2024.0,0,NUOVA REALIZZAZIONE,Nuova realizzazione,1728000.0,1728000.0,6,8,1,1,5,0,1
B25E24000080001,Lombardia,053,020,020053,In Corso,ESECUZIONE LAVORI,ASILI NIDO,Esecuzione lavori,0,0,0,2023-10-01,,2026-06-30,2023.0,0,NUOVA REALIZZAZIONE,Nuova realizzazione,1400000.0,480000.0,7,7,1,1,6,0,1
B25E24000090006,Puglia,064,071,071064,In Corso,COLLAUDO,ASILI NIDO,Collaudo non concluso,0,1,0,2024-09-09,,2026-06-30,2024.0,0,NUOVA REALIZZAZIONE,Nuova realizzazione,576000.0,576000.0,5,5,1,1,4,0,1
B25E24000100006,Abruzzo,035,069,069035,In Corso,COLLAUDO,ASILI NIDO,Collaudo non concluso,0,1,0,2024-09-05,,2026-06-30,2024.0,0,NUOVA REALIZZAZIONE,Nuova realizzazione,1440000.0,1440000.0,11,11,1,1,10,0,1
B27G22000150006,Emilia-Romagna,049,033,033049,In Corso,COLLAUDO,SCUOLE MATERNE,Collaudo non concluso,0,1,0,2022-09-08,,2026-03-30,2022.0,0,RECUPERO,Ristrutturazione/recupero,714480.0,714480.0,2,2,1,1,1,0,1
B27G23000340006,Lazio,004,058,058004,In Corso,ESECUZIONE LAVORI,ASILI NIDO,Esecuzione lavori,0,0,0,2024-10-01,,2026-08-31,2024.0,0,RECUPERO,Ristrutturazione/recupero,480000.0,480000.0,2,2,1,1,1,0,1
B27G25000030006,Piemonte,255,001,001255,In Corso,ESECUZIONE LAVORI,ASILI NIDO,Esecuzione lavori,0,0,0,,,,,0,RECUPERO,Ristrutturazione/recupero,560000.0,560000.0,4,5,1,1,3,0,1
B28H22000010001,Marche,026,043,043026,In Corso,COLLAUDO,ASILI NIDO,Collaudo non concluso,0,1,0,2023-01-20,,2026-06-30,2023.0,0,RISTRUTTURAZIONE (PER CAMBIO DI DESTINAZIONE D'USO),Ristrutturazione/recupero,515000.0,278889.0,4,4,1,1,3,0,1
B28H22000080006,Lombardia,165,018,018165,Concluso,COLLAUDO,ASILI NIDO,Concluso,1,1,1,2022-11-15,2025-12-23,2025-12-31,2022.0,0,AMPLIAMENTO (COMPRESA SOPRAELEVAZIONE) O POTENZIAMENTO,Ampliamento,200000.0,200000.0,8,8,1,1,8,0,1
B28H22000390001,Calabria,018,102,102018,In Corso,COLLAUDO,SCUOLE MATERNE,Collaudo non concluso,0,1,0,2023-04-01,,2026-06-30,2023.0,0,RISTRUTTURAZIONE (PER CAMBIO DI DESTINAZIONE D'USO),Ristrutturazione/recupero,435466.9,395879.0,5,2,1,1,4,0,1
B28H24000730006,Puglia,065,075,075065,In Corso,COLLAUDO,ASILI NIDO,Collaudo non concluso,0,1,0,2024-07-11,,2026-06-30,2024.0,0,AMPLIAMENTO (COMPRESA SOPRAELEVAZIONE) O POTENZIAMENTO,Ampliamento,480000.0,480000.0,2,2,1,1,1,0,1
B28H25000550006,Lombardia,120,018,018120,In Corso,COLLAUDO,ASILI NIDO,Collaudo non concluso,0,1,0,,,2026-06-30,,0,RISTRUTTURAZIONE (PER CAMBIO DI DESTINAZIONE D'USO),Ristrutturazione/recupero,300000.0,300000.0,1,1,1,0,0,0,1
B28H25000570006,Sicilia,011,087,087011,In Corso,ESECUZIONE LAVORI,ASILI NIDO,Esecuzione lavori,0,0,0,2025-08-08,,2026-06-30,2025.0,0,RISTRUTTURAZIONE (PER CAMBIO DI DESTINAZIONE D'USO),Ristrutturazione/recupero,960000.0,960000.0,2,1,1,1,1,0,1
B28H25000580006,Piemonte,031,005,005031,In Corso,COLLAUDO,ASILI NIDO,Collaudo non concluso,0,1,0,2025-05-26,,2026-06-30,2025.0,0,RISTRUTTURAZIONE (PER CAMBIO DI DESTINAZIONE D'USO),Ristrutturazione/recupero,650000.0,480000.0,3,5,1,1,2,0,1
B28H25001060006,Puglia,064,071,071064,In Corso,ESECUZIONE LAVORI,ASILI NIDO,Esecuzione lavori,0,0,0,2025-10-01,,2026-06-30,2025.0,0,AMPLIAMENTO (COMPRESA SOPRAELEVAZIONE) O POTENZIAMENTO,Ampliamento,576000.0,576000.0,3,5,1,1,2,0,1
B28I21000560001,Sicilia,015,085,085015,In Corso,COLLAUDO,"EDIFICI SOCIALI, CULTURALI E ASSISTENZIALI",Collaudo non concluso,0,1,0,2023-03-03,,2026-06-30,2023.0,1,RISTRUTTURAZIONE CON EFFICIENTAMENTO ENERGETICO,Ristrutturazione/recupero,2377777.01,2250000.0,6,6,1,1,4,0,1
B28I22000080006,Sicilia,015,085,085015,Concluso,COLLAUDO,ASILI NIDO,Concluso,1,1,1,2019-04-10,2024-11-22,2024-11-22,2019.0,0,RISTRUTTURAZIONE CON EFFICIENTAMENTO ENERGETICO,Ristrutturazione/recupero,615603.33,538533.0,3,3,1,1,2,0,1
B29J21031260002,Lombardia,039,108,108039,In Corso,COLLAUDO,ASILI NIDO,Collaudo non concluso,0,1,0,2022-11-11,,2026-05-31,2022.0,0,MANUTENZIONE STRAORDINARIA CON EFFICIENTAMENTO ENERGETICO,Altro,600000.0,600000.0,2,2,1,1,1,0,1
B31B21002640001,Sicilia,017,089,089017,In Corso,ESECUZIONE LAVORI,ALTRI EDIFICI SCOLASTICI,Esecuzione lavori,0,0,0,2021-03-22,,2026-09-30,2021.0,1,NUOVA REALIZZAZIONE,Nuova realizzazione,3300000.0,3000000.0,1,1,1,1,0,0,1
B31B21002650001,Sicilia,017,089,089017,In Corso,ESECUZIONE LAVORI,ALTRI EDIFICI SCOLASTICI,Esecuzione lavori,0,0,0,2021-03-22,,2026-06-30,2021.0,1,NUOVA REALIZZAZIONE,Nuova realizzazione,3300000.0,3000000.0,1,1,1,1,0,0,1
B31B21002680005,Lombardia,133,012,012133,In Corso,COLLAUDO,ASILI NIDO,Collaudo non concluso,0,1,0,2022-09-22,,2026-06-30,2022.0,1,NUOVA REALIZZAZIONE,Nuova realizzazione,4800000.0,3000000.0,7,14,1,1,6,0,1
B31B21003340001,Puglia,027,072,072027,In Corso,COLLAUDO,ASILI NIDO,Collaudo non concluso,0,1,0,2021-03-15,,2026-06-30,2021.0,1,NUOVA REALIZZAZIONE,Nuova realizzazione,3300000.0,3000000.0,6,6,1,1,5,0,1
B31B21012890007,Lombardia,042,017,017042,In Corso,COLLAUDO,ASILI NIDO,Collaudo non concluso,0,1,0,2022-11-23,,2026-06-30,2022.0,0,NUOVA REALIZZAZIONE,Nuova realizzazione,1596097.0,1234000.0,6,6,1,1,5,0,1
B31B21013180006,Campania,003,062,062003,In Corso,ESECUZIONE LAVORI,ASILI NIDO,Esecuzione lavori,0,0,0,2022-11-15,,2026-09-11,2022.0,0,NUOVA REALIZZAZIONE,Nuova realizzazione,1484503.32,1261821.0,7,7,1,1,6,0,1
B31B21013320006,Sicilia,017,089,089017,In Corso,ESECUZIONE LAVORI,ASILI NIDO,Esecuzione lavori,0,0,0,2022-09-08,,2026-06-30,2022.0,0,NUOVA REALIZZAZIONE,Nuova realizzazione,1820000.0,1820000.0,3,2,1,1,2,0,1
B31B22000410006,Liguria,025,010,010025,In Corso,ESECUZIONE LAVORI,ASILI NIDO,Esecuzione lavori,0,0,0,2023-02-08,,2026-11-22,2023.0,0,NUOVA REALIZZAZIONE,Nuova realizzazione,4743323.38,1406600.0,12,17,1,1,10,1,1
B31B22000850006,Marche,067,041,041067,In Corso,ESECUZIONE LAVORI,SCUOLE MATERNE,Esecuzione lavori,0,0,0,2022-11-23,,2026-06-30,2022.0,0,NUOVA REALIZZAZIONE,Nuova realizzazione,2090000.0,1900000.0,4,3,1,1,2,0,1
B31B22001070006,Trentino-Alto Adige,022,022,022022,In Corso,COLLAUDO,ASILI NIDO,Collaudo non concluso,0,1,0,2022-09-08,,2026-06-30,2022.0,0,NUOVA REALIZZAZIONE,Nuova realizzazione,2492656.32,2043784.0,12,12,1,1,11,0,1
B31B22001090006,Toscana,012,047,047012,In Corso,ESECUZIONE LAVORI,ASILI NIDO,Esecuzione lavori,0,0,0,2022-12-05,,2026-06-30,2022.0,0,NUOVA REALIZZAZIONE,Nuova realizzazione,1426635.0,1050000.0,3,2,1,1,2,0,1
B31B22001150006,Toscana,001,048,048001,In Corso,COLLAUDO,SCUOLE MATERNE,Collaudo non concluso,0,1,0,2022-09-08,,2026-06-30,2022.0,0,NUOVA REALIZZAZIONE,Nuova realizzazione,2653000.0,2280000.0,14,14,1,1,14,4,1
B31B22001160006,Toscana,001,048,048001,In Corso,ESECUZIONE LAVORI,ASILI NIDO,Esecuzione lavori,0,0,0,2022-08-16,,2026-08-31,2022.0,0,NUOVA REALIZZAZIONE,Nuova realizzazione,2467000.0,1920000.0,14,14,1,1,12,5,1
B31B22001200006,Umbria,022,055,055022,In Corso,COLLAUDO,ASILI NIDO,Collaudo non concluso,0,1,0,2022-11-30,,2026-06-30,2022.0,0,NUOVA REALIZZAZIONE,Nuova realizzazione,3424080.0,3112800.0,9,13,1,1,8,0,1
B31B22001220006,Sicilia,017,089,089017,In Corso,ESECUZIONE LAVORI,SCUOLE MATERNE,Esecuzione lavori,0,0,0,2022-09-08,,2026-06-30,2022.0,0,NUOVA REALIZZAZIONE,Nuova realizzazione,2665000.0,2665000.0,2,1,1,1,1,0,1
B32B24000340006,Puglia,025,073,073025,In Corso,COLLAUDO,ASILI NIDO,Collaudo non concluso,0,1,0,2025-01-27,,2026-06-30,2025.0,0,MANUTENZIONE STRAORDINARIA,Altro,740000.0,740000.0,3,3,1,1,2,0,1
B32B25000300006,Emilia-Romagna,045,040,040045,In Corso,COLLAUDO,SCUOLE MATERNE,Collaudo non concluso,0,1,0,2025-07-10,,2026-06-30,2025.0,0,MANUTENZIONE STRAORDINARIA,Altro,420000.0,420000.0,2,2,1,1,1,0,1
B32B25000310006,Emilia-Romagna,045,040,040045,In Corso,COLLAUDO,"SCUOLE ELEMENTARI, MEDIE E SUPERIORI",Collaudo non concluso,0,1,0,,,,,0,MANUTENZIONE STRAORDINARIA,Altro,300000.0,300000.0,4,4,1,1,3,0,1
B32C22000360006,Campania,041,061,061041,In Corso,ESECUZIONE LAVORI,ASILI NIDO,Esecuzione lavori,0,0,0,2022-12-02,,2026-07-31,2022.0,0,DEMOLIZIONE,Demolizione/ricostruzione,790000.0,790000.0,7,9,1,1,5,0,1
B33C22000000006,Veneto,116,024,024116,In Corso,ESECUZIONE LAVORI,ASILI NIDO,Esecuzione lavori,0,0,0,2022-11-15,,2026-06-30,2022.0,0,RISTRUTTURAZIONE CON EFFICIENTAMENTO ENERGETICO,Ristrutturazione/recupero,2039700.0,2039700.0,4,4,1,1,3,0,1
B33C22000020006,Sicilia,065,083,083065,Concluso,COLLAUDO,ASILI NIDO,Concluso,1,1,1,2023-02-28,2025-02-27,2025-12-30,2023.0,0,RISTRUTTURAZIONE CON EFFICIENTAMENTO ENERGETICO,Ristrutturazione/recupero,405000.0,405000.0,2,3,1,1,1,0,1
B33C22000050006,Basilicata,063,076,076063,Concluso,COLLAUDO,SCUOLE MATERNE,Concluso,1,1,1,2023-04-20,2026-04-21,2026-06-30,2023.0,0,RISTRUTTURAZIONE CON EFFICIENTAMENTO ENERGETICO,Ristrutturazione/recupero,1074694.98,976995.44,3,3,1,1,2,0,1
B33C22000070006,Basilicata,063,076,076063,In Corso,ESECUZIONE LAVORI,ASILI NIDO,Esecuzione lavori,0,0,0,2023-05-09,,2026-03-31,2023.0,0,RISTRUTTURAZIONE CON EFFICIENTAMENTO ENERGETICO,Ristrutturazione/recupero,376053.7,341867.0,1,0,1,1,0,0,1
B33C22000100006,Calabria,011,079,079011,In Corso,ESECUZIONE LAVORI,SCUOLE MATERNE,Esecuzione lavori,0,0,0,2023-03-06,,2026-06-30,2023.0,0,RISTRUTTURAZIONE CON EFFICIENTAMENTO ENERGETICO,Ristrutturazione/recupero,594523.24,550484.48,5,4,1,1,4,0,1
B33C22000120006,Calabria,011,079,079011,In Corso,ESECUZIONE LAVORI,ASILI NIDO,Esecuzione lavori,0,0,0,2023-03-06,,2026-06-30,2023.0,0,RISTRUTTURAZIONE CON EFFICIENTAMENTO ENERGETICO,Ristrutturazione/recupero,1585974.16,1468494.6,7,6,1,1,6,0,1
B33C22000450006,Calabria,085,078,078085,In Corso,ESECUZIONE LAVORI,ASILI NIDO,Esecuzione lavori,0,0,0,2022-03-30,,2026-04-30,2022.0,0,RISTRUTTURAZIONE CON EFFICIENTAMENTO ENERGETICO,Ristrutturazione/recupero,532999.2,532999.2,4,4,1,1,3,0,1
B33C25000340006,Calabria,011,079,079011,In Corso,PREDISPOSIZIONE CAPITOLATO E BANDO DI GARA,ASILI NIDO,Prima dell'esecuzione,0,0,0,2025-08-20,,2026-06-30,2025.0,0,RISTRUTTURAZIONE CON EFFICIENTAMENTO ENERGETICO,Ristrutturazione/recupero,400000.0,400000.0,1,1,1,0,1,0,1
B33D22000370006,Liguria,025,010,010025,In Corso,COLLAUDO,ASILI NIDO,Collaudo non concluso,0,1,0,2023-02-08,,2026-09-19,2023.0,0,RECUPERO,Ristrutturazione/recupero,2850000.0,1787500.0,9,15,1,1,9,2,1
B33D22000380006,Liguria,025,010,010025,In Corso,ESECUZIONE LAVORI,ASILI NIDO,Esecuzione lavori,0,0,0,2022-12-04,,2026-12-27,2022.0,0,RECUPERO,Ristrutturazione/recupero,3300000.0,1136200.0,10,16,1,1,10,2,1
B33D22000460006,Liguria,025,010,010025,In Corso,COLLAUDO,ASILI NIDO,Collaudo non concluso,0,1,0,2023-02-08,,2025-11-30,2023.0,0,RECUPERO,Ristrutturazione/recupero,1900000.0,1176500.0,5,8,1,1,5,2,1
B34E21015500006,Lombardia,015,098,098015,In Corso,COLLAUDO,SCUOLE MATERNE,Collaudo non concluso,0,1,0,2023-04-30,,2026-06-30,2023.0,0,AMPLIAMENTO (COMPRESA SOPRAELEVAZIONE) O POTENZIAMENTO,Ampliamento,538600.0,483600.0,2,2,1,1,1,0,1
B34E22000090006,Emilia-Romagna,037,035,035037,In Corso,COLLAUDO,SCUOLE MATERNE,Collaudo non concluso,0,1,0,2021-12-30,,2026-06-30,2021.0,0,AMPLIAMENTO (COMPRESA SOPRAELEVAZIONE) O POTENZIAMENTO,Ampliamento,2130000.0,1400000.0,7,7,1,0,6,0,1
B34E22000260006,Piemonte,265,001,001265,In Corso,COLLAUDO,ASILI NIDO,Collaudo non concluso,0,1,0,2022-10-24,,2026-06-30,2022.0,0,RISTRUTTURAZIONE (PER CAMBIO DI DESTINAZIONE D'USO),Ristrutturazione/recupero,1095362.0,995783.64,4,4,1,1,4,0,1
B35E21002950001,Veneto,020,027,027020,In Corso,COLLAUDO,ASILI NIDO,Collaudo non concluso,0,1,0,2022-10-26,,2026-06-30,2022.0,0,NUOVA REALIZZAZIONE,Nuova realizzazione,4200000.0,2390000.0,6,3,1,1,4,0,1
B35E22000050006,Piemonte,025,103,103025,In Corso,COLLAUDO,ASILI NIDO,Collaudo non concluso,0,1,0,2022-12-30,,2026-06-30,2022.0,0,NUOVA REALIZZAZIONE,Nuova realizzazione,1980000.0,1950000.0,4,4,1,1,3,0,1
B35E22000060006,Veneto,116,024,024116,In Corso,ESECUZIONE LAVORI,ASILI NIDO,Esecuzione lavori,0,0,0,2022-11-15,,2026-06-30,2022.0,0,NUOVA REALIZZAZIONE,Nuova realizzazione,1680000.0,1680000.0,4,4,1,1,3,0,1
B35E22000070006,Veneto,116,024,024116,In Corso,ESECUZIONE LAVORI,ASILI NIDO,Esecuzione lavori,0,0,0,2022-11-28,,2026-06-30,2022.0,0,NUOVA REALIZZAZIONE,Nuova realizzazione,2400000.0,2400000.0,2,2,1,1,1,0,1
B35E22000300006,Basilicata,063,076,076063,In Corso,ESECUZIONE LAVORI,ASILI NIDO,Esecuzione lavori,0,0,0,,,2026-03-15,,0,NUOVA REALIZZAZIONE,Nuova realizzazione,924101.28,840092.07,1,0,1,1,0,0,1
B35E22000320006,Campania,073,063,063073,In Corso,ESECUZIONE LAVORI,SCUOLE MATERNE,Esecuzione lavori,0,0,0,2023-11-30,,2026-03-31,2023.0,0,NUOVA REALIZZAZIONE,Nuova realizzazione,1829540.0,1829540.0,5,3,1,1,4,0,1
B35E22000360006,Veneto,099,028,028099,In Corso,ESECUZIONE LAVORI,ASILI NIDO,Esecuzione lavori,0,0,0,2022-12-30,,2026-06-30,2022.0,0,NUOVA REALIZZAZIONE,Nuova realizzazione,2095186.4,1440000.0,5,11,1,1,5,1,1
B35E22000430006,Liguria,025,010,010025,In Corso,ESECUZIONE LAVORI,ASILI NIDO,Esecuzione lavori,0,0,0,2022-12-04,,2026-12-31,2022.0,0,NUOVA REALIZZAZIONE,Nuova realizzazione,1800000.14,1261000.13,6,11,1,1,6,2,1
B35E22000440006,Calabria,081,080,080081,In Corso,ESECUZIONE LAVORI,ASILI NIDO,Esecuzione lavori,0,0,0,2022-10-20,,2026-06-30,2022.0,0,NUOVA REALIZZAZIONE,Nuova realizzazione,446930.0,406300.0,3,3,1,1,2,0,1
B35E22000450006,Campania,032,061,061032,In Corso,COLLAUDO,ASILI NIDO,Collaudo non concluso,0,1,0,2022-03-03,,2026-06-30,2022.0,0,NUOVA REALIZZAZIONE,Nuova realizzazione,633545.0,575950.0,5,5,1,1,4,0,1
B35E22000810006,Campania,015,065,065015,Concluso,COLLAUDO,ASILI NIDO,Concluso,1,1,1,2021-01-02,2026-04-01,2026-06-30,2021.0,1,NUOVA REALIZZAZIONE,Nuova realizzazione,355300.0,323000.0,3,2,1,1,2,0,1
B35E22001010006,Sicilia,017,089,089017,In Corso,ESECUZIONE LAVORI,SCUOLE MATERNE,Esecuzione lavori,0,0,0,2022-09-08,,2026-06-30,2022.0,0,NUOVA REALIZZAZIONE,Nuova realizzazione,1820000.0,1820000.0,1,1,1,1,0,0,1
B35E24000060001,Veneto,026,024,024026,In Corso,COLLAUDO,ASILI NIDO,Collaudo non concluso,0,1,0,2024-07-17,,2026-06-30,2024.0,0,NUOVA REALIZZAZIONE,Nuova realizzazione,1550000.0,1008000.0,12,12,1,1,11,0,1
B35E24000090006,Marche,067,041,041067,In Corso,ESECUZIONE LAVORI,ASILI NIDO,Esecuzione lavori,0,0,0,2025-03-13,,2026-03-13,2025.0,0,NUOVA REALIZZAZIONE,Nuova realizzazione,720000.0,720000.0,4,3,1,1,3,0,1
B35E24000110006,Puglia,027,072,072027,In Corso,ESECUZIONE LAVORI,ASILI NIDO,Esecuzione lavori,0,0,0,2024-05-28,,2026-08-31,2024.0,0,NUOVA REALIZZAZIONE,Nuova realizzazione,1440000.0,1440000.0,6,9,1,1,5,0,1
B35E24000120006,Puglia,027,072,072027,In Corso,ESECUZIONE LAVORI,ASILI NIDO,Esecuzione lavori,0,0,0,2024-05-28,,2026-08-31,2024.0,0,NUOVA REALIZZAZIONE,Nuova realizzazione,288000.0,288000.0,3,6,1,1,2,0,1
B35E24000140006,Lazio,086,058,058086,In Corso,Fase non disponibile,ASILI NIDO,Fase non disponibile,0,0,0,,,,,0,NUOVA REALIZZAZIONE,Nuova realizzazione,720000.0,720000.0,0,0,0,0,0,0,1
B35E24000160006,Abruzzo,004,067,067004,In Corso,COLLAUDO,ASILI NIDO,Collaudo non concluso,0,1,0,2024-09-05,,2026-06-30,2024.0,0,NUOVA REALIZZAZIONE,Nuova realizzazione,720000.0,720000.0,5,6,1,1,4,0,1
B35E25000010006,Puglia,016,073,073016,In Corso,ESECUZIONE LAVORI,ASILI NIDO,Esecuzione lavori,0,0,0,2025-08-26,,2026-09-01,2025.0,0,NUOVA REALIZZAZIONE,Nuova realizzazione,576000.0,576000.0,5,4,1,1,4,0,1
B35E25000020006,Lombardia,042,098,098042,In Corso,ESECUZIONE LAVORI,ASILI NIDO,Esecuzione lavori,0,0,0,2025-07-08,,2026-08-31,2025.0,0,NUOVA REALIZZAZIONE,Nuova realizzazione,740000.0,576000.0,1,1,1,0,0,0,1
B35E25000030006,Puglia,027,072,072027,In Corso,ESECUZIONE LAVORI,ASILI NIDO,Esecuzione lavori,0,0,0,2025-08-05,,2026-08-31,2025.0,0,NUOVA REALIZZAZIONE,Nuova realizzazione,1440000.0,1440000.0,4,5,1,1,3,0,1
B35J19000370005,Emilia-Romagna,037,035,035037,In Corso,COLLAUDO,ASILI NIDO,Collaudo non concluso,0,1,0,2020-10-08,,2026-06-30,2020.0,1,MANUTENZIONE STRAORDINARIA DI ADEGUAMENTO SISMICO,Altro,300000.0,220000.0,1,1,1,0,1,0,1
B36F22000020006,Basilicata,063,076,076063,In Corso,ESECUZIONE LAVORI,ASILI NIDO,Esecuzione lavori,0,0,0,2023-06-20,,2026-03-31,2023.0,0,DEMOLIZIONE,Demolizione/ricostruzione,688672.6,626066.0,1,0,1,1,0,0,1
B36F22000030006,Basilicata,063,076,076063,In Corso,COLLAUDO,ASILI NIDO,Collaudo non concluso,0,1,0,2023-05-01,,2026-06-30,2023.0,0,DEMOLIZIONE,Demolizione/ricostruzione,481415.84,437650.76,1,0,1,1,0,0,1
B37G22000000006,Liguria,025,010,010025,In Corso,ESECUZIONE LAVORI,SCUOLE MATERNE,Esecuzione lavori,0,0,0,2022-10-20,,2026-12-27,2022.0,0,RECUPERO,Ristrutturazione/recupero,3300000.0,2730000.0,6,8,1,1,6,2,1
B37G22000240006,Liguria,025,010,010025,In Corso,ESECUZIONE LAVORI,ASILI NIDO,Esecuzione lavori,0,0,0,2023-02-08,,2026-12-31,2023.0,0,RECUPERO,Ristrutturazione/recupero,1500000.0,845000.0,8,11,1,1,8,2,1
B37G22000250006,Liguria,025,010,010025,In Corso,ESECUZIONE LAVORI,ASILI NIDO,Esecuzione lavori,0,0,0,2023-02-08,,2026-12-31,2023.0,0,RECUPERO,Ristrutturazione/recupero,1600000.0,509600.0,10,19,1,1,10,3,1
B37G22000260006,Liguria,025,010,010025,In Corso,ESECUZIONE LAVORI,ASILI NIDO,Esecuzione lavori,0,0,0,2023-02-08,,2026-12-21,2023.0,0,RECUPERO,Ristrutturazione/recupero,2030000.0,994500.0,10,13,1,1,10,2,1
B37G24000210006,Puglia,016,073,073016,In Corso,ESECUZIONE LAVORI,ASILI NIDO,Esecuzione lavori,0,0,0,2024-06-13,,2026-09-01,2024.0,0,RECUPERO,Ristrutturazione/recupero,480000.0,480000.0,4,4,1,1,3,0,1
B37H01000100001,Lazio,086,058,058086,In Corso,ESECUZIONE LAVORI,ASILI NIDO,Esecuzione lavori,0,0,0,2022-10-07,,2026-06-30,2022.0,1,MANUTENZIONE STRAORDINARIA,Altro,2200000.0,2000000.0,8,8,1,1,7,0,1
B38H22000000006,Veneto,116,024,024116,In Corso,COLLAUDO,ASILI NIDO,Collaudo non concluso,0,1,0,2022-11-15,,2026-06-30,2022.0,0,RISTRUTTURAZIONE (PER CAMBIO DI DESTINAZIONE D'USO),Ristrutturazione/recupero,2043600.0,2043600.0,2,2,1,1,1,0,1
B38H22000520006,Campania,073,063,063073,Concluso,COLLAUDO,ASILI NIDO,Concluso,1,1,1,2022-09-08,2026-03-31,2026-12-31,2022.0,0,AMPLIAMENTO (COMPRESA SOPRAELEVAZIONE) O POTENZIAMENTO,Ampliamento,1606740.0,1606740.0,4,2,1,1,3,0,1
B38H22000530006,Abruzzo,004,067,067004,In Corso,COLLAUDO,ASILI NIDO,Collaudo non concluso,0,1,0,2022-03-25,,2026-06-30,2022.0,0,AMPLIAMENTO (COMPRESA SOPRAELEVAZIONE) O POTENZIAMENTO,Ampliamento,660000.0,600000.0,8,8,1,1,7,0,1
B38H22000590006,Lombardia,015,098,098015,In Corso,COLLAUDO,ASILI NIDO,Collaudo non concluso,0,1,0,2022-12-30,,2026-06-30,2022.0,0,AMPLIAMENTO (COMPRESA SOPRAELEVAZIONE) O POTENZIAMENTO,Ampliamento,456000.0,456000.0,2,2,1,1,1,0,1
B38H22000630006,Lombardia,204,017,017204,Concluso,COLLAUDO,ASILI NIDO,Concluso,1,1,1,2022-10-19,2023-12-07,2026-06-30,2022.0,0,AMPLIAMENTO (COMPRESA SOPRAELEVAZIONE) O POTENZIAMENTO,Ampliamento,165600.0,95480.1,7,7,1,1,6,0,1
B38H24000920006,Emilia-Romagna,045,040,040045,In Corso,COLLAUDO,ASILI NIDO,Collaudo non concluso,0,1,0,2024-09-18,,2026-06-30,2024.0,0,RISTRUTTURAZIONE (PER CAMBIO DI DESTINAZIONE D'USO),Ristrutturazione/recupero,1065000.0,580000.0,10,9,1,1,9,0,1
B38H24000950006,Calabria,054,080,080054,In Corso,ESECUZIONE LAVORI,ASILI NIDO,Esecuzione lavori,0,0,0,2024-09-24,,2026-06-30,2024.0,0,AMPLIAMENTO (COMPRESA SOPRAELEVAZIONE) O POTENZIAMENTO,Ampliamento,576000.0,576000.0,4,4,1,1,3,0,1
B38H24000960006,Calabria,012,101,101012,In Corso,Fase non disponibile,ASILI NIDO,Fase non disponibile,0,0,0,,,2026-06-30,,0,AMPLIAMENTO (COMPRESA SOPRAELEVAZIONE) O POTENZIAMENTO,Ampliamento,768000.0,768000.0,0,0,0,0,0,0,1
B38H24001030006,Liguria,045,009,009045,In Corso,ESECUZIONE LAVORI,ASILI NIDO,Esecuzione lavori,0,0,0,2024-05-15,,2026-06-30,2024.0,0,AMPLIAMENTO (COMPRESA SOPRAELEVAZIONE) O POTENZIAMENTO,Ampliamento,960000.0,960000.0,1,1,1,1,0,0,1
B38H25000560006,Basilicata,090,076,076090,In Corso,COLLAUDO,ASILI NIDO,Collaudo non concluso,0,1,0,2025-12-18,,2026-06-30,2025.0,0,RISTRUTTURAZIONE (PER CAMBIO DI DESTINAZIONE D'USO),Ristrutturazione/recupero,400000.0,400000.0,0,0,0,0,0,0,1
B38I21001990006,Lombardia,133,012,012133,Concluso,COLLAUDO,ASILI NIDO,Concluso,1,1,1,2022-09-08,2026-03-05,2025-12-31,2022.0,0,RISTRUTTURAZIONE CON EFFICIENTAMENTO ENERGETICO,Ristrutturazione/recupero,1403000.0,980000.0,11,13,1,1,10,4,1
B38I22000080006,Sicilia,056,083,083056,Concluso,COLLAUDO,ASILI NIDO,Concluso,1,1,1,2023-04-15,2025-06-19,2025-06-19,2023.0,0,RISTRUTTURAZIONE CON EFFICIENTAMENTO ENERGETICO,Ristrutturazione/recupero,289900.0,289900.0,2,2,1,1,1,0,1
B38I22000190006,Abruzzo,069,066,066069,In Corso,ESECUZIONE LAVORI,SCUOLE MATERNE,Esecuzione lavori,0,0,0,2022-11-14,,2026-06-30,2022.0,0,RISTRUTTURAZIONE CON EFFICIENTAMENTO ENERGETICO,Ristrutturazione/recupero,935168.0,935168.0,1,1,1,1,0,0,1
B38I22000230006,Lombardia,057,014,014057,Concluso,COLLAUDO,ASILI NIDO,Concluso,1,1,1,2022-02-22,2025-04-01,2026-12-31,2022.0,0,RISTRUTTURAZIONE CON EFFICIENTAMENTO ENERGETICO,Ristrutturazione/recupero,361691.0,361691.0,5,4,1,1,4,0,1
B39J21004380005,Toscana,003,047,047003,In Corso,ESECUZIONE LAVORI,SERVIZI PER L'INFANZIA,Esecuzione lavori,0,0,0,,,2025-12-31,,1,ALTRO,Altro,1050000.0,665000.0,1,1,1,1,0,0,1
B41B22000070006,Emilia-Romagna,012,039,039012,In Corso,COLLAUDO,SCUOLE MATERNE,Collaudo non concluso,0,1,0,2022-02-10,,2026-06-30,2022.0,0,NUOVA REALIZZAZIONE,Nuova realizzazione,3042423.83,3000000.0,8,8,1,1,7,0,1
B41B22001010006,Lazio,056,060,060056,In Corso,COLLAUDO,ASILI NIDO,Collaudo non concluso,0,1,0,2022-10-20,,2026-12-31,2022.0,0,NUOVA REALIZZAZIONE,Nuova realizzazione,1645600.0,1496000.0,8,9,1,1,6,0,1
B41B22001250006,Lombardia,160,017,017160,In Corso,COLLAUDO,ASILI NIDO,Collaudo non concluso,0,1,0,2022-02-04,,2026-06-30,2022.0,0,NUOVA REALIZZAZIONE,Nuova realizzazione,1042800.0,948000.0,3,4,1,1,1,0,1
B41B22001300006,Marche,005,041,041005,Concluso,COLLAUDO,SCUOLE MATERNE,Concluso,1,1,1,2022-12-30,2025-10-03,2025-12-31,2022.0,0,NUOVA REALIZZAZIONE,Nuova realizzazione,1298000.0,1180000.0,3,3,1,1,2,0,1
B42C22000070006,Lombardia,146,015,015146,In Corso,ESECUZIONE LAVORI,SCUOLE MATERNE,Esecuzione lavori,0,0,0,2022-09-08,,2026-12-31,2022.0,0,DEMOLIZIONE,Demolizione/ricostruzione,5412000.0,4920000.0,2,3,1,1,1,1,1
B42C22000220006,Veneto,064,028,028064,In Corso,COLLAUDO,SCUOLE MATERNE,Collaudo non concluso,0,1,0,2022-11-26,,2026-06-30,2022.0,0,DEMOLIZIONE,Demolizione/ricostruzione,4929828.99,4732800.0,8,10,1,1,7,4,1
B43C21000070006,Lombardia,074,015,015074,In Corso,COLLAUDO,ASILI NIDO,Collaudo non concluso,0,1,0,2022-01-10,,2026-06-30,2022.0,0,RISTRUTTURAZIONE CON EFFICIENTAMENTO ENERGETICO,Ristrutturazione/recupero,1265000.0,1150000.0,3,3,1,1,3,1,1
B43C22000010006,Trentino-Alto Adige,104,022,022104,Concluso,COLLAUDO,SCUOLE MATERNE,Concluso,1,1,1,2023-01-20,2025-05-21,2025-06-30,2023.0,0,RISTRUTTURAZIONE CON EFFICIENTAMENTO ENERGETICO,Ristrutturazione/recupero,1230000.0,1100000.0,7,7,1,1,6,0,1
B43C24000400006,Abruzzo,030,068,068030,In Corso,COLLAUDO,ASILI NIDO,Collaudo non concluso,0,1,0,2024-08-01,,2026-06-30,2024.0,0,RISTRUTTURAZIONE CON EFFICIENTAMENTO ENERGETICO,Ristrutturazione/recupero,576000.0,576000.0,5,6,1,1,4,0,1
B44E22000110006,Liguria,017,010,010017,Concluso,COLLAUDO,ASILI NIDO,Concluso,1,1,1,2023-05-02,2023-12-19,2023-12-31,2023.0,0,AMPLIAMENTO (COMPRESA SOPRAELEVAZIONE) O POTENZIAMENTO,Ampliamento,135000.0,135000.0,2,2,1,1,1,0,1
B45E21002520006,Abruzzo,007,066,066007,In Corso,ESECUZIONE LAVORI,ASILI NIDO,Esecuzione lavori,0,0,0,2022-12-12,,2026-06-30,2022.0,0,NUOVA REALIZZAZIONE,Nuova realizzazione,659664.14,600000.0,3,2,1,1,2,0,1
B45E21002530006,Lombardia,074,015,015074,In Corso,COLLAUDO,ASILI NIDO,Collaudo non concluso,0,1,0,2022-12-14,,2026-06-30,2022.0,0,NUOVA REALIZZAZIONE,Nuova realizzazione,2666400.0,2424000.0,9,9,1,1,9,1,1
B45E22000010006,Emilia-Romagna,061,037,037061,In Corso,COLLAUDO,ASILI NIDO,Collaudo non concluso,0,1,0,2022-09-08,,2026-06-30,2022.0,0,NUOVA REALIZZAZIONE,Nuova realizzazione,585200.0,517000.0,7,8,1,1,5,0,1
B45E22000030006,Puglia,022,075,075022,In Corso,ESECUZIONE LAVORI,ASILI NIDO,Esecuzione lavori,0,0,0,2022-12-14,,2026-08-31,2022.0,0,NUOVA REALIZZAZIONE,Nuova realizzazione,2150000.0,2150000.0,5,6,1,1,3,0,1
B45E22000050006,Calabria,012,079,079012,In Corso,ESECUZIONE LAVORI,SCUOLE MATERNE,Esecuzione lavori,0,0,0,2022-12-01,,2026-08-31,2022.0,0,NUOVA REALIZZAZIONE,Nuova realizzazione,1085700.0,987000.0,4,2,1,1,2,1,1
B45E22000080006,Campania,018,064,064018,In Corso,ESECUZIONE LAVORI,ASILI NIDO,Esecuzione lavori,0,0,0,2022-03-30,,2026-08-30,2022.0,0,NUOVA REALIZZAZIONE,Nuova realizzazione,1503742.61,1503742.61,7,4,1,1,6,0,1
B45E22000090006,Sardegna,051,090,090051,In Corso,ESECUZIONE LAVORI,ASILI NIDO,Esecuzione lavori,0,0,0,2022-10-19,,2026-01-30,2022.0,0,NUOVA REALIZZAZIONE,Nuova realizzazione,360000.0,360000.0,2,3,1,1,1,0,1
B45E22000130006,Basilicata,046,076,076046,In Corso,COLLAUDO,SCUOLE MATERNE,Collaudo non concluso,0,1,0,2023-03-31,,2026-06-30,2023.0,0,NUOVA REALIZZAZIONE,Nuova realizzazione,1919500.0,1745000.0,6,6,1,1,5,0,1
B45E22000180006,Puglia,022,075,075022,In Corso,ESECUZIONE LAVORI,SCUOLE MATERNE,Esecuzione lavori,0,0,0,2022-12-14,,2026-08-31,2022.0,0,NUOVA REALIZZAZIONE,Nuova realizzazione,3108332.7,3108332.7,6,4,1,1,4,0,1
B45E22000190001,Campania,002,063,063002,In Corso,COLLAUDO,SCUOLE MATERNE,Collaudo non concluso,0,1,0,2022-09-08,,2026-06-30,2022.0,0,NUOVA REALIZZAZIONE,Nuova realizzazione,3960000.0,3600000.0,2,2,1,1,1,0,1
B45E22000200006,Basilicata,046,076,076046,In Corso,COLLAUDO,ASILI NIDO,Collaudo non concluso,0,1,0,2023-05-15,,2026-06-30,2023.0,0,NUOVA REALIZZAZIONE,Nuova realizzazione,1083500.0,985000.0,8,8,1,1,7,0,1
B45E22000280006,Puglia,015,074,074015,In Corso,COLLAUDO,ASILI NIDO,Collaudo non concluso,0,1,0,2022-10-24,,2026-06-30,2022.0,0,NUOVA REALIZZAZIONE,Nuova realizzazione,1100000.0,1000000.0,14,17,1,1,13,0,1
B45E22000300006,Lazio,105,058,058105,Concluso,COLLAUDO,ASILI NIDO,Concluso,1,1,1,2022-09-08,2025-11-10,2025-11-10,2022.0,0,NUOVA REALIZZAZIONE,Nuova realizzazione,881073.6,800976.0,5,4,1,1,4,0,1
B45E22000320006,Veneto,064,028,028064,In Corso,COLLAUDO,SCUOLE MATERNE,Collaudo non concluso,0,1,0,2022-11-26,,2026-06-30,2022.0,0,NUOVA REALIZZAZIONE,Nuova realizzazione,1093928.67,996000.0,8,9,1,1,7,4,1
B45E22000330006,Abruzzo,088,066,066088,In Corso,ESECUZIONE LAVORI,ASILI NIDO,Esecuzione lavori,0,0,0,2022-09-08,,2026-06-30,2022.0,0,NUOVA REALIZZAZIONE,Nuova realizzazione,923998.0,923998.0,2,2,1,1,1,0,1
B45E22000340006,Campania,002,063,063002,In Corso,COLLAUDO,ASILI NIDO,Collaudo non concluso,0,1,0,2023-05-12,,2026-06-30,2023.0,0,NUOVA REALIZZAZIONE,Nuova realizzazione,1584000.0,1440000.0,2,2,1,1,1,0,1
B45E22000350006,Campania,002,063,063002,In Corso,COLLAUDO,ASILI NIDO,Collaudo non concluso,0,1,0,2023-01-10,,2026-06-30,2023.0,0,NUOVA REALIZZAZIONE,Nuova realizzazione,1584000.0,1440000.0,1,1,1,1,0,0,1
B45E24000260006,Campania,087,061,061087,In Corso,COLLAUDO/REGOLARE ESECUZIONE,ASILI NIDO,Collaudo non concluso,0,1,0,,,2026-06-30,,0,NUOVA REALIZZAZIONE,Nuova realizzazione,1008000.0,1008000.0,5,4,1,1,3,0,1
B45E24000270006,Puglia,006,074,074006,In Corso,ESECUZIONE LAVORI,ASILI NIDO,Esecuzione lavori,0,0,0,2024-10-03,,2026-06-30,2024.0,0,NUOVA REALIZZAZIONE,Nuova realizzazione,576000.0,576000.0,4,4,1,1,3,0,1
B45E24000280006,Calabria,012,079,079012,In Corso,COLLAUDO,ASILI NIDO,Collaudo non concluso,0,1,0,2024-09-05,,2026-06-30,2024.0,0,NUOVA REALIZZAZIONE,Nuova realizzazione,576000.0,576000.0,5,5,1,1,4,0,1
B45E24000300001,Veneto,002,023,023002,In Corso,COLLAUDO,ASILI NIDO,Collaudo non concluso,0,1,0,2024-04-30,,2026-06-30,2024.0,0,NUOVA REALIZZAZIONE,Nuova realizzazione,840000.0,480000.0,1,1,1,1,0,0,1
B45E24000310006,Abruzzo,032,067,067032,In Corso,COLLAUDO,ASILI NIDO,Collaudo non concluso,0,1,0,2024-09-05,,2026-06-30,2024.0,0,NUOVA REALIZZAZIONE,Nuova realizzazione,672000.0,672000.0,7,7,1,1,6,0,1
B45E24000320006,Campania,016,065,065016,In Corso,ESECUZIONE LAVORI,ASILI NIDO,Esecuzione lavori,0,0,0,2024-09-05,,2026-12-31,2024.0,0,NUOVA REALIZZAZIONE,Nuova realizzazione,576000.0,576000.0,5,5,1,1,4,0,1
B45E25000020006,Puglia,006,074,074006,In Corso,ESECUZIONE LAVORI,ASILI NIDO,Esecuzione lavori,0,0,0,2025-07-30,,2026-06-30,2025.0,0,NUOVA REALIZZAZIONE,Nuova realizzazione,576000.0,576000.0,4,4,1,1,3,0,1
B45E25000030006,Sicilia,006,086,086006,In Corso,ESECUZIONE LAVORI,ASILI NIDO,Esecuzione lavori,0,0,0,2025-07-30,,2026-06-30,2025.0,0,NUOVA REALIZZAZIONE,Nuova realizzazione,480000.0,480000.0,3,2,1,1,1,0,1
B45E25000040006,Campania,018,064,064018,In Corso,Fase non disponibile,ASILI NIDO,Fase non disponibile,0,0,0,,,,,0,NUOVA REALIZZAZIONE,Nuova realizzazione,480000.0,480000.0,0,0,0,0,0,0,1
B45E25000050006,Campania,002,063,063002,In Corso,Fase non disponibile,ASILI NIDO,Fase non disponibile,0,0,0,,,,,0,NUOVA REALIZZAZIONE,Nuova realizzazione,2880000.0,2880000.0,0,0,0,0,0,0,1
B45E25000060006,Calabria,012,079,079012,In Corso,COLLAUDO,ASILI NIDO,Collaudo non concluso,0,1,0,2025-08-22,,2026-06-30,2025.0,0,NUOVA REALIZZAZIONE,Nuova realizzazione,576000.0,576000.0,4,4,1,1,3,0,1
B45E25000070006,Campania,087,061,061087,In Corso,Fase non disponibile,ASILI NIDO,Fase non disponibile,0,0,0,,,,,0,NUOVA REALIZZAZIONE,Nuova realizzazione,864000.0,864000.0,1,1,1,1,0,0,1
B45E25000150006,Calabria,046,080,080046,In Corso,ESECUZIONE LAVORI,ASILI NIDO,Esecuzione lavori,0,0,0,2025-03-17,,2026-08-31,2025.0,0,NUOVA REALIZZAZIONE,Nuova realizzazione,576000.0,576000.0,6,5,1,1,5,0,1
B45E25000180006,Lombardia,052,098,098052,In Corso,COLLAUDO,ASILI NIDO,Collaudo non concluso,0,1,0,2025-10-11,,2026-06-30,2025.0,0,NUOVA REALIZZAZIONE,Nuova realizzazione,792225.0,600000.0,2,2,1,1,1,0,1
B46F22000000006,Abruzzo,091,069,069091,In Corso,ESECUZIONE LAVORI,ASILI NIDO,Esecuzione lavori,0,0,0,2022-12-30,,2026-08-31,2022.0,0,DEMOLIZIONE,Demolizione/ricostruzione,1108800.0,1008000.0,5,1,1,1,4,0,1
B47G22000110006,Lazio,105,058,058105,In Corso,ESECUZIONE LAVORI,ASILI NIDO,Esecuzione lavori,0,0,0,2022-09-08,,2026-12-31,2022.0,0,RECUPERO,Ristrutturazione/recupero,257943.4,234494.0,2,2,1,1,1,0,1
B47G24000130006,Abruzzo,025,066,066025,In Corso,ESECUZIONE LAVORI,ASILI NIDO,Esecuzione lavori,0,0,0,2024-08-22,,2026-12-31,2024.0,0,RECUPERO,Ristrutturazione/recupero,400000.0,400000.0,2,2,1,1,1,0,1
B47G25000110006,Puglia,006,074,074006,In Corso,ESECUZIONE LAVORI,ASILI NIDO,Esecuzione lavori,0,0,0,2025-08-02,,2026-06-30,2025.0,0,RECUPERO,Ristrutturazione/recupero,1200000.0,1200000.0,2,2,1,1,1,0,1
B48E25000070001,Molise,022,094,094022,In Corso,COLLAUDO,"ALTRE STRUTTURE/INFRASTRUTTURE PER LA PROTEZIONE, VALORIZZAZIONE E FRUIZIONE AMBIENTALE",Collaudo non concluso,0,1,0,2025-08-01,,2026-06-30,2025.0,0,MANUTENZIONE STRAORDINARIA PER DISSESTO IDROGEOLOGICO,Altro,1080000.0,1080000.0,5,5,1,0,5,0,1
B48H21000170006,Lombardia,025,098,098025,In Corso,COLLAUDO,ASILI NIDO,Collaudo non concluso,0,1,0,2022-12-15,,2025-07-15,2022.0,0,AMPLIAMENTO (COMPRESA SOPRAELEVAZIONE) O POTENZIAMENTO,Ampliamento,554400.0,504000.0,9,19,1,1,8,0,1
B48H22000000006,Emilia-Romagna,061,037,037061,Concluso,COLLAUDO,ASILI NIDO,Concluso,1,1,1,2022-09-22,2025-09-15,2025-09-15,2022.0,0,AMPLIAMENTO (COMPRESA SOPRAELEVAZIONE) O POTENZIAMENTO,Ampliamento,617000.0,412000.0,6,6,1,1,5,0,1
B48H22000020001,Campania,002,063,063002,In Corso,COLLAUDO,SCUOLE MATERNE,Collaudo non concluso,0,1,0,2022-09-08,,2026-06-30,2022.0,0,AMPLIAMENTO (COMPRESA SOPRAELEVAZIONE) O POTENZIAMENTO,Ampliamento,792000.0,720000.0,1,2,1,1,0,0,1
B48H22000220006,Emilia-Romagna,061,037,037061,Concluso,COLLAUDO,ASILI NIDO,Concluso,1,1,1,2022-09-08,2025-10-01,2025-10-01,2022.0,0,AMPLIAMENTO (COMPRESA SOPRAELEVAZIONE) O POTENZIAMENTO,Ampliamento,516000.0,360000.0,6,6,1,1,5,0,1
B48H24000600001,Lombardia,191,015,015191,In Corso,COLLAUDO,ASILI NIDO,Collaudo non concluso,0,1,0,2024-07-31,,2026-06-30,2024.0,0,AMPLIAMENTO (COMPRESA SOPRAELEVAZIONE) O POTENZIAMENTO,Ampliamento,960000.0,480000.0,2,2,1,0,2,1,1
B48H24000610006,Lazio,015,058,058015,In Corso,COLLAUDO,ASILI NIDO,Collaudo non concluso,0,1,0,2024-08-14,,2026-06-30,2024.0,0,RISTRUTTURAZIONE (PER CAMBIO DI DESTINAZIONE D'USO),Ristrutturazione/recupero,720000.0,720000.0,2,2,1,1,1,0,1
B48H25000440006,Campania,151,065,065151,In Corso,ESECUZIONE LAVORI,ASILI NIDO,Esecuzione lavori,0,0,0,2025-07-16,,2026-06-24,2025.0,0,RISTRUTTURAZIONE (PER CAMBIO DI DESTINAZIONE D'USO),Ristrutturazione/recupero,480000.0,480000.0,3,4,1,1,2,0,1
B48H25000450006,Sicilia,017,085,085017,In Corso,ESECUZIONE LAVORI,ASILI NIDO,Esecuzione lavori,0,0,0,2025-09-23,,2026-06-30,2025.0,0,RISTRUTTURAZIONE (PER CAMBIO DI DESTINAZIONE D'USO),Ristrutturazione/recupero,421793.63,400000.0,4,4,1,1,3,0,1
B48H25000510006,Abruzzo,030,068,068030,In Corso,COLLAUDO,ASILI NIDO,Collaudo non concluso,0,1,0,2025-09-02,,2026-06-30,2025.0,0,RISTRUTTURAZIONE (PER CAMBIO DI DESTINAZIONE D'USO),Ristrutturazione/recupero,480000.0,480000.0,5,5,1,1,4,0,1
B48H25000790006,Molise,043,070,070043,In Corso,ESECUZIONE LAVORI,ASILI NIDO,Esecuzione lavori,0,0,0,,,,,0,RISTRUTTURAZIONE (PER CAMBIO DI DESTINAZIONE D'USO),Ristrutturazione/recupero,320000.0,320000.0,2,2,1,1,1,0,1
B49J21002020001,Puglia,021,071,071021,In Corso,COLLAUDO,ALTRE STRUTTURE SOCIALI,Collaudo non concluso,0,1,0,2022-10-11,,2026-06-30,2022.0,1,MANUTENZIONE STRAORDINARIA CON EFFICIENTAMENTO ENERGETICO,Altro,1054140.38,958309.44,3,3,1,1,2,1,1
B51B21001430005,Lombardia,058,019,019058,Concluso,COLLAUDO,ASILI NIDO,Concluso,1,1,1,2021-03-23,2025-05-31,2025-05-31,2021.0,1,NUOVA REALIZZAZIONE,Nuova realizzazione,810200.0,702000.0,2,7,1,1,1,0,1
B51B21001570001,Abruzzo,038,069,069038,In Corso,COLLAUDO,ALTRE INFRASTRUTTURE,Collaudo non concluso,0,1,0,2023-05-23,,2026-06-30,2023.0,1,MANUTENZIONE STRAORDINARIA DI ADEGUAMENTO SISMICO,Altro,367400.0,334000.0,1,1,1,1,0,0,1
B51B21001730001,Campania,109,064,064109,In Corso,COLLAUDO,ALTRE INFRASTRUTTURE,Collaudo non concluso,0,1,0,2022-04-26,,2026-06-30,2022.0,1,NUOVA REALIZZAZIONE,Nuova realizzazione,3136993.74,2851812.49,8,8,1,1,7,0,1
B51B21007660006,Campania,012,063,063012,In Corso,COLLAUDO,SCUOLE MATERNE,Collaudo non concluso,0,1,0,2022-09-08,,2026-06-30,2022.0,0,NUOVA REALIZZAZIONE,Nuova realizzazione,3630000.0,3300000.0,10,5,1,1,10,1,1
B51B22000610006,Sicilia,006,082,082006,In Corso,ESECUZIONE LAVORI,SCUOLE MATERNE,Esecuzione lavori,0,0,0,2022-09-08,,2026-06-30,2022.0,0,NUOVA REALIZZAZIONE,Nuova realizzazione,3432000.0,3120000.0,5,2,1,1,3,1,1
B51B22000690006,Abruzzo,013,068,068013,In Corso,ESECUZIONE LAVORI,ASILI NIDO,Esecuzione lavori,0,0,0,2021-12-23,,2026-06-30,2021.0,0,NUOVA REALIZZAZIONE,Nuova realizzazione,960000.0,800000.0,8,8,1,1,7,0,1
B51B22000830006,Lombardia,023,014,014023,Concluso,COLLAUDO,ASILI NIDO,Concluso,1,1,1,2022-11-14,2025-03-14,2025-12-31,2022.0,0,NUOVA REALIZZAZIONE,Nuova realizzazione,550000.0,500000.0,6,6,1,1,5,0,1
B53C21000520006,Lombardia,100,016,016100,In Corso,COLLAUDO,ASILI NIDO,Collaudo non concluso,0,1,0,2023-06-05,,2026-06-30,2023.0,0,RISTRUTTURAZIONE CON EFFICIENTAMENTO ENERGETICO,Ristrutturazione/recupero,368500.0,335000.0,2,2,1,1,1,0,1
B53C22000650006,Lombardia,038,020,020038,In Corso,ESECUZIONE LAVORI,ASILI NIDO,Esecuzione lavori,0,0,0,2022-11-22,,2026-06-30,2022.0,0,RISTRUTTURAZIONE CON EFFICIENTAMENTO ENERGETICO,Ristrutturazione/recupero,1678400.0,1418400.0,6,6,1,1,6,1,1
B53D21000990001,Calabria,030,102,102030,In Corso,ESECUZIONE LAVORI,SERVIZI PER L'INFANZIA,Esecuzione lavori,0,0,0,2021-05-17,,2026-06-30,2021.0,1,RECUPERO,Ristrutturazione/recupero,1200000.0,1128000.0,5,8,1,1,3,0,1
B54D22000530006,Sicilia,032,087,087032,In Corso,COLLAUDO,ASILI NIDO,Collaudo non concluso,0,1,0,2022-12-14,,2026-06-30,2022.0,0,MANUTENZIONE STRAORDINARIA CON EFFICIENTAMENTO ENERGETICO,Altro,480000.0,480000.0,2,2,1,1,1,0,1
B54E21001740005,Emilia-Romagna,014,034,034014,In Corso,COLLAUDO,SCUOLE MATERNE,Collaudo non concluso,0,1,0,2021-08-02,,2026-06-30,2021.0,1,AMPLIAMENTO (COMPRESA SOPRAELEVAZIONE) O POTENZIAMENTO,Ampliamento,1400000.0,1000000.0,9,9,1,1,9,1,1
B54E21011590006,Emilia-Romagna,007,033,033007,In Corso,COLLAUDO,ASILI NIDO,Collaudo non concluso,0,1,0,2023-01-25,,2026-06-30,2023.0,0,RISTRUTTURAZIONE (PER CAMBIO DI DESTINAZIONE D'USO),Ristrutturazione/recupero,1407878.54,1160900.0,6,14,1,1,6,1,1
B54E22000060006,Emilia-Romagna,014,034,034014,In Corso,ESECUZIONE LAVORI,ASILI NIDO,Esecuzione lavori,0,0,0,2022-10-24,,2026-06-30,2022.0,0,AMPLIAMENTO (COMPRESA SOPRAELEVAZIONE) O POTENZIAMENTO,Ampliamento,2400000.0,850000.0,11,10,1,1,11,1,1
B55E22000040006,Lazio,052,058,058052,In Corso,COLLAUDO,SCUOLE MATERNE,Collaudo non concluso,0,1,0,2022-09-08,,2026-06-30,2022.0,0,NUOVA REALIZZAZIONE,Nuova realizzazione,490486.34,445896.67,3,3,1,1,2,0,1
B55E22000070006,Campania,109,064,064109,In Corso,ESECUZIONE LAVORI,SCUOLE MATERNE,Esecuzione lavori,0,0,0,2023-01-20,,2026-12-31,2023.0,0,NUOVA REALIZZAZIONE,Nuova realizzazione,2013000.0,1830000.0,3,3,1,1,2,0,1
B55E22000100006,Basilicata,056,076,076056,In Corso,COLLAUDO,SCUOLE MATERNE,Collaudo non concluso,0,1,0,2023-03-09,,2026-06-30,2023.0,0,NUOVA REALIZZAZIONE,Nuova realizzazione,1577056.8,1433688.0,4,2,1,1,3,0,1
B55E22000140006,Lazio,043,058,058043,In Corso,ESECUZIONE LAVORI,ASILI NIDO,Esecuzione lavori,0,0,0,2023-04-06,,2026-06-30,2023.0,0,NUOVA REALIZZAZIONE,Nuova realizzazione,1846500.0,1846500.0,10,10,1,1,9,0,1
B55E22000160006,Friuli-Venezia Giulia,033,093,093033,In Corso,COLLAUDO,ASILI NIDO,Collaudo non concluso,0,1,0,2022-09-08,,2026-06-30,2022.0,0,NUOVA REALIZZAZIONE,Nuova realizzazione,2497305.0,1491840.0,12,12,1,1,11,0,1
B55E22000190006,Calabria,139,079,079139,In Corso,COLLAUDO,ASILI NIDO,Collaudo non concluso,0,1,0,2023-03-17,,2026-05-31,2023.0,0,NUOVA REALIZZAZIONE,Nuova realizzazione,537355.06,532820.04,6,4,1,1,5,0,1
B55E22000210006,Umbria,044,054,054044,In Corso,COLLAUDO,ASILI NIDO,Collaudo non concluso,0,1,0,2022-12-05,,2026-08-28,2022.0,0,NUOVA REALIZZAZIONE,Nuova realizzazione,2400000.0,2400000.0,6,6,1,1,4,0,1
B55E22000350006,Lazio,021,060,060021,In Corso,ESECUZIONE LAVORI,ASILI NIDO,Esecuzione lavori,0,0,0,2022-12-14,,2026-07-30,2022.0,0,NUOVA REALIZZAZIONE,Nuova realizzazione,1320000.0,1200000.0,5,5,1,1,4,0,1
B55E22000360006,Lazio,012,060,060012,Concluso,COLLAUDO,ASILI NIDO,Concluso,1,1,1,2022-11-14,2025-11-13,2026-06-30,2022.0,0,NUOVA REALIZZAZIONE,Nuova realizzazione,979080.3,890073.0,4,4,1,1,3,0,1
B55E22000390006,Campania,012,063,063012,In Corso,COLLAUDO,ASILI NIDO,Collaudo non concluso,0,1,0,2022-09-08,,2026-06-30,2022.0,0,NUOVA REALIZZAZIONE,Nuova realizzazione,1133990.0,1030900.0,9,5,1,1,9,1,1
B55E24000070006,Campania,017,065,065017,In Corso,ESECUZIONE LAVORI,ASILI NIDO,Esecuzione lavori,0,0,0,2024-12-10,,2026-06-30,2024.0,0,NUOVA REALIZZAZIONE,Nuova realizzazione,672000.0,672000.0,6,6,1,1,5,0,1
B55E25000030006,Lazio,047,056,056047,In Corso,COLLAUDO,ASILI NIDO,Collaudo non concluso,0,1,0,2025-09-25,,2026-09-30,2025.0,0,NUOVA REALIZZAZIONE,Nuova realizzazione,720000.0,720000.0,2,1,1,0,1,0,1
B55E25000040006,Calabria,139,079,079139,In Corso,COLLAUDO,ASILI NIDO,Collaudo non concluso,0,1,0,2025-08-12,,2026-06-30,2025.0,0,NUOVA REALIZZAZIONE,Nuova realizzazione,576000.0,576000.0,3,3,1,1,2,0,1
B55E25000050006,Campania,017,065,065017,In Corso,COLLAUDO,ASILI NIDO,Collaudo non concluso,0,1,0,2025-09-29,,2026-06-30,2025.0,0,NUOVA REALIZZAZIONE,Nuova realizzazione,576000.0,576000.0,7,8,1,1,6,1,1
B55E25000090006,Lombardia,244,016,016244,In Corso,COLLAUDO,ASILI NIDO,Collaudo non concluso,0,1,0,2025-08-12,,2026-06-30,2025.0,0,NUOVA REALIZZAZIONE,Nuova realizzazione,890000.0,480000.0,0,0,0,0,0,0,1
B56F22000000006,Campania,109,064,064109,In Corso,ESECUZIONE LAVORI,ASILI NIDO,Esecuzione lavori,0,0,0,2023-01-12,,2026-12-31,2023.0,0,NUOVA REALIZZAZIONE,Nuova realizzazione,990000.0,900000.0,5,3,1,1,4,0,1
B56F22000200006,Veneto,065,028,028065,Concluso,COLLAUDO,ASILI NIDO,Concluso,1,1,1,2022-11-25,2025-09-04,2025-12-31,2022.0,0,DEMOLIZIONE,Demolizione/ricostruzione,2810320.0,1903200.0,10,10,1,1,9,0,1
B56F24000130006,Sicilia,006,082,082006,In Corso,ESECUZIONE LAVORI,ASILI NIDO,Esecuzione lavori,0,0,0,2024-04-30,,2026-05-31,2024.0,0,DEMOLIZIONE,Demolizione/ricostruzione,3655000.0,3024000.0,5,5,1,1,4,0,1
B58H23012430006,Sicilia,016,086,086016,In Corso,ESECUZIONE LAVORI,ASILI NIDO,Esecuzione lavori,0,0,0,2024-10-21,,2026-06-30,2024.0,0,RISTRUTTURAZIONE (PER CAMBIO DI DESTINAZIONE D'USO),Ristrutturazione/recupero,540000.0,540000.0,1,1,1,1,0,0,1
B58H24000940006,Campania,080,065,065080,In Corso,Fase non disponibile,SCUOLE MATERNE,Fase non disponibile,0,0,0,,,,,0,AMPLIAMENTO (COMPRESA SOPRAELEVAZIONE) O POTENZIAMENTO,Ampliamento,560000.0,560000.0,0,0,0,0,0,0,1
B58H24011670006,Liguria,016,011,011016,In Corso,ESECUZIONE LAVORI,ASILI NIDO,Esecuzione lavori,0,0,0,2025-06-11,,2026-12-31,2025.0,0,RISTRUTTURAZIONE (PER CAMBIO DI DESTINAZIONE D'USO),Ristrutturazione/recupero,383270.17,340000.0,5,5,1,1,4,0,1
B58H25000530006,Calabria,014,101,101014,In Corso,COLLAUDO,ASILI NIDO,Collaudo non concluso,0,1,0,2025-07-08,,2026-06-30,2025.0,0,AMPLIAMENTO (COMPRESA SOPRAELEVAZIONE) O POTENZIAMENTO,Ampliamento,360000.0,360000.0,5,5,1,1,4,0,1
B58H25000540006,Campania,080,065,065080,In Corso,Fase non disponibile,ASILI NIDO,Fase non disponibile,0,0,0,,,,,0,AMPLIAMENTO (COMPRESA SOPRAELEVAZIONE) O POTENZIAMENTO,Ampliamento,576000.0,576000.0,0,0,0,0,0,0,1
B58H25000550006,Basilicata,018,077,077018,In Corso,COLLAUDO,ASILI NIDO,Collaudo non concluso,0,1,0,2025-09-30,,2026-06-30,2025.0,0,AMPLIAMENTO (COMPRESA SOPRAELEVAZIONE) O POTENZIAMENTO,Ampliamento,360000.0,360000.0,5,5,1,1,4,0,1
B61B21001450005,Marche,014,042,042014,In Corso,ESECUZIONE LAVORI,SCUOLE MATERNE,Esecuzione lavori,0,0,0,2016-03-17,,2026-03-31,2016.0,1,NUOVA REALIZZAZIONE,Nuova realizzazione,2996558.8,1965588.0,2,3,1,1,1,0,1
B61B21001480001,Puglia,006,075,075006,In Corso,ESECUZIONE LAVORI,ASILI NIDO,Esecuzione lavori,0,0,0,2022-08-18,,2026-06-30,2022.0,1,NUOVA REALIZZAZIONE,Nuova realizzazione,3080000.0,2800000.0,3,3,1,1,2,0,1
B61B21001530005,Umbria,007,055,055007,In Corso,COLLAUDO,"EDIFICI SOCIALI, CULTURALI E ASSISTENZIALI",Collaudo non concluso,0,1,0,2021-01-29,,2026-06-30,2021.0,1,NUOVA REALIZZAZIONE,Nuova realizzazione,617000.0,239700.0,3,3,1,1,2,0,1
B61B22000760006,Campania,049,063,063049,In Corso,COLLAUDO,SCUOLE MATERNE,Collaudo non concluso,0,1,0,2022-02-08,,2026-06-30,2022.0,0,NUOVA REALIZZAZIONE,Nuova realizzazione,3583493.15,3088243.62,3,2,1,1,3,1,1
B61B22000770006,Campania,049,063,063049,In Corso,COLLAUDO,SCUOLE MATERNE,Collaudo non concluso,0,1,0,2021-12-01,,2026-06-30,2021.0,0,NUOVA REALIZZAZIONE,Nuova realizzazione,1494073.6,1222887.21,3,2,1,1,3,1,1
B61B22000810006,Campania,049,063,063049,In Corso,ESECUZIONE LAVORI,ASILI NIDO,Esecuzione lavori,0,0,0,2022-09-08,,2026-06-30,2022.0,0,NUOVA REALIZZAZIONE,Nuova realizzazione,5484261.26,4763432.14,2,3,1,1,2,1,1
B61B22000820006,Campania,049,063,063049,In Corso,COLLAUDO,SCUOLE MATERNE,Collaudo non concluso,0,1,0,2022-08-27,,2026-06-30,2022.0,0,NUOVA REALIZZAZIONE,Nuova realizzazione,2111892.8,1803400.0,3,4,1,1,2,1,1
B61B22000900006,Puglia,006,075,075006,In Corso,ESECUZIONE LAVORI,SCUOLE MATERNE,Esecuzione lavori,0,0,0,2023-01-01,,2025-12-31,2023.0,0,NUOVA REALIZZAZIONE,Nuova realizzazione,2032800.0,1848000.0,5,3,1,1,4,0,1
B61B22000910006,Puglia,033,075,075033,In Corso,COLLAUDO,ASILI NIDO,Collaudo non concluso,0,1,0,2022-11-15,,2026-06-30,2022.0,0,NUOVA REALIZZAZIONE,Nuova realizzazione,840000.0,840000.0,7,7,1,1,6,0,1
B63C22000020006,Basilicata,066,076,076066,In Corso,ESECUZIONE LAVORI,ASILI NIDO,Esecuzione lavori,0,0,0,2023-01-23,,2026-06-30,2023.0,0,RISTRUTTURAZIONE CON EFFICIENTAMENTO ENERGETICO,Ristrutturazione/recupero,1310000.0,941339.0,4,2,1,1,3,0,1
B63C22000280006,Veneto,076,023,023076,In Corso,COLLAUDO,ASILI NIDO,Collaudo non concluso,0,1,0,2022-09-08,,2026-06-30,2022.0,0,RISTRUTTURAZIONE CON EFFICIENTAMENTO ENERGETICO,Ristrutturazione/recupero,1090140.35,991036.68,3,3,1,1,3,1,1
B63C22000290006,Campania,049,063,063049,In Corso,ESECUZIONE LAVORI,ASILI NIDO,Esecuzione lavori,0,0,0,2022-09-08,,2026-06-30,2022.0,0,RISTRUTTURAZIONE CON EFFICIENTAMENTO ENERGETICO,Ristrutturazione/recupero,2730454.47,2202704.72,2,7,1,1,2,1,1
B63C22000300006,Campania,049,063,063049,In Corso,ESECUZIONE LAVORI,ASILI NIDO,Esecuzione lavori,0,0,0,2022-09-08,,2026-06-30,2022.0,0,RISTRUTTURAZIONE CON EFFICIENTAMENTO ENERGETICO,Ristrutturazione/recupero,1177059.12,1089869.56,2,8,1,1,2,1,1
B63C22000350006,Campania,049,063,063049,In Corso,ESECUZIONE LAVORI,ASILI NIDO,Esecuzione lavori,0,0,0,2022-09-08,,2026-06-30,2022.0,0,RISTRUTTURAZIONE CON EFFICIENTAMENTO ENERGETICO,Ristrutturazione/recupero,2451236.11,1986598.38,2,3,1,1,2,1,1
B63D22000310001,Lombardia,189,017,017189,Concluso,COLLAUDO,ASILI NIDO,Concluso,1,1,1,2022-01-22,2024-03-12,2024-03-12,2022.0,0,RECUPERO,Ristrutturazione/recupero,500000.0,334000.0,4,2,1,1,3,0,1
B64D22000510001,Calabria,040,102,102040,In Corso,ESECUZIONE LAVORI,ASILI NIDO,Esecuzione lavori,0,0,0,2023-02-27,,2026-06-30,2023.0,0,MANUTENZIONE STRAORDINARIA CON EFFICIENTAMENTO ENERGETICO,Altro,495859.95,495859.95,6,3,1,1,4,0,1
B64E22000050006,Molise,081,070,070081,In Corso,COLLAUDO,SCUOLE MATERNE,Collaudo non concluso,0,1,0,2022-12-02,,2025-12-31,2022.0,0,AMPLIAMENTO (COMPRESA SOPRAELEVAZIONE) O POTENZIAMENTO,Ampliamento,587079.73,511200.0,5,1,1,1,4,0,1
B65E21002560006,Calabria,097,078,078097,In Corso,COLLAUDO,SCUOLE MATERNE,Collaudo non concluso,0,1,0,2022-01-10,,2026-06-30,2022.0,0,NUOVA REALIZZAZIONE,Nuova realizzazione,913338.49,913338.49,7,4,1,1,6,0,1
B65E22000010006,Liguria,017,011,011017,In Corso,COLLAUDO,SCUOLE MATERNE,Collaudo non concluso,0,1,0,2022-09-08,,2026-06-30,2022.0,0,NUOVA REALIZZAZIONE,Nuova realizzazione,2359098.02,1651433.0,7,4,1,1,6,0,1
B65E22000040006,Lazio,055,057,057055,In Corso,ESECUZIONE LAVORI,ASILI NIDO,Esecuzione lavori,0,0,0,2022-10-26,,2026-06-30,2022.0,0,NUOVA REALIZZAZIONE,Nuova realizzazione,885600.0,820000.0,3,2,1,1,2,0,1
B65E22000100006,Molise,081,070,070081,In Corso,COLLAUDO,ASILI NIDO,Collaudo non concluso,0,1,0,2022-11-17,,2026-06-30,2022.0,0,NUOVA REALIZZAZIONE,Nuova realizzazione,1226500.0,1115000.0,5,2,1,1,4,0,1
B65E22000130006,Calabria,097,078,078097,In Corso,ESECUZIONE LAVORI,ASILI NIDO,Esecuzione lavori,0,0,0,2022-01-10,,2026-07-30,2022.0,0,NUOVA REALIZZAZIONE,Nuova realizzazione,897423.0,897423.0,8,5,1,1,7,0,1
B65E22000210006,Emilia-Romagna,025,038,038025,In Corso,COLLAUDO,ASILI NIDO,Collaudo non concluso,0,1,0,2022-10-26,,2026-06-30,2022.0,0,NUOVA REALIZZAZIONE,Nuova realizzazione,744000.0,744000.0,4,4,1,1,4,1,1
B65E22000220006,Calabria,142,078,078142,In Corso,COLLAUDO,ASILI NIDO,Collaudo non concluso,0,1,0,2023-02-27,,2026-06-30,2023.0,0,NUOVA REALIZZAZIONE,Nuova realizzazione,1617618.0,1617618.0,3,3,1,1,2,0,1
B65E22000240006,Piemonte,064,004,004064,Concluso,COLLAUDO,ASILI NIDO,Concluso,1,1,1,2022-10-07,2025-12-11,2025-12-31,2022.0,0,NUOVA REALIZZAZIONE,Nuova realizzazione,718283.58,718283.58,7,7,1,1,6,0,1
B65E22000250006,Sardegna,008,090,090008,In Corso,COLLAUDO,ASILI NIDO,Collaudo non concluso,0,1,0,2022-11-23,,2026-06-30,2022.0,0,NUOVA REALIZZAZIONE,Nuova realizzazione,264781.76,203985.32,2,2,1,1,2,0,1
B65E24000100006,Campania,049,063,063049,In Corso,COLLAUDO,ASILI NIDO,Collaudo non concluso,0,1,0,2024-05-15,,2026-06-30,2024.0,0,NUOVA REALIZZAZIONE,Nuova realizzazione,1200000.0,1200000.0,0,0,0,0,0,0,1
B65E24000110006,Campania,049,063,063049,In Corso,COLLAUDO,ASILI NIDO,Collaudo non concluso,0,1,0,2024-05-15,,2026-06-30,2024.0,0,NUOVA REALIZZAZIONE,Nuova realizzazione,1800000.0,1800000.0,0,0,0,0,0,0,1
B65E24000120001,Lombardia,011,097,097011,In Corso,ESECUZIONE LAVORI,ASILI NIDO,Esecuzione lavori,0,0,0,2024-08-02,,2026-06-30,2024.0,0,NUOVA REALIZZAZIONE,Nuova realizzazione,860000.0,480000.0,14,13,1,1,12,2,1
B65E24000130006,Lombardia,118,012,012118,In Corso,ESECUZIONE LAVORI,ASILI NIDO,Esecuzione lavori,0,0,0,2024-04-30,,2026-06-30,2024.0,0,NUOVA REALIZZAZIONE,Nuova realizzazione,1050000.0,864000.0,4,4,1,1,3,0,1
B65E24000140006,Marche,010,044,044010,In Corso,COLLAUDO/REGOLARE ESECUZIONE,ASILI NIDO,Collaudo non concluso,0,1,0,2024-12-02,,2026-06-30,2024.0,0,NUOVA REALIZZAZIONE,Nuova realizzazione,480000.0,480000.0,5,5,1,1,4,0,1
B65E25000020006,Sicilia,007,082,082007,In Corso,COLLAUDO,ASILI NIDO,Collaudo non concluso,0,1,0,2025-07-22,,2026-06-30,2025.0,0,NUOVA REALIZZAZIONE,Nuova realizzazione,672000.0,672000.0,2,2,1,1,1,0,1
B65E25000070006,Calabria,052,078,078052,In Corso,Fase non disponibile,ASILI NIDO,Fase non disponibile,0,0,0,,,,,0,NUOVA REALIZZAZIONE,Nuova realizzazione,720000.0,720000.0,0,0,0,0,0,0,1
B66F22000020006,Marche,007,041,041007,In Corso,COLLAUDO,ASILI NIDO,Collaudo non concluso,0,1,0,2022-12-15,,2026-06-30,2022.0,0,DEMOLIZIONE,Demolizione/ricostruzione,1908720.0,1735200.0,3,4,1,1,2,0,1
B67G24000270006,Campania,049,063,063049,In Corso,COLLAUDO,ASILI NIDO,Collaudo non concluso,0,1,0,2024-05-15,,2026-06-30,2024.0,0,RECUPERO,Ristrutturazione/recupero,1000000.0,1000000.0,0,0,0,0,0,0,1
B67G24000280006,Campania,049,063,063049,In Corso,COLLAUDO,ASILI NIDO,Collaudo non concluso,0,1,0,2024-05-15,,2026-06-30,2024.0,0,RECUPERO,Ristrutturazione/recupero,1200000.0,1200000.0,0,0,0,0,0,0,1
B67G24000290006,Campania,049,063,063049,In Corso,COLLAUDO,ASILI NIDO,Collaudo non concluso,0,1,0,2024-05-15,,2026-06-30,2024.0,0,RECUPERO,Ristrutturazione/recupero,720000.0,720000.0,0,0,0,0,0,0,1
B67G24000300006,Campania,049,063,063049,In Corso,COLLAUDO,ASILI NIDO,Collaudo non concluso,0,1,0,2024-05-15,,2026-06-30,2024.0,0,RECUPERO,Ristrutturazione/recupero,920000.0,920000.0,0,0,0,0,0,0,1
B67G24000310006,Basilicata,057,076,076057,In Corso,COLLAUDO,ASILI NIDO,Collaudo non concluso,0,1,0,2024-07-01,,2026-06-30,2024.0,0,RECUPERO,Ristrutturazione/recupero,576000.0,576000.0,2,2,1,1,0,0,1
B67H21001680001,Campania,049,063,063049,In Corso,COLLAUDO,"SCUOLE ELEMENTARI, MEDIE E SUPERIORI",Collaudo non concluso,0,1,0,2021-01-20,,2026-06-30,2021.0,1,MANUTENZIONE STRAORDINARIA,Altro,1114704.64,950000.0,1,1,1,1,0,0,1
B68H21000040001,Piemonte,214,001,001214,In Corso,COLLAUDO,ASILI NIDO,Collaudo non concluso,0,1,0,2022-02-22,,2026-06-30,2022.0,0,AMPLIAMENTO (COMPRESA SOPRAELEVAZIONE) O POTENZIAMENTO,Ampliamento,1019470.4,464470.4,6,3,1,1,5,0,1
B68H22000020006,Basilicata,066,076,076066,In Corso,ESECUZIONE LAVORI,SCUOLE MATERNE,Esecuzione lavori,0,0,0,2023-01-23,,2026-06-30,2023.0,0,AMPLIAMENTO (COMPRESA SOPRAELEVAZIONE) O POTENZIAMENTO,Ampliamento,574239.7,431127.0,5,3,1,1,4,0,1
B68H24001000006,Liguria,017,011,011017,In Corso,COLLAUDO,ASILI NIDO,Collaudo non concluso,0,1,0,2024-12-28,,2026-06-30,2024.0,0,RISTRUTTURAZIONE (PER CAMBIO DI DESTINAZIONE D'USO),Ristrutturazione/recupero,480000.0,480000.0,4,3,1,1,3,0,1
B68H24001160006,Calabria,025,078,078025,In Corso,COLLAUDO,ASILI NIDO,Collaudo non concluso,0,1,0,2024-09-13,,2026-06-30,2024.0,0,AMPLIAMENTO (COMPRESA SOPRAELEVAZIONE) O POTENZIAMENTO,Ampliamento,576000.0,576000.0,6,6,1,1,5,0,1
B68H25000470006,Campania,054,065,065054,In Corso,ESECUZIONE LAVORI,ASILI NIDO,Esecuzione lavori,0,0,0,2025-03-28,,2026-06-30,2025.0,0,AMPLIAMENTO (COMPRESA SOPRAELEVAZIONE) O POTENZIAMENTO,Ampliamento,480000.0,480000.0,3,3,1,1,2,0,1
B68H25000510006,Piemonte,313,001,001313,In Corso,ESECUZIONE LAVORI,ASILI NIDO,Esecuzione lavori,0,0,0,2025-04-02,,2026-06-30,2025.0,0,RISTRUTTURAZIONE (PER CAMBIO DI DESTINAZIONE D'USO),Ristrutturazione/recupero,700000.0,480000.0,2,1,1,1,1,0,1
B68I22000140006,Campania,049,063,063049,In Corso,ESECUZIONE LAVORI,SCUOLE MATERNE,Esecuzione lavori,0,0,0,2022-09-08,,2026-06-30,2022.0,0,RISTRUTTURAZIONE CON EFFICIENTAMENTO ENERGETICO,Ristrutturazione/recupero,2792637.0,2585775.0,3,3,1,1,2,1,1
B68I22000160006,Campania,049,063,063049,In Corso,ESECUZIONE LAVORI,SCUOLE MATERNE,Esecuzione lavori,0,0,0,2022-09-08,,2026-06-30,2022.0,0,RISTRUTTURAZIONE CON EFFICIENTAMENTO ENERGETICO,Ristrutturazione/recupero,967992.96,786822.96,2,2,1,1,2,1,1
B68I22000170006,Campania,049,063,063049,In Corso,COLLAUDO,SCUOLE MATERNE,Collaudo non concluso,0,1,0,2022-06-01,,2026-06-30,2022.0,0,RISTRUTTURAZIONE CON EFFICIENTAMENTO ENERGETICO,Ristrutturazione/recupero,624319.3,507420.0,3,3,1,1,2,1,1
B68I22000200006,Campania,049,063,063049,In Corso,COLLAUDO,SCUOLE MATERNE,Collaudo non concluso,0,1,0,2022-10-20,,2026-06-30,2022.0,0,RISTRUTTURAZIONE CON EFFICIENTAMENTO ENERGETICO,Ristrutturazione/recupero,765212.27,765212.27,2,2,1,1,2,1,1
B68I22000210006,Campania,049,063,063049,In Corso,COLLAUDO,SCUOLE MATERNE,Collaudo non concluso,0,1,0,2022-02-18,,2026-06-30,2022.0,0,RISTRUTTURAZIONE CON EFFICIENTAMENTO ENERGETICO,Ristrutturazione/recupero,738210.51,738210.51,4,4,1,1,4,3,1
B68I22000220006,Campania,049,063,063049,In Corso,ESECUZIONE LAVORI,ASILI NIDO,Esecuzione lavori,0,0,0,2022-09-08,,2026-06-30,2022.0,0,RISTRUTTURAZIONE CON EFFICIENTAMENTO ENERGETICO,Ristrutturazione/recupero,3175737.03,2573137.28,2,2,1,1,2,1,1
B68I22000230006,Campania,049,063,063049,In Corso,COLLAUDO,SCUOLE MATERNE,Collaudo non concluso,0,1,0,2022-08-01,,2026-06-30,2022.0,0,RISTRUTTURAZIONE CON EFFICIENTAMENTO ENERGETICO,Ristrutturazione/recupero,1241478.79,1007325.71,3,2,1,1,2,1,1
B68I22000280006,Campania,049,063,063049,In Corso,ESECUZIONE LAVORI,ASILI NIDO,Esecuzione lavori,0,0,0,2022-09-08,,2026-06-30,2022.0,0,RISTRUTTURAZIONE CON EFFICIENTAMENTO ENERGETICO,Ristrutturazione/recupero,2110708.66,1711179.4,2,2,1,1,2,1,1
B68I22000290006,Campania,049,063,063049,In Corso,ESECUZIONE LAVORI,ASILI NIDO,Esecuzione lavori,0,0,0,2022-09-08,,2026-06-30,2022.0,0,RISTRUTTURAZIONE CON EFFICIENTAMENTO ENERGETICO,Ristrutturazione/recupero,3002507.87,2434288.48,2,8,1,1,2,1,1
B68I22000300006,Campania,049,063,063049,In Corso,ESECUZIONE LAVORI,ASILI NIDO,Esecuzione lavori,0,0,0,2022-09-08,,2026-06-30,2022.0,0,RISTRUTTURAZIONE CON EFFICIENTAMENTO ENERGETICO,Ristrutturazione/recupero,1199042.39,970929.6,3,8,1,1,2,1,1
B68I22000310006,Campania,049,063,063049,In Corso,COLLAUDO,ASILI NIDO,Collaudo non concluso,0,1,0,2022-02-18,,2026-06-30,2022.0,0,RISTRUTTURAZIONE CON EFFICIENTAMENTO ENERGETICO,Ristrutturazione/recupero,3274959.23,3032369.66,4,6,1,1,3,1,1
B69J22001500006,Campania,049,063,063049,In Corso,ESECUZIONE LAVORI,ALTRI EDIFICI SCOLASTICI,Esecuzione lavori,0,0,0,2022-09-08,,2026-06-30,2022.0,0,ALTRO,Altro,2910782.72,2432288.0,2,9,1,1,2,1,1
B71B21001420004,Veneto,095,023,023095,In Corso,COLLAUDO,ALTRE INFRASTRUTTURE,Collaudo non concluso,0,1,0,2023-04-27,,2026-03-31,2023.0,0,NUOVA REALIZZAZIONE,Nuova realizzazione,1350000.0,802210.71,2,2,1,1,1,0,1
B71B21001810001,Calabria,067,080,080067,In Corso,ESECUZIONE LAVORI,ASILI NIDO,Esecuzione lavori,0,0,0,2021-05-13,,2026-06-30,2021.0,1,NUOVA REALIZZAZIONE,Nuova realizzazione,2035000.0,1850000.0,6,7,1,1,5,0,1
B71B21001830005,Emilia-Romagna,008,038,038008,In Corso,ESECUZIONE LAVORI,ASILI NIDO,Esecuzione lavori,0,0,0,2022-11-17,,2026-12-31,2022.0,1,NUOVA REALIZZAZIONE,Nuova realizzazione,3530000.0,2850000.0,14,15,1,1,11,1,1
B71B21008530006,Veneto,095,023,023095,Concluso,COLLAUDO,ASILI NIDO,Concluso,1,1,1,2022-12-15,2026-03-12,2026-03-12,2022.0,0,NUOVA REALIZZAZIONE,Nuova realizzazione,1027000.0,900000.0,3,3,1,1,2,0,1
B71B21008820006,Lombardia,037,098,098037,In Corso,COLLAUDO,SCUOLE MATERNE,Collaudo non concluso,0,1,0,2023-10-10,,2026-12-31,2023.0,0,NUOVA REALIZZAZIONE,Nuova realizzazione,5283191.7,4028407.51,16,9,1,1,16,1,1
B71B22000010006,Lombardia,030,016,016030,In Corso,COLLAUDO,SCUOLE MATERNE,Collaudo non concluso,0,1,0,2022-12-06,,2026-12-31,2022.0,0,NUOVA REALIZZAZIONE,Nuova realizzazione,4500000.0,3080000.0,11,8,1,1,10,0,1
B71B22000600006,Friuli-Venezia Giulia,080,030,030080,In Corso,COLLAUDO,ASILI NIDO,Collaudo non concluso,0,1,0,2023-03-03,,2026-06-30,2023.0,0,NUOVA REALIZZAZIONE,Nuova realizzazione,1486240.0,722400.0,3,4,1,1,3,0,1
B71B22000900006,Emilia-Romagna,008,038,038008,In Corso,ESECUZIONE LAVORI,ASILI NIDO,Esecuzione lavori,0,0,0,2022-11-17,,2026-12-31,2022.0,0,NUOVA REALIZZAZIONE,Nuova realizzazione,2330000.0,1440000.0,12,15,1,1,9,0,1
B71B22000910006,Emilia-Romagna,008,038,038008,In Corso,ESECUZIONE LAVORI,ASILI NIDO,Esecuzione lavori,0,0,0,2022-11-17,,2026-12-31,2022.0,0,NUOVA REALIZZAZIONE,Nuova realizzazione,2010000.0,1440000.0,7,13,1,1,4,0,1
B71B22000930006,Marche,006,042,042006,In Corso,COLLAUDO,ASILI NIDO,Collaudo non concluso,0,1,0,2022-02-28,,2026-06-30,2022.0,0,NUOVA REALIZZAZIONE,Nuova realizzazione,1572120.0,1429200.0,6,12,1,1,5,0,1
B71B22000970006,Lombardia,050,015,015050,In Corso,COLLAUDO,ASILI NIDO,Collaudo non concluso,0,1,0,2021-12-30,,2026-06-30,2021.0,0,NUOVA REALIZZAZIONE,Nuova realizzazione,1871964.57,1267508.0,8,8,1,1,7,0,1
B71B22001110006,Marche,034,109,109034,In Corso,ESECUZIONE LAVORI,ASILI NIDO,Esecuzione lavori,0,0,0,2022-12-05,,2026-08-31,2022.0,0,NUOVA REALIZZAZIONE,Nuova realizzazione,1340280.0,1340280.0,7,7,1,1,6,0,1
B71B22001130006,Lombardia,219,016,016219,In Corso,COLLAUDO,SCUOLE MATERNE,Collaudo non concluso,0,1,0,2022-10-21,,2026-05-31,2022.0,0,NUOVA REALIZZAZIONE,Nuova realizzazione,5909966.97,5100000.0,11,12,1,1,10,0,1
B71B22001180006,Lombardia,013,020,020013,In Corso,ESECUZIONE LAVORI,ASILI NIDO,Esecuzione lavori,0,0,0,2022-11-17,,2026-06-30,2022.0,0,NUOVA REALIZZAZIONE,Nuova realizzazione,1100000.0,890000.0,6,4,1,1,5,0,1
B71B22001330006,Calabria,123,079,079123,In Corso,ESECUZIONE LAVORI,ASILI NIDO,Esecuzione lavori,0,0,0,2022-12-13,,2026-06-30,2022.0,0,NUOVA REALIZZAZIONE,Nuova realizzazione,988014.72,898195.2,5,4,1,1,4,0,1
B73C21000030006,Abruzzo,042,068,068042,In Corso,COLLAUDO,SCUOLE MATERNE,Collaudo non concluso,0,1,0,2023-03-10,,2026-06-30,2023.0,0,RISTRUTTURAZIONE CON EFFICIENTAMENTO ENERGETICO,Ristrutturazione/recupero,1272000.0,1272000.0,4,5,1,1,3,0,1
B73C21000040006,Trentino-Alto Adige,242,022,022242,In Corso,COLLAUDO,ASILI NIDO,Collaudo non concluso,0,1,0,2023-03-06,,2026-06-15,2023.0,0,RISTRUTTURAZIONE CON EFFICIENTAMENTO ENERGETICO,Ristrutturazione/recupero,2000000.0,1085526.0,3,1,1,1,2,0,1
B73C21000070006,Lombardia,086,015,015086,In Corso,COLLAUDO,ASILI NIDO,Collaudo non concluso,0,1,0,2020-07-08,,2026-06-30,2020.0,0,RISTRUTTURAZIONE CON EFFICIENTAMENTO ENERGETICO,Ristrutturazione/recupero,240000.0,240000.0,2,2,1,1,1,0,1
B73C22000390006,Campania,109,065,065109,In Corso,COLLAUDO,ASILI NIDO,Collaudo non concluso,0,1,0,2022-10-27,,2026-08-11,2022.0,0,RISTRUTTURAZIONE CON EFFICIENTAMENTO ENERGETICO,Ristrutturazione/recupero,921690.0,837900.0,4,4,1,1,3,0,1
B73C25000130006,Sicilia,062,082,082062,In Corso,COLLAUDO,ASILI NIDO,Collaudo non concluso,0,1,0,2025-03-20,,2026-06-30,2025.0,0,RISTRUTTURAZIONE CON EFFICIENTAMENTO ENERGETICO,Ristrutturazione/recupero,400000.0,400000.0,1,0,1,1,0,0,1
B74E21002070005,Piemonte,101,004,004101,In Corso,COLLAUDO,SCUOLE MATERNE,Collaudo non concluso,0,1,0,2021-03-22,,2026-06-30,2021.0,1,AMPLIAMENTO (COMPRESA SOPRAELEVAZIONE) O POTENZIAMENTO,Ampliamento,861035.86,566160.0,4,2,1,1,3,0,1
B74E21002490007,Campania,028,065,065028,In Corso,ESECUZIONE LAVORI,ALTRE STRUTTURE SOCIALI,Esecuzione lavori,0,0,0,2022-12-29,,2026-06-30,2022.0,1,RISTRUTTURAZIONE (PER CAMBIO DI DESTINAZIONE D'USO),Ristrutturazione/recupero,2078946.6,1599304.21,7,6,1,1,6,0,1
B74E22000150006,Emilia-Romagna,008,038,038008,In Corso,COLLAUDO,ASILI NIDO,Collaudo non concluso,0,1,0,2022-11-17,,2026-12-31,2022.0,0,AMPLIAMENTO (COMPRESA SOPRAELEVAZIONE) O POTENZIAMENTO,Ampliamento,1845000.0,960000.0,8,9,1,1,3,0,1
B74E22000190006,Emilia-Romagna,005,035,035005,In Corso,COLLAUDO,ASILI NIDO,Collaudo non concluso,0,1,0,2022-09-08,,2026-06-30,2022.0,1,AMPLIAMENTO (COMPRESA SOPRAELEVAZIONE) O POTENZIAMENTO,Ampliamento,1218800.0,900000.0,10,11,1,1,10,1,1
B74E22000200006,Campania,028,065,065028,In Corso,COLLAUDO,ASILI NIDO,Collaudo non concluso,0,1,0,2022-12-29,,2026-06-30,2022.0,0,AMPLIAMENTO (COMPRESA SOPRAELEVAZIONE) O POTENZIAMENTO,Ampliamento,250776.0,194400.0,3,0,1,1,2,0,1
B74E22000210006,Campania,028,065,065028,In Corso,COLLAUDO,SCUOLE MATERNE,Collaudo non concluso,0,1,0,2022-12-29,,2026-03-30,2022.0,0,AMPLIAMENTO (COMPRESA SOPRAELEVAZIONE) O POTENZIAMENTO,Ampliamento,298492.24,236898.6,3,6,1,1,2,0,1
B75E22000030006,Calabria,060,079,079060,In Corso,ESECUZIONE LAVORI,ASILI NIDO,Esecuzione lavori,0,0,0,2023-03-14,,2026-06-30,2023.0,0,NUOVA REALIZZAZIONE,Nuova realizzazione,815562.24,800000.0,2,1,1,1,1,0,1
B75E22000090006,Campania,055,065,065055,In Corso,COLLAUDO,ASILI NIDO,Collaudo non concluso,0,1,0,2023-05-31,,2025-12-31,2023.0,0,NUOVA REALIZZAZIONE,Nuova realizzazione,924091.75,841413.88,3,1,1,1,2,0,1
B75E22000110006,Sicilia,007,087,087007,Concluso,COLLAUDO,SCUOLE MATERNE,Concluso,1,1,1,2023-02-03,2025-12-23,2025-12-23,2023.0,0,NUOVA REALIZZAZIONE,Nuova realizzazione,1978115.7,1798287.0,4,6,1,1,2,0,1
B75E22000130006,Friuli-Venezia Giulia,017,093,093017,In Corso,ESECUZIONE LAVORI,SCUOLE MATERNE,Esecuzione lavori,0,0,0,2022-10-20,,2026-06-30,2022.0,0,NUOVA REALIZZAZIONE,Nuova realizzazione,8400000.0,6500000.0,12,11,1,1,11,0,1
B75E22000150006,Lazio,050,060,060050,In Corso,ESECUZIONE LAVORI,ASILI NIDO,Esecuzione lavori,0,0,0,2022-02-25,,2026-06-30,2022.0,0,NUOVA REALIZZAZIONE,Nuova realizzazione,976800.0,888000.0,7,7,1,1,6,0,1
B75E22000190006,Toscana,017,051,051017,In Corso,COLLAUDO,ASILI NIDO,Collaudo non concluso,0,1,0,2022-12-01,,2026-06-30,2022.0,0,NUOVA REALIZZAZIONE,Nuova realizzazione,2735630.0,2160000.0,13,14,1,1,13,1,1
B75E22000210006,Calabria,025,101,101025,In Corso,ESECUZIONE LAVORI,ASILI NIDO,Esecuzione lavori,0,0,0,2023-03-16,,2026-06-30,2023.0,0,NUOVA REALIZZAZIONE,Nuova realizzazione,660000.0,660000.0,6,6,1,1,5,0,1
B75E22000230006,Campania,009,061,061009,In Corso,ESECUZIONE LAVORI,ASILI NIDO,Esecuzione lavori,0,0,0,2022-10-19,,2026-06-30,2022.0,0,NUOVA REALIZZAZIONE,Nuova realizzazione,858991.3,795362.32,8,7,1,1,7,0,1
B75E22000240001,Emilia-Romagna,010,037,037010,In Corso,COLLAUDO,ASILI NIDO,Collaudo non concluso,0,1,0,2022-10-26,,2026-06-30,2022.0,0,NUOVA REALIZZAZIONE,Nuova realizzazione,511290.47,360000.0,7,7,1,1,6,1,1
B75E23014300006,Campania,028,065,065028,In Corso,ESECUZIONE LAVORI,ASILI NIDO,Esecuzione lavori,0,0,0,2024-09-02,,2026-06-30,2024.0,0,NUOVA REALIZZAZIONE,Nuova realizzazione,576000.0,576000.0,5,4,1,0,4,0,1
B75E24000070006,Campania,077,063,063077,In Corso,ESECUZIONE LAVORI,ASILI NIDO,Esecuzione lavori,0,0,0,2024-09-06,,2026-06-30,2024.0,0,NUOVA REALIZZAZIONE,Nuova realizzazione,576000.0,576000.0,6,5,1,1,5,0,1
B75E24000080006,Sicilia,007,087,087007,In Corso,ESECUZIONE LAVORI,ASILI NIDO,Esecuzione lavori,0,0,0,2024-06-13,,2026-06-30,2024.0,0,NUOVA REALIZZAZIONE,Nuova realizzazione,1440000.0,1440000.0,3,3,1,1,2,0,1
B75E24000090006,Sicilia,007,087,087007,In Corso,ESECUZIONE LAVORI,ASILI NIDO,Esecuzione lavori,0,0,0,2024-06-13,,2026-06-30,2024.0,0,NUOVA REALIZZAZIONE,Nuova realizzazione,864000.0,864000.0,3,4,1,1,2,0,1
B75E24000100001,Trentino-Alto Adige,046,021,021046,In Corso,COLLAUDO,ASILI NIDO,Collaudo non concluso,0,1,0,2023-12-19,,2026-06-30,2023.0,0,NUOVA REALIZZAZIONE,Nuova realizzazione,1056928.29,576000.0,6,6,1,1,4,0,1
B75E24000110006,Marche,031,043,043031,In Corso,COLLAUDO,ASILI NIDO,Collaudo non concluso,0,1,0,2024-07-04,,2026-06-29,2024.0,0,NUOVA REALIZZAZIONE,Nuova realizzazione,576000.0,576000.0,3,3,1,1,2,0,1
B75E24000120006,Puglia,024,071,071024,In Corso,ESECUZIONE LAVORI,ASILI NIDO,Esecuzione lavori,0,0,0,2024-06-13,,2027-12-31,2024.0,0,NUOVA REALIZZAZIONE,Nuova realizzazione,2016000.0,2016000.0,1,1,1,0,0,1,1
B75E24000130006,Puglia,024,071,071024,In Corso,ESECUZIONE LAVORI,ASILI NIDO,Esecuzione lavori,0,0,0,2024-06-13,,2027-12-31,2024.0,0,NUOVA REALIZZAZIONE,Nuova realizzazione,1440000.0,1440000.0,1,0,1,0,0,1,1
B75E25000050006,Campania,028,065,065028,In Corso,Fase non disponibile,ASILI NIDO,Fase non disponibile,0,0,0,,,,,0,NUOVA REALIZZAZIONE,Nuova realizzazione,576000.0,576000.0,0,0,0,0,0,0,1
B75E25000140006,Sardegna,050,092,092050,In Corso,ESECUZIONE LAVORI,ASILI NIDO,Esecuzione lavori,0,0,0,2025-07-29,,2026-06-30,2025.0,0,NUOVA REALIZZAZIONE,Nuova realizzazione,965700.0,912000.0,5,5,1,1,4,0,1
B76F22000000006,Calabria,060,079,079060,In Corso,COLLAUDO,SCUOLE MATERNE,Collaudo non concluso,0,1,0,2023-05-31,,2026-06-30,2023.0,0,DEMOLIZIONE,Demolizione/ricostruzione,1000000.0,1000000.0,4,4,1,1,3,0,1
B77H21002000001,Emilia-Romagna,008,038,038008,In Corso,ESECUZIONE LAVORI,"EDIFICI SOCIALI, CULTURALI E ASSISTENZIALI",Esecuzione lavori,0,0,0,2022-12-16,,2026-12-31,2022.0,1,MANUTENZIONE STRAORDINARIA,Altro,3300000.0,3000000.0,7,13,1,1,4,1,1
B78H22000160006,Abruzzo,017,067,067017,In Corso,COLLAUDO,ASILI NIDO,Collaudo non concluso,0,1,0,2022-11-26,,2026-06-30,2022.0,0,AMPLIAMENTO (COMPRESA SOPRAELEVAZIONE) O POTENZIAMENTO,Ampliamento,1416000.0,1200000.0,7,7,1,1,6,0,1
B78H24000690006,Veneto,095,023,023095,In Corso,COLLAUDO,ASILI NIDO,Collaudo non concluso,0,1,0,2024-10-07,,2026-06-30,2024.0,0,AMPLIAMENTO (COMPRESA SOPRAELEVAZIONE) O POTENZIAMENTO,Ampliamento,480000.0,480000.0,3,3,1,1,2,0,1
B78H24000720006,Calabria,025,101,101025,In Corso,ESECUZIONE LAVORI,ASILI NIDO,Esecuzione lavori,0,0,0,2024-06-20,,2026-12-31,2024.0,0,RISTRUTTURAZIONE (PER CAMBIO DI DESTINAZIONE D'USO),Ristrutturazione/recupero,480000.0,480000.0,4,4,1,1,3,0,1
B78H24000810001,Lombardia,131,015,015131,In Corso,COLLAUDO,ASILI NIDO,Collaudo non concluso,0,1,0,2024-09-20,,2026-06-30,2024.0,0,AMPLIAMENTO (COMPRESA SOPRAELEVAZIONE) O POTENZIAMENTO,Ampliamento,725000.0,576000.0,9,9,1,1,8,0,1
B78H24000990006,Piemonte,044,001,001044,In Corso,COLLAUDO,ASILI NIDO,Collaudo non concluso,0,1,0,2024-09-05,,2026-06-30,2024.0,0,AMPLIAMENTO (COMPRESA SOPRAELEVAZIONE) O POTENZIAMENTO,Ampliamento,480000.0,480000.0,8,7,1,1,7,0,1
B78H25000410006,Calabria,060,079,079060,In Corso,COLLAUDO,ASILI NIDO,Collaudo non concluso,0,1,0,2025-07-18,,2026-06-30,2025.0,0,RISTRUTTURAZIONE (PER CAMBIO DI DESTINAZIONE D'USO),Ristrutturazione/recupero,560000.0,560000.0,2,1,1,1,1,0,1
B81B21001290001,Emilia-Romagna,040,036,036040,In Corso,COLLAUDO,ASILI NIDO,Collaudo non concluso,0,1,0,2023-06-05,,2026-06-30,2023.0,1,NUOVA REALIZZAZIONE,Nuova realizzazione,4877727.24,3000000.0,8,8,1,1,7,0,1
B81B21001300001,Emilia-Romagna,040,036,036040,Concluso,COLLAUDO,ASILI NIDO,Concluso,1,1,1,2023-06-01,2026-05-14,2026-06-30,2023.0,1,NUOVA REALIZZAZIONE,Nuova realizzazione,3525000.0,2500000.0,8,8,1,1,7,0,1
B81B21001400001,Emilia-Romagna,016,039,039016,Concluso,COLLAUDO,ASILI NIDO,Concluso,1,1,1,2021-03-22,2026-02-11,2026-06-30,2021.0,1,MANUTENZIONE STRAORDINARIA DI ADEGUAMENTO SISMICO,Altro,121000.0,110000.0,3,3,1,1,3,0,1
B81B21001750001,Abruzzo,101,066,066101,In Corso,ESECUZIONE LAVORI,ASILI NIDO,Esecuzione lavori,0,0,0,2023-02-07,,2026-06-30,2023.0,1,NUOVA REALIZZAZIONE,Nuova realizzazione,644000.0,540000.0,5,4,1,1,4,0,1
B81B21001860001,Sicilia,020,081,081020,In Corso,COLLAUDO,ASILI NIDO,Collaudo non concluso,0,1,0,2022-09-22,,2026-06-30,2022.0,1,NUOVA REALIZZAZIONE,Nuova realizzazione,3095354.8,3000000.0,2,0,1,0,2,0,1
B81B22000030006,Marche,043,042,042043,In Corso,COLLAUDO,ASILI NIDO,Collaudo non concluso,0,1,0,2022-01-03,,2026-03-30,2022.0,0,NUOVA REALIZZAZIONE,Nuova realizzazione,1130000.0,850000.0,4,5,1,1,3,0,1
B81B22000220006,Lombardia,168,015,015168,In Corso,COLLAUDO,SCUOLE MATERNE,Collaudo non concluso,0,1,0,2023-02-01,,2026-06-30,2023.0,0,NUOVA REALIZZAZIONE,Nuova realizzazione,6909120.64,4320000.0,15,16,1,1,13,0,1
B81B22000480006,Toscana,029,050,050029,In Corso,COLLAUDO,SCUOLE MATERNE,Collaudo non concluso,0,1,0,2022-12-27,,2026-06-30,2022.0,0,NUOVA REALIZZAZIONE,Nuova realizzazione,6261000.0,5510000.0,29,30,1,1,28,0,1
B81B22000730006,Toscana,028,046,046028,In Corso,COLLAUDO,ASILI NIDO,Collaudo non concluso,0,1,0,2022-11-22,,2026-06-30,2022.0,0,NUOVA REALIZZAZIONE,Nuova realizzazione,1975000.0,1250000.0,8,12,1,1,8,1,1
B81B22001080006,Lombardia,081,018,018081,In Corso,ESECUZIONE LAVORI,ASILI NIDO,Esecuzione lavori,0,0,0,2022-09-08,,2026-06-30,2022.0,0,NUOVA REALIZZAZIONE,Nuova realizzazione,1056000.0,960000.0,4,2,1,1,2,0,1
B81B22001180006,Lazio,017,059,059017,In Corso,COLLAUDO,ASILI NIDO,Collaudo non concluso,0,1,0,2022-10-11,,2025-12-31,2022.0,0,NUOVA REALIZZAZIONE,Nuova realizzazione,1019125.88,952800.0,5,4,1,1,4,0,1
B81B22001190006,Piemonte,003,004,004003,In Corso,ESECUZIONE LAVORI,ASILI NIDO,Esecuzione lavori,0,0,0,2022-01-17,,2026-06-30,2022.0,0,NUOVA REALIZZAZIONE,Nuova realizzazione,3460000.0,2600000.0,13,11,1,1,13,1,1
B81B22001210006,Lazio,017,059,059017,In Corso,STIPULA CONTRATTO,ASILI NIDO,Prima dell'esecuzione,0,0,0,,,2025-12-31,,0,NUOVA REALIZZAZIONE,Nuova realizzazione,1089000.0,990000.0,1,0,1,1,0,0,1
B82C22000060006,Toscana,018,051,051018,In Corso,ESECUZIONE LAVORI,SCUOLE MATERNE,Esecuzione lavori,0,0,0,2023-04-07,,2026-09-30,2023.0,0,DEMOLIZIONE,Demolizione/ricostruzione,7920000.0,7200000.0,6,6,1,1,5,0,1
B83C22000030006,Sardegna,026,091,091026,Concluso,COLLAUDO,SCUOLE MATERNE,Concluso,1,1,1,2023-07-18,2024-06-25,2024-06-25,2023.0,0,RISTRUTTURAZIONE CON EFFICIENTAMENTO ENERGETICO,Ristrutturazione/recupero,141500.0,141500.0,3,4,1,1,3,0,1
B83C22001810006,Lombardia,138,012,012138,In Corso,COLLAUDO,ASILI NIDO,Collaudo non concluso,0,1,0,2023-02-06,,2026-06-30,2023.0,0,RISTRUTTURAZIONE CON EFFICIENTAMENTO ENERGETICO,Ristrutturazione/recupero,1982400.0,1639400.0,8,8,1,1,7,0,1
B83C22002710006,Basilicata,032,076,076032,Concluso,COLLAUDO,SCUOLE MATERNE,Concluso,1,1,1,2022-11-04,2025-12-31,2025-12-31,2022.0,0,RISTRUTTURAZIONE CON EFFICIENTAMENTO ENERGETICO,Ristrutturazione/recupero,650000.0,650000.0,5,1,1,0,4,0,1
B84E21002280005,Abruzzo,050,069,069050,In Corso,ESECUZIONE LAVORI,"EDIFICI SOCIALI, CULTURALI E ASSISTENZIALI",Esecuzione lavori,0,0,0,2023-03-10,,2026-06-30,2023.0,1,RISTRUTTURAZIONE (PER CAMBIO DI DESTINAZIONE D'USO),Ristrutturazione/recupero,3000000.0,2510000.0,8,8,1,1,7,0,1
B85E22000000006,Emilia-Romagna,016,039,039016,Concluso,COLLAUDO,ASILI NIDO,Concluso,1,1,1,2022-11-16,2026-02-11,2026-06-30,2022.0,0,NUOVA REALIZZAZIONE,Nuova realizzazione,366848.66,326250.0,4,4,1,1,3,0,1
B85E22000010006,Emilia-Romagna,016,039,039016,Concluso,COLLAUDO,ASILI NIDO,Concluso,1,1,1,2022-09-08,2025-11-20,2026-06-30,2022.0,0,NUOVA REALIZZAZIONE,Nuova realizzazione,367599.1,326250.0,5,5,1,1,4,0,1
B85E22000050006,Sardegna,064,090,090064,In Corso,COLLAUDO,ASILI NIDO,Collaudo non concluso,0,1,0,2022-11-09,,2026-06-30,2022.0,0,NUOVA REALIZZAZIONE,Nuova realizzazione,3283471.75,2376000.0,10,5,1,1,9,0,1
B85E22000100006,Puglia,003,073,073003,In Corso,ESECUZIONE LAVORI,ASILI NIDO,Esecuzione lavori,0,0,0,2023-02-28,,2026-07-31,2023.0,0,NUOVA REALIZZAZIONE,Nuova realizzazione,2160000.0,2160000.0,9,10,1,1,8,0,1
B85E22000230006,Piemonte,090,001,001090,In Corso,COLLAUDO,ASILI NIDO,Collaudo non concluso,0,1,0,2022-01-04,,2026-06-15,2022.0,0,NUOVA REALIZZAZIONE,Nuova realizzazione,2155298.48,1875000.0,8,8,1,1,8,1,1
B85E22000270006,Sardegna,055,090,090055,In Corso,COLLAUDO,ASILI NIDO,Collaudo non concluso,0,1,0,2022-03-29,,2026-06-30,2022.0,0,NUOVA REALIZZAZIONE,Nuova realizzazione,1544088.0,1544088.0,8,2,1,1,7,0,1
B85E22000280006,Piemonte,315,001,001315,Concluso,COLLAUDO,ASILI NIDO,Concluso,1,1,1,2023-04-05,2025-06-25,2025-12-31,2023.0,0,NUOVA REALIZZAZIONE,Nuova realizzazione,1737524.25,1579567.5,9,9,1,1,8,0,1
B85E22000290006,Puglia,032,072,072032,In Corso,COLLAUDO,ASILI NIDO,Collaudo non concluso,0,1,0,2022-11-14,,2026-06-30,2022.0,0,NUOVA REALIZZAZIONE,Nuova realizzazione,3481000.0,3481000.0,6,18,1,1,5,0,1
B85E24000090006,Sicilia,011,081,081011,In Corso,ESECUZIONE LAVORI,ASILI NIDO,Esecuzione lavori,0,0,0,2024-07-26,,2026-08-30,2024.0,0,NUOVA REALIZZAZIONE,Nuova realizzazione,1440000.0,1440000.0,5,5,1,1,4,1,1
B85E24000110006,Lazio,024,060,060024,In Corso,Fase non disponibile,ASILI NIDO,Fase non disponibile,0,0,0,,,,,0,NUOVA REALIZZAZIONE,Nuova realizzazione,1152000.0,1152000.0,0,0,0,0,0,0,1
B85E24000120006,Puglia,032,072,072032,In Corso,COLLAUDO,ASILI NIDO,Collaudo non concluso,0,1,0,2024-06-13,,2026-06-30,2024.0,0,NUOVA REALIZZAZIONE,Nuova realizzazione,1330000.0,1152000.0,3,4,1,1,2,0,1
B85E24000130006,Lazio,017,059,059017,In Corso,COLLAUDO,ASILI NIDO,Collaudo non concluso,0,1,0,,,,,0,NUOVA REALIZZAZIONE,Nuova realizzazione,864000.0,864000.0,0,0,0,0,0,0,1
B85E24000140006,Sicilia,044,087,087044,In Corso,ESECUZIONE LAVORI,ASILI NIDO,Esecuzione lavori,0,0,0,2024-08-14,,2026-08-31,2024.0,0,NUOVA REALIZZAZIONE,Nuova realizzazione,672000.0,672000.0,3,2,1,1,0,0,1
B85E24000150006,Puglia,001,110,110001,In Corso,COLLAUDO,ASILI NIDO,Collaudo non concluso,0,1,0,2024-09-06,,2026-06-30,2024.0,0,NUOVA REALIZZAZIONE,Nuova realizzazione,1440000.0,1440000.0,6,7,1,1,5,0,1
B85E24000160006,Puglia,001,110,110001,In Corso,ESECUZIONE LAVORI,ASILI NIDO,Esecuzione lavori,0,0,0,2024-09-06,,2026-12-31,2024.0,0,NUOVA REALIZZAZIONE,Nuova realizzazione,1440000.0,1440000.0,7,7,1,1,6,0,1
B85E24000170006,Sicilia,072,082,082072,In Corso,ESECUZIONE LAVORI,ASILI NIDO,Esecuzione lavori,0,0,0,2024-11-26,,2026-06-30,2024.0,0,NUOVA REALIZZAZIONE,Nuova realizzazione,700000.0,672000.0,5,5,1,1,4,0,1
B85E24000180006,Lombardia,253,013,013253,In Corso,ESECUZIONE LAVORI,ASILI NIDO,Esecuzione lavori,0,0,0,2024-12-02,,2026-06-30,2024.0,0,NUOVA REALIZZAZIONE,Nuova realizzazione,990000.0,576000.0,5,5,1,1,4,0,1
B85E25000080006,Lazio,024,060,060024,In Corso,ESECUZIONE LAVORI,ASILI NIDO,Esecuzione lavori,0,0,0,2025-10-14,,2026-06-30,2025.0,0,NUOVA REALIZZAZIONE,Nuova realizzazione,864000.0,864000.0,1,1,1,0,1,0,1
B85E25000090006,Campania,055,061,061055,In Corso,COLLAUDO,ASILI NIDO,Collaudo non concluso,0,1,0,2025-06-26,,2026-06-30,2025.0,0,NUOVA REALIZZAZIONE,Nuova realizzazione,576000.0,576000.0,1,0,1,0,0,0,1
B85E25000100006,Campania,121,064,064121,In Corso,Fase non disponibile,ASILI NIDO,Fase non disponibile,0,0,0,,,,,0,NUOVA REALIZZAZIONE,Nuova realizzazione,1008000.0,1008000.0,0,0,0,0,0,0,1
B85E25000110006,Veneto,029,025,025029,In Corso,COLLAUDO,ASILI NIDO,Collaudo non concluso,0,1,0,2025-07-23,,2026-06-30,2025.0,0,NUOVA REALIZZAZIONE,Nuova realizzazione,1023000.0,576000.0,6,7,1,1,5,0,1
B85E25000310006,Calabria,063,078,078063,In Corso,ESECUZIONE LAVORI,ASILI NIDO,Esecuzione lavori,0,0,0,2026-01-02,,2026-12-31,2026.0,0,NUOVA REALIZZAZIONE,Nuova realizzazione,1080000.0,1080000.0,3,2,1,1,2,0,1
B86F22000140006,Campania,121,064,064121,In Corso,ESECUZIONE LAVORI,ASILI NIDO,Esecuzione lavori,0,0,0,2023-03-01,,2026-06-30,2023.0,0,DEMOLIZIONE,Demolizione/ricostruzione,1788645.85,1673098.0,4,2,1,1,3,0,1
B86F24000040006,Sicilia,011,081,081011,In Corso,ESECUZIONE LAVORI,ASILI NIDO,Esecuzione lavori,0,0,0,2024-07-25,,2026-08-30,2024.0,0,DEMOLIZIONE,Demolizione/ricostruzione,1440000.0,1440000.0,6,7,1,1,5,1,1
B88H22000030006,Marche,035,109,109035,In Corso,ESECUZIONE LAVORI,ASILI NIDO,Esecuzione lavori,0,0,0,2023-07-20,,2026-03-30,2023.0,0,RISTRUTTURAZIONE (PER CAMBIO DI DESTINAZIONE D'USO),Ristrutturazione/recupero,627700.0,560000.0,7,6,1,1,6,0,1
B88H22000310006,Campania,121,064,064121,In Corso,ESECUZIONE LAVORI,ASILI NIDO,Esecuzione lavori,0,0,0,2023-03-01,,2026-06-30,2023.0,0,AMPLIAMENTO (COMPRESA SOPRAELEVAZIONE) O POTENZIAMENTO,Ampliamento,1447641.79,1346986.0,5,1,1,1,4,0,1
B88H22000420006,Sardegna,091,090,090091,In Corso,COLLAUDO,ASILI NIDO,Collaudo non concluso,0,1,0,2022-03-30,,2026-06-30,2022.0,0,AMPLIAMENTO (COMPRESA SOPRAELEVAZIONE) O POTENZIAMENTO,Ampliamento,2856922.0,2856922.0,7,7,1,1,6,0,1
B88H22000440006,Campania,060,063,063060,Concluso,COLLAUDO,ASILI NIDO,Concluso,1,1,1,2022-12-06,2025-04-23,2025-12-31,2022.0,0,RISTRUTTURAZIONE (PER CAMBIO DI DESTINAZIONE D'USO),Ristrutturazione/recupero,914000.0,740000.0,7,7,1,1,5,0,1
B88H25000380006,Calabria,034,079,079034,In Corso,Fase non disponibile,ASILI NIDO,Fase non disponibile,0,0,0,,,,,0,RISTRUTTURAZIONE (PER CAMBIO DI DESTINAZIONE D'USO),Ristrutturazione/recupero,400000.0,400000.0,0,0,0,0,0,0,1
B88I21000590001,Sardegna,064,090,090064,In Corso,COLLAUDO,ASILI NIDO,Collaudo non concluso,0,1,0,2022-09-22,,2026-06-30,2022.0,1,RISTRUTTURAZIONE CON EFFICIENTAMENTO ENERGETICO,Ristrutturazione/recupero,3140000.0,3000000.0,6,6,1,1,5,0,1
B91B21001280001,Calabria,154,078,078154,In Corso,COLLAUDO,SCUOLE MATERNE,Collaudo non concluso,0,1,0,2022-10-14,,2026-06-30,2022.0,1,NUOVA REALIZZAZIONE,Nuova realizzazione,2620000.0,2620000.0,7,7,1,1,5,0,1
B91B22000550001,Lombardia,138,017,017138,In Corso,COLLAUDO,ASILI NIDO,Collaudo non concluso,0,1,0,2023-03-30,,2025-12-31,2023.0,0,NUOVA REALIZZAZIONE,Nuova realizzazione,320000.0,300000.0,2,2,1,1,1,0,1
B91B22000710006,Sicilia,054,087,087054,In Corso,ESECUZIONE LAVORI,SCUOLE MATERNE,Esecuzione lavori,0,0,0,2022-11-28,,2026-06-30,2022.0,0,NUOVA REALIZZAZIONE,Nuova realizzazione,1550000.0,1550000.0,4,5,1,1,2,0,1
B91B22000780006,Piemonte,067,004,004067,Concluso,COLLAUDO,ASILI NIDO,Concluso,1,1,1,2022-01-17,2025-06-18,2025-12-31,2022.0,0,NUOVA REALIZZAZIONE,Nuova realizzazione,1148400.0,1044000.0,5,5,1,1,4,0,1
B91B22000800001,Lombardia,063,014,014063,In Corso,COLLAUDO,ASILI NIDO,Collaudo non concluso,0,1,0,2023-04-01,,2026-05-30,2023.0,0,NUOVA REALIZZAZIONE,Nuova realizzazione,1081600.0,756000.0,7,9,1,1,6,0,1
B91B22001020006,Lazio,009,059,059009,In Corso,COLLAUDO,ASILI NIDO,Collaudo non concluso,0,1,0,2022-10-20,,2026-06-30,2022.0,0,NUOVA REALIZZAZIONE,Nuova realizzazione,1847780.0,1679800.0,11,8,1,1,9,1,1
B91B22001130006,Piemonte,144,006,006144,In Corso,ESECUZIONE LAVORI,SCUOLE MATERNE,Esecuzione lavori,0,0,0,2023-03-01,,2026-06-30,2023.0,0,NUOVA REALIZZAZIONE,Nuova realizzazione,2430000.0,2250000.0,10,10,1,1,10,1,1
B92G17000020006,Puglia,072,075,075072,In Corso,COLLAUDO,"EDIFICI SOCIALI, CULTURALI E ASSISTENZIALI",Collaudo non concluso,0,1,0,2022-10-07,,2026-06-30,2022.0,1,MANUTENZIONE STRAORDINARIA CON EFFICIENTAMENTO ENERGETICO,Altro,968000.0,880000.0,4,2,1,1,3,0,1
B93C22000350006,Campania,025,063,063025,In Corso,COLLAUDO,ASILI NIDO,Collaudo non concluso,0,1,0,2023-05-08,,2026-03-30,2023.0,0,RISTRUTTURAZIONE CON EFFICIENTAMENTO ENERGETICO,Ristrutturazione/recupero,1930000.0,1930000.0,4,2,1,1,3,0,1
B93C22000360006,Liguria,029,011,011029,In Corso,COLLAUDO,SCUOLE MATERNE,Collaudo non concluso,0,1,0,,,2026-06-30,,0,RISTRUTTURAZIONE CON EFFICIENTAMENTO ENERGETICO,Ristrutturazione/recupero,616350.0,616350.0,7,4,1,1,6,0,1
B93C24000610006,Sicilia,008,083,083008,In Corso,Fase non disponibile,ASILI NIDO,Fase non disponibile,0,0,0,,,,,0,NUOVA REALIZZAZIONE,Nuova realizzazione,576000.0,576000.0,0,0,0,0,0,0,1
B94D25000750001,Campania,039,065,065039,In Corso,ESECUZIONE LAVORI,ASILI NIDO,Esecuzione lavori,0,0,0,2025-07-21,,2026-07-15,2025.0,0,ALTRO,Altro,480000.0,480000.0,3,3,1,1,2,1,1
B94E22000060006,Toscana,035,052,052035,In Corso,COLLAUDO,SCUOLE MATERNE,Collaudo non concluso,0,1,0,2023-01-18,,2026-06-30,2023.0,0,AMPLIAMENTO (COMPRESA SOPRAELEVAZIONE) O POTENZIAMENTO,Ampliamento,1610000.0,1000000.0,5,6,1,1,5,1,1
B95E21002500006,Basilicata,031,077,077031,In Corso,COLLAUDO,SCUOLE MATERNE,Collaudo non concluso,0,1,0,2022-10-25,,2026-12-31,2022.0,0,NUOVA REALIZZAZIONE,Nuova realizzazione,2794000.0,2540000.0,10,14,1,1,10,1,1
B95E21002520001,Lombardia,035,019,019035,In Corso,ESECUZIONE LAVORI,ASILI NIDO,Esecuzione lavori,0,0,0,2019-12-02,,2026-06-30,2019.0,0,NUOVA REALIZZAZIONE,Nuova realizzazione,3070000.0,2370000.0,12,14,1,1,10,1,1
B95E22000010006,Campania,052,063,063052,In Corso,COLLAUDO,ASILI NIDO,Collaudo non concluso,0,1,0,2023-05-30,,2026-06-30,2023.0,0,NUOVA REALIZZAZIONE,Nuova realizzazione,670600.0,670600.0,1,1,1,1,0,0,1
B95E22000040006,Puglia,008,071,071008,In Corso,ESECUZIONE LAVORI,ASILI NIDO,Esecuzione lavori,0,0,0,2023-06-15,,2026-06-30,2023.0,0,NUOVA REALIZZAZIONE,Nuova realizzazione,1655000.0,1655000.0,5,5,1,1,4,0,1
B95E22000060006,Calabria,154,078,078154,In Corso,COLLAUDO,ASILI NIDO,Collaudo non concluso,0,1,0,2022-12-16,,2026-06-30,2022.0,0,NUOVA REALIZZAZIONE,Nuova realizzazione,1680000.0,1680000.0,8,10,1,1,7,0,1
B95E22000150006,Trentino-Alto Adige,111,021,021111,Concluso,COLLAUDO,SCUOLE MATERNE,Concluso,1,1,1,2023-04-13,2025-06-12,2025-12-31,2023.0,0,NUOVA REALIZZAZIONE,Nuova realizzazione,1024267.42,607428.0,6,6,1,1,2,0,1
B95E22000230006,Lombardia,080,019,019080,In Corso,ESECUZIONE LAVORI,ASILI NIDO,Esecuzione lavori,0,0,0,2023-03-31,,2026-06-30,2023.0,0,NUOVA REALIZZAZIONE,Nuova realizzazione,739200.0,672000.0,1,0,1,1,1,1,1
B95E22000240006,Trentino-Alto Adige,093,021,021093,Concluso,COLLAUDO,ASILI NIDO,Concluso,1,1,1,2023-05-23,2025-07-22,2026-06-30,2023.0,0,NUOVA REALIZZAZIONE,Nuova realizzazione,1150523.58,599585.0,27,27,1,1,14,0,1
B95E22000490006,Puglia,053,071,071053,In Corso,ESECUZIONE LAVORI,ASILI NIDO,Esecuzione lavori,0,0,0,2022-11-26,,2026-06-30,2022.0,0,NUOVA REALIZZAZIONE,Nuova realizzazione,554400.0,504000.0,5,5,1,1,4,0,1
B95E24000050007,Lombardia,046,018,018046,In Corso,ESECUZIONE LAVORI,ASILI NIDO,Esecuzione lavori,0,0,0,2024-10-28,,2025-12-31,2024.0,0,NUOVA REALIZZAZIONE,Nuova realizzazione,480000.0,480000.0,2,1,1,1,1,0,1
B95E24000060006,Campania,052,063,063052,In Corso,COLLAUDO/REGOLARE ESECUZIONE,ASILI NIDO,Collaudo non concluso,0,1,0,2025-01-28,,2026-06-30,2025.0,0,NUOVA REALIZZAZIONE,Nuova realizzazione,1008000.0,1008000.0,1,1,1,1,1,1,1
B95E24000070006,Sicilia,018,087,087018,In Corso,ESECUZIONE LAVORI,ASILI NIDO,Esecuzione lavori,0,0,0,2024-06-12,,2026-06-30,2024.0,0,NUOVA REALIZZAZIONE,Nuova realizzazione,1008000.0,1008000.0,6,6,1,1,6,1,1
B95E24000080006,Campania,092,061,061092,In Corso,ESECUZIONE LAVORI,ASILI NIDO,Esecuzione lavori,0,0,0,2024-09-23,,2026-06-30,2024.0,0,NUOVA REALIZZAZIONE,Nuova realizzazione,864000.0,864000.0,3,3,1,1,2,0,1
B95E24000090006,Puglia,002,074,074002,In Corso,ESECUZIONE LAVORI,ASILI NIDO,Esecuzione lavori,0,0,0,2024-08-12,,2026-09-30,2024.0,0,NUOVA REALIZZAZIONE,Nuova realizzazione,864000.0,864000.0,3,3,1,1,2,0,1
B95E24000110006,Puglia,036,075,075036,In Corso,ESECUZIONE LAVORI,ASILI NIDO,Esecuzione lavori,0,0,0,2024-08-06,,2026-06-30,2024.0,0,NUOVA REALIZZAZIONE,Nuova realizzazione,768000.0,768000.0,5,8,1,1,4,0,1
B95E25000050006,Marche,031,044,044031,In Corso,COLLAUDO,ASILI NIDO,Collaudo non concluso,0,1,0,2025-08-11,,2026-06-30,2025.0,0,NUOVA REALIZZAZIONE,Nuova realizzazione,672000.0,672000.0,3,2,1,1,2,0,1
B95E25000060006,Puglia,002,074,074002,In Corso,ESECUZIONE LAVORI,ASILI NIDO,Esecuzione lavori,0,0,0,2025-07-30,,2026-09-30,2025.0,0,NUOVA REALIZZAZIONE,Nuova realizzazione,864000.0,864000.0,3,3,1,1,2,0,1
B95E25000070006,Veneto,068,024,024068,In Corso,Fase non disponibile,ASILI NIDO,Fase non disponibile,0,0,0,,,,,0,NUOVA REALIZZAZIONE,Nuova realizzazione,480000.0,480000.0,0,0,0,0,0,0,1
B95E25000080006,Piemonte,067,004,004067,In Corso,COLLAUDO,ASILI NIDO,Collaudo non concluso,0,1,0,2025-05-23,,2026-06-30,2025.0,0,NUOVA REALIZZAZIONE,Nuova realizzazione,1875000.0,672000.0,2,2,1,0,2,0,1
B95E25000090006,Puglia,036,075,075036,In Corso,ESECUZIONE LAVORI,ASILI NIDO,Esecuzione lavori,0,0,0,2025-03-27,,2026-06-30,2025.0,0,NUOVA REALIZZAZIONE,Nuova realizzazione,672000.0,672000.0,4,4,1,1,3,0,1
B95E25000140006,Puglia,008,071,071008,In Corso,Fase non disponibile,ASILI NIDO,Fase non disponibile,0,0,0,,,,,0,NUOVA REALIZZAZIONE,Nuova realizzazione,480000.0,480000.0,0,0,0,0,0,0,1
B96F22000100006,Calabria,025,102,102025,In Corso,ESECUZIONE LAVORI,ASILI NIDO,Esecuzione lavori,0,0,0,2023-05-04,,2026-08-31,2023.0,0,DEMOLIZIONE,Demolizione/ricostruzione,710960.0,710960.0,2,1,1,1,0,0,1
B97G22000100006,Emilia-Romagna,011,033,033011,Concluso,COLLAUDO,ASILI NIDO,Concluso,1,1,1,2022-11-23,2024-02-19,2025-12-31,2022.0,0,RECUPERO,Ristrutturazione/recupero,211550.0,211550.0,2,2,1,1,2,0,1
B98H22000050006,Puglia,002,074,074002,In Corso,COLLAUDO,SCUOLE MATERNE,Collaudo non concluso,0,1,0,2023-03-03,,2026-08-31,2023.0,0,AMPLIAMENTO (COMPRESA SOPRAELEVAZIONE) O POTENZIAMENTO,Ampliamento,1038960.0,962000.0,6,6,1,1,6,1,1
B98H22000060006,Puglia,002,074,074002,In Corso,COLLAUDO,SCUOLE MATERNE,Collaudo non concluso,0,1,0,2023-03-03,,2026-09-30,2023.0,0,AMPLIAMENTO (COMPRESA SOPRAELEVAZIONE) O POTENZIAMENTO,Ampliamento,784080.0,726000.0,3,4,1,1,3,1,1
B98H22000070006,Calabria,073,078,078073,In Corso,ESECUZIONE LAVORI,SCUOLE MATERNE,Esecuzione lavori,0,0,0,2023-06-06,,2025-12-31,2023.0,0,RISTRUTTURAZIONE (PER CAMBIO DI DESTINAZIONE D'USO),Ristrutturazione/recupero,795000.0,795000.0,2,0,1,1,1,0,1
B98H22000250006,Lombardia,205,015,015205,In Corso,COLLAUDO,ASILI NIDO,Collaudo non concluso,0,1,0,2022-09-08,,2026-06-30,2022.0,0,RISTRUTTURAZIONE (PER CAMBIO DI DESTINAZIONE D'USO),Ristrutturazione/recupero,957561.75,660875.0,3,3,1,1,2,0,1
B98H22000270006,Campania,045,062,062045,In Corso,ESECUZIONE LAVORI,ASILI NIDO,Esecuzione lavori,0,0,0,2022-11-29,,2026-10-31,2022.0,0,RISTRUTTURAZIONE (PER CAMBIO DI DESTINAZIONE D'USO),Ristrutturazione/recupero,914796.96,831633.6,6,2,1,1,5,0,1
B98H24000660001,Campania,059,064,064059,In Corso,ESECUZIONE LAVORI,ASILI NIDO,Esecuzione lavori,0,0,0,2024-10-08,,2026-06-30,2024.0,0,RISTRUTTURAZIONE (PER CAMBIO DI DESTINAZIONE D'USO),Ristrutturazione/recupero,480000.0,480000.0,3,3,1,1,2,1,1
B98H24000690006,Puglia,053,071,071053,In Corso,ESECUZIONE LAVORI,ASILI NIDO,Esecuzione lavori,0,0,0,2024-09-23,,2026-06-30,2024.0,0,AMPLIAMENTO (COMPRESA SOPRAELEVAZIONE) O POTENZIAMENTO,Ampliamento,480000.0,480000.0,3,3,1,1,2,0,1
B98H24000720006,Sicilia,035,083,083035,In Corso,COLLAUDO,ASILI NIDO,Collaudo non concluso,0,1,0,2025-07-29,,2026-08-31,2025.0,0,RISTRUTTURAZIONE (PER CAMBIO DI DESTINAZIONE D'USO),Ristrutturazione/recupero,480000.0,480000.0,2,2,1,1,1,0,1
B98H24000730006,Marche,031,044,044031,In Corso,COLLAUDO,ASILI NIDO,Collaudo non concluso,0,1,0,2024-10-21,,2026-05-16,2024.0,0,AMPLIAMENTO (COMPRESA SOPRAELEVAZIONE) O POTENZIAMENTO,Ampliamento,576000.0,576000.0,5,5,1,1,4,0,1
B98H25000420006,Campania,059,064,064059,In Corso,ESECUZIONE LAVORI,ASILI NIDO,Esecuzione lavori,0,0,0,2025-12-18,,2026-06-30,2025.0,0,RISTRUTTURAZIONE (PER CAMBIO DI DESTINAZIONE D'USO),Ristrutturazione/recupero,480000.0,480000.0,2,2,1,1,1,0,1
B98I21000560001,Marche,031,044,044031,In Corso,COLLAUDO,ALTRE STRUTTURE SOCIALI,Collaudo non concluso,0,1,0,2021-05-20,,2026-06-30,2021.0,1,RISTRUTTURAZIONE CON EFFICIENTAMENTO ENERGETICO,Ristrutturazione/recupero,1423500.0,1235000.0,4,2,1,1,3,0,1
B98I22000330001,Lombardia,063,014,014063,Concluso,COLLAUDO,SCUOLE MATERNE,Concluso,1,1,1,2023-04-01,2026-03-25,2026-03-25,2023.0,0,RISTRUTTURAZIONE CON EFFICIENTAMENTO ENERGETICO,Ristrutturazione/recupero,918500.0,835000.0,3,3,1,1,2,0,1
B99J22001980001,Sicilia,024,084,084024,In Corso,COLLAUDO,ASILI NIDO,Collaudo non concluso,0,1,0,2023-06-10,,2026-06-30,2023.0,0,ALTRO,Altro,1800000.0,1800000.0,1,1,1,1,0,0,1
C11B21001940005,Abruzzo,049,066,066049,In Corso,ESECUZIONE LAVORI,FORMAZIONE E ISTRUZIONE ALL'INTERNO DELL'OBBLIGO SCOLASTICO,Esecuzione lavori,0,0,0,2021-04-01,,2026-06-30,2021.0,1,NUOVA REALIZZAZIONE,Nuova realizzazione,1950000.0,1950000.0,8,6,1,1,7,0,1
C11B21002260001,Piemonte,272,001,001272,In Corso,COLLAUDO,ALTRI EDIFICI SCOLASTICI,Collaudo non concluso,0,1,0,2021-05-03,,2026-06-20,2021.0,1,NUOVA REALIZZAZIONE,Nuova realizzazione,3322587.3,3000000.0,8,17,1,1,8,1,1
C11B21002270001,Piemonte,272,001,001272,In Corso,COLLAUDO,ALTRI EDIFICI SCOLASTICI,Collaudo non concluso,0,1,0,2021-05-03,,2026-06-07,2021.0,1,NUOVA REALIZZAZIONE,Nuova realizzazione,3310418.8,3000000.0,7,10,1,1,7,1,1
C11B21003710001,Puglia,037,075,075037,In Corso,ESECUZIONE LAVORI,SCUOLE MATERNE,Esecuzione lavori,0,0,0,2021-05-20,,2026-06-30,2021.0,1,NUOVA REALIZZAZIONE,Nuova realizzazione,2900000.0,2900000.0,8,9,1,1,7,0,1
C11B21003750001,Puglia,054,071,071054,In Corso,ESECUZIONE LAVORI,ASILI NIDO,Esecuzione lavori,0,0,0,2022-08-19,,2026-12-31,2022.0,1,NUOVA REALIZZAZIONE,Nuova realizzazione,2585603.2,2585603.2,7,7,1,1,6,0,1
C11B21003850001,Calabria,072,079,079072,In Corso,COLLAUDO,"EDIFICI SOCIALI, CULTURALI E ASSISTENZIALI",Collaudo non concluso,0,1,0,2023-01-27,,2026-06-30,2023.0,1,MANUTENZIONE STRAORDINARIA DI ADEGUAMENTO SISMICO,Altro,1045000.0,950000.0,1,2,1,1,1,1,1
C11B21010640006,Lombardia,182,018,018182,In Corso,ESECUZIONE LAVORI,SCUOLE MATERNE,Esecuzione lavori,0,0,0,2023-01-16,,2026-06-30,2023.0,0,NUOVA REALIZZAZIONE,Nuova realizzazione,2450000.0,2160000.0,3,4,1,1,2,0,1
C11B22000530006,Veneto,051,024,024051,In Corso,COLLAUDO,SCUOLE MATERNE,Collaudo non concluso,0,1,0,2022-11-15,,2026-06-30,2022.0,0,NUOVA REALIZZAZIONE,Nuova realizzazione,2466800.73,2242546.12,7,10,1,1,5,0,1
C11B22001300006,Puglia,003,110,110003,In Corso,ESECUZIONE LAVORI,SCUOLE MATERNE,Esecuzione lavori,0,0,0,2022-10-20,,2026-08-31,2022.0,0,NUOVA REALIZZAZIONE,Nuova realizzazione,3640000.0,3640000.0,2,3,1,1,0,0,1
C11B22001350006,Veneto,014,029,029014,In Corso,COLLAUDO,ASILI NIDO,Collaudo non concluso,0,1,0,2022-11-23,,2026-06-30,2022.0,0,NUOVA REALIZZAZIONE,Nuova realizzazione,1090656.88,1020000.0,10,10,1,1,9,0,1
C11B22001380006,Liguria,016,009,009016,In Corso,COLLAUDO,ASILI NIDO,Collaudo non concluso,0,1,0,2022-10-20,,2026-06-30,2022.0,0,NUOVA REALIZZAZIONE,Nuova realizzazione,925000.0,610000.0,18,18,1,1,18,1,1
C11B22001400006,Puglia,003,110,110003,In Corso,ESECUZIONE LAVORI,ASILI NIDO,Esecuzione lavori,0,0,0,2022-10-20,,2026-06-30,2022.0,0,NUOVA REALIZZAZIONE,Nuova realizzazione,1986000.0,1986000.0,3,9,1,1,2,0,1
C14D22000350006,Sicilia,027,083,083027,In Corso,COLLAUDO,ASILI NIDO,Collaudo non concluso,0,1,0,2022-06-06,,2026-06-30,2022.0,0,MANUTENZIONE STRAORDINARIA CON EFFICIENTAMENTO ENERGETICO,Altro,527800.0,527800.0,3,5,1,1,2,0,1
C14D25000780006,Sicilia,022,081,081022,In Corso,COLLAUDO,ASILI NIDO,Collaudo non concluso,0,1,0,,,,,0,MANUTENZIONE STRAORDINARIA CON EFFICIENTAMENTO ENERGETICO,Altro,840000.0,840000.0,2,2,1,1,1,0,1
C14E21000170001,Molise,010,094,094010,In Corso,COLLAUDO,ALTRE INFRASTRUTTURE,Collaudo non concluso,0,1,0,2023-04-20,,2026-06-30,2023.0,1,RISTRUTTURAZIONE (PER CAMBIO DI DESTINAZIONE D'USO),Ristrutturazione/recupero,698500.0,635000.0,3,2,1,1,2,0,1
C15E21000030006,Abruzzo,027,068,068027,In Corso,ESECUZIONE LAVORI,ASILI NIDO,Esecuzione lavori,0,0,0,2022-10-25,,2026-12-30,2022.0,0,NUOVA REALIZZAZIONE,Nuova realizzazione,2027829.95,1701600.0,10,1,1,1,8,0,1
C15E22000000006,Sardegna,048,090,090048,In Corso,ESECUZIONE LAVORI,ASILI NIDO,Esecuzione lavori,0,0,0,2022-10-17,,2026-06-30,2022.0,0,NUOVA REALIZZAZIONE,Nuova realizzazione,1716000.0,1560000.0,6,6,1,1,4,0,1
C15E22000010006,Abruzzo,027,068,068027,In Corso,ESECUZIONE LAVORI,ASILI NIDO,Esecuzione lavori,0,0,0,2022-10-25,,2026-12-30,2022.0,0,NUOVA REALIZZAZIONE,Nuova realizzazione,1089600.0,1089600.0,9,6,1,1,8,0,1
C15E22000040006,Molise,010,094,094010,In Corso,COLLAUDO,SCUOLE MATERNE,Collaudo non concluso,0,1,0,2023-04-05,,2026-06-30,2023.0,0,NUOVA REALIZZAZIONE,Nuova realizzazione,1241000.0,1176000.0,7,4,1,1,6,0,1
C15E22000140006,Abruzzo,049,066,066049,In Corso,ESECUZIONE LAVORI,SCUOLE MATERNE,Esecuzione lavori,0,0,0,2022-12-15,,2026-06-30,2022.0,0,NUOVA REALIZZAZIONE,Nuova realizzazione,3319015.62,3017286.93,6,6,1,1,5,0,1
C15E22000160006,Abruzzo,049,066,066049,In Corso,ESECUZIONE LAVORI,SCUOLE MATERNE,Esecuzione lavori,0,0,0,2023-01-25,,2026-06-30,2023.0,0,NUOVA REALIZZAZIONE,Nuova realizzazione,1095114.52,995558.65,4,4,1,1,3,0,1
C15E22000230006,Calabria,072,079,079072,In Corso,COLLAUDO,ASILI NIDO,Collaudo non concluso,0,1,0,2023-02-08,,2026-06-30,2023.0,0,NUOVA REALIZZAZIONE,Nuova realizzazione,1223200.0,1112000.0,2,1,1,1,2,1,1
C15E22000240006,Campania,013,065,065013,In Corso,COLLAUDO,ASILI NIDO,Collaudo non concluso,0,1,0,2022-09-15,,2026-06-30,2022.0,0,NUOVA REALIZZAZIONE,Nuova realizzazione,1304850.0,1304850.0,7,3,1,1,6,0,1
C15E22000250006,Friuli-Venezia Giulia,092,030,030092,In Corso,COLLAUDO,ASILI NIDO,Collaudo non concluso,0,1,0,2023-02-01,,2026-06-30,2023.0,0,NUOVA REALIZZAZIONE,Nuova realizzazione,285785.19,253000.0,1,1,1,1,0,0,1
C15E24000030001,Piemonte,113,004,004113,In Corso,COLLAUDO,ASILI NIDO,Collaudo non concluso,0,1,0,2024-10-02,,2026-06-30,2024.0,0,NUOVA REALIZZAZIONE,Nuova realizzazione,776000.0,576000.0,12,12,1,0,11,0,1
C15E24000040006,Sicilia,008,088,088008,In Corso,ESECUZIONE LAVORI,ASILI NIDO,Esecuzione lavori,0,0,0,2024-04-10,,2026-06-30,2024.0,0,NUOVA REALIZZAZIONE,Nuova realizzazione,1008000.0,1008000.0,2,1,1,1,0,0,1
C15E24000060006,Puglia,003,110,110003,In Corso,Fase non disponibile,ASILI NIDO,Fase non disponibile,0,0,0,2024-06-13,,2026-03-31,2024.0,0,NUOVA REALIZZAZIONE,Nuova realizzazione,1440000.0,1440000.0,0,0,0,0,0,0,1
C15E24000070006,Abruzzo,049,066,066049,In Corso,COLLAUDO,ASILI NIDO,Collaudo non concluso,0,1,0,2024-08-19,,2026-06-30,2024.0,0,NUOVA REALIZZAZIONE,Nuova realizzazione,1440000.0,1440000.0,4,4,1,1,3,0,1
C15E24000080006,Abruzzo,049,066,066049,In Corso,ESECUZIONE LAVORI,ASILI NIDO,Esecuzione lavori,0,0,0,2024-09-04,,2026-06-30,2024.0,0,NUOVA REALIZZAZIONE,Nuova realizzazione,1152000.0,1152000.0,3,4,1,1,2,0,1
C15E24000100006,Calabria,036,079,079036,In Corso,ESECUZIONE LAVORI,ASILI NIDO,Esecuzione lavori,0,0,0,2024-06-13,,2026-06-30,2024.0,0,NUOVA REALIZZAZIONE,Nuova realizzazione,672000.0,672000.0,8,9,1,1,7,0,1
C15E24000110006,Campania,013,065,065013,In Corso,ESECUZIONE LAVORI,ASILI NIDO,Esecuzione lavori,0,0,0,2024-07-15,,2026-06-30,2024.0,0,NUOVA REALIZZAZIONE,Nuova realizzazione,864000.0,864000.0,5,6,1,1,5,1,1
C15E24000120009,Toscana,003,046,046003,In Corso,COLLAUDO,ASILI NIDO,Collaudo non concluso,0,1,0,2024-08-30,,2026-06-30,2024.0,0,NUOVA REALIZZAZIONE,Nuova realizzazione,1100000.0,480000.0,13,12,1,1,10,0,1
C15E24000130006,Abruzzo,049,066,066049,In Corso,ESECUZIONE LAVORI,ASILI NIDO,Esecuzione lavori,0,0,0,2025-03-25,,2026-06-30,2025.0,0,NUOVA REALIZZAZIONE,Nuova realizzazione,1080000.0,1080000.0,3,3,1,1,2,0,1
C15E25000010006,Liguria,061,009,009061,In Corso,ESECUZIONE LAVORI,ASILI NIDO,Esecuzione lavori,0,0,0,2025-07-21,,2026-09-30,2025.0,0,NUOVA REALIZZAZIONE,Nuova realizzazione,1440000.0,1440000.0,8,8,1,1,7,0,1
C15E25000020006,Abruzzo,049,066,066049,In Corso,ESECUZIONE LAVORI,ASILI NIDO,Esecuzione lavori,0,0,0,,,,,0,NUOVA REALIZZAZIONE,Nuova realizzazione,2592000.0,2592000.0,2,2,1,0,2,0,1
C15E25000070006,Abruzzo,027,068,068027,In Corso,COLLAUDO,ASILI NIDO,Collaudo non concluso,0,1,0,2025-09-26,,2026-09-30,2025.0,0,NUOVA REALIZZAZIONE,Nuova realizzazione,792000.0,792000.0,5,5,1,1,4,0,1
C15E25000140006,Campania,060,064,064060,In Corso,ESECUZIONE LAVORI,ASILI NIDO,Esecuzione lavori,0,0,0,2025-09-23,,2026-06-30,2025.0,0,NUOVA REALIZZAZIONE,Nuova realizzazione,576000.0,576000.0,3,4,1,1,2,0,1
C16F24000020006,Lazio,028,059,059028,In Corso,ESECUZIONE LAVORI,ASILI NIDO,Esecuzione lavori,0,0,0,2024-09-05,,2026-08-31,2024.0,0,DEMOLIZIONE,Demolizione/ricostruzione,1008000.0,1008000.0,1,1,1,0,1,0,1
C16F25000030006,Campania,075,061,061075,In Corso,ESECUZIONE LAVORI,ASILI NIDO,Esecuzione lavori,0,0,0,2025-10-30,,2026-06-30,2025.0,0,DEMOLIZIONE,Demolizione/ricostruzione,1008000.0,1008000.0,1,1,1,1,0,0,1
C16F25000040006,Lazio,028,059,059028,In Corso,Fase non disponibile,ASILI NIDO,Fase non disponibile,0,0,0,,,,,0,DEMOLIZIONE,Demolizione/ricostruzione,1008000.0,1008000.0,0,0,0,0,0,0,1
C18H21000100006,Lombardia,251,015,015251,In Corso,COLLAUDO,SCUOLE MATERNE,Collaudo non concluso,0,1,0,2020-12-15,,2026-06-30,2020.0,0,AMPLIAMENTO (COMPRESA SOPRAELEVAZIONE) O POTENZIAMENTO,Ampliamento,1299303.33,1214000.0,8,8,1,1,7,0,1
C18H22000010006,Campania,089,063,063089,In Corso,COLLAUDO,ASILI NIDO,Collaudo non concluso,0,1,0,2023-06-09,,2026-06-30,2023.0,0,AMPLIAMENTO (COMPRESA SOPRAELEVAZIONE) O POTENZIAMENTO,Ampliamento,1300000.0,1300000.0,4,2,1,1,3,0,1
C18H22000030006,Calabria,155,078,078155,In Corso,COLLAUDO,SCUOLE MATERNE,Collaudo non concluso,0,1,0,2022-12-14,,2026-06-30,2022.0,0,AMPLIAMENTO (COMPRESA SOPRAELEVAZIONE) O POTENZIAMENTO,Ampliamento,1196610.0,1196610.0,3,3,1,1,2,0,1
C18H22000040006,Lazio,007,056,056007,In Corso,COLLAUDO,ASILI NIDO,Collaudo non concluso,0,1,0,2023-11-27,,2026-06-30,2023.0,0,RISTRUTTURAZIONE (PER CAMBIO DI DESTINAZIONE D'USO),Ristrutturazione/recupero,2546501.64,1945040.11,3,3,1,1,2,0,1
C18H22000300006,Calabria,155,078,078155,In Corso,COLLAUDO,ASILI NIDO,Collaudo non concluso,0,1,0,2022-11-18,,2026-06-30,2022.0,0,AMPLIAMENTO (COMPRESA SOPRAELEVAZIONE) O POTENZIAMENTO,Ampliamento,570900.0,570900.0,3,3,1,1,2,0,1
C18H24000430006,Campania,075,061,061075,In Corso,ESECUZIONE LAVORI,ASILI NIDO,Esecuzione lavori,0,0,0,2024-06-13,,2026-06-30,2024.0,0,RISTRUTTURAZIONE (PER CAMBIO DI DESTINAZIONE D'USO),Ristrutturazione/recupero,840000.0,840000.0,2,1,1,1,1,0,1
C18H24000440006,Puglia,037,075,075037,In Corso,COLLAUDO,ASILI NIDO,Collaudo non concluso,0,1,0,2024-08-01,,2026-06-30,2024.0,0,RISTRUTTURAZIONE (PER CAMBIO DI DESTINAZIONE D'USO),Ristrutturazione/recupero,730000.0,720000.0,4,3,1,1,3,0,1
C18H24000450006,Puglia,003,110,110003,In Corso,ESECUZIONE LAVORI,ASILI NIDO,Esecuzione lavori,0,0,0,2024-07-19,,2026-06-30,2024.0,0,RISTRUTTURAZIONE (PER CAMBIO DI DESTINAZIONE D'USO),Ristrutturazione/recupero,900000.0,900000.0,3,5,1,1,3,1,1
C18H24000460001,Lombardia,081,019,019081,In Corso,ESECUZIONE LAVORI,ASILI NIDO,Esecuzione lavori,0,0,0,2024-10-02,,2026-06-30,2024.0,0,RISTRUTTURAZIONE (PER CAMBIO DI DESTINAZIONE D'USO),Ristrutturazione/recupero,900000.0,480000.0,6,6,1,1,5,0,1
C18H24000480006,Lombardia,020,108,108020,In Corso,ESECUZIONE LAVORI,ASILI NIDO,Esecuzione lavori,0,0,0,2024-06-06,,2026-06-30,2024.0,0,AMPLIAMENTO (COMPRESA SOPRAELEVAZIONE) O POTENZIAMENTO,Ampliamento,576000.0,576000.0,3,3,1,1,2,0,1
C18H24000490003,Piemonte,068,004,004068,In Corso,COLLAUDO,ASILI NIDO,Collaudo non concluso,0,1,0,2024-09-03,,2026-06-30,2024.0,0,AMPLIAMENTO (COMPRESA SOPRAELEVAZIONE) O POTENZIAMENTO,Ampliamento,670000.0,480000.0,4,4,1,1,3,0,1
C18H24000500006,Sicilia,022,081,081022,In Corso,COLLAUDO,ASILI NIDO,Collaudo non concluso,0,1,0,2024-09-26,,2026-12-31,2024.0,0,RISTRUTTURAZIONE (PER CAMBIO DI DESTINAZIONE D'USO),Ristrutturazione/recupero,680000.0,680000.0,3,4,1,1,2,0,1
C18H25000290006,Sicilia,055,087,087055,In Corso,COLLAUDO,ASILI NIDO,Collaudo non concluso,0,1,0,2025-09-09,,2026-06-30,2025.0,0,RISTRUTTURAZIONE (PER CAMBIO DI DESTINAZIONE D'USO),Ristrutturazione/recupero,560000.0,560000.0,2,2,1,1,1,0,1
C18H25000320006,Lombardia,016,020,020016,In Corso,COLLAUDO,ASILI NIDO,Collaudo non concluso,0,1,0,2025-09-15,,2026-06-30,2025.0,0,AMPLIAMENTO (COMPRESA SOPRAELEVAZIONE) O POTENZIAMENTO,Ampliamento,300000.0,240000.0,1,1,1,0,0,0,1
C18H25000340006,Piemonte,012,005,005012,In Corso,ESECUZIONE LAVORI,ASILI NIDO,Esecuzione lavori,0,0,0,2025-07-02,,2026-08-31,2025.0,0,RISTRUTTURAZIONE (PER CAMBIO DI DESTINAZIONE D'USO),Ristrutturazione/recupero,810000.0,400000.0,3,3,1,1,2,0,1
C18H25000450006,Calabria,020,078,078020,In Corso,ESECUZIONE LAVORI,ASILI NIDO,Esecuzione lavori,0,0,0,2025-09-30,,2026-06-30,2025.0,0,RISTRUTTURAZIONE (PER CAMBIO DI DESTINAZIONE D'USO),Ristrutturazione/recupero,400000.0,400000.0,3,3,1,1,2,0,1
C18I22000190001,Lazio,010,059,059010,In Corso,COLLAUDO,ASILI NIDO,Collaudo non concluso,0,1,0,2023-03-15,,2026-06-30,2023.0,0,RISTRUTTURAZIONE CON EFFICIENTAMENTO ENERGETICO,Ristrutturazione/recupero,818824.0,818824.0,6,2,1,1,5,0,1
C19J21028260001,Calabria,020,078,078020,In Corso,ESECUZIONE LAVORI,ALTRE INFRASTRUTTURE,Esecuzione lavori,0,0,0,2023-04-12,,2026-06-30,2023.0,1,ALTRO,Altro,500000.0,500000.0,5,0,1,1,2,0,1
C21B21003620001,Calabria,035,080,080035,In Corso,COLLAUDO,SCUOLE MATERNE,Collaudo non concluso,0,1,0,2023-02-24,,2026-06-30,2023.0,1,NUOVA REALIZZAZIONE,Nuova realizzazione,2433016.18,2211832.89,3,4,1,1,2,1,1
C21B21003960001,Toscana,014,050,050014,In Corso,ESECUZIONE LAVORI,ASILI NIDO,Esecuzione lavori,0,0,0,2022-01-25,,2026-06-30,2022.0,1,NUOVA REALIZZAZIONE,Nuova realizzazione,1708730.0,1430700.0,10,9,1,1,9,0,1
C21B22001370006,Puglia,015,073,073015,In Corso,COLLAUDO,SCUOLE MATERNE,Collaudo non concluso,0,1,0,2022-12-14,,2026-06-30,2022.0,0,NUOVA REALIZZAZIONE,Nuova realizzazione,1990467.54,1366860.0,4,5,1,1,2,0,1
C22C22000000006,Toscana,039,051,051039,In Corso,ESECUZIONE LAVORI,ASILI NIDO,Esecuzione lavori,0,0,0,2023-02-21,,2026-06-30,2023.0,0,DEMOLIZIONE,Demolizione/ricostruzione,2240000.0,1400000.0,7,6,1,1,6,0,1
C23C22000120006,Calabria,075,078,078075,In Corso,COLLAUDO,ASILI NIDO,Collaudo non concluso,0,1,0,2023-01-31,,2026-05-31,2023.0,0,RISTRUTTURAZIONE CON EFFICIENTAMENTO ENERGETICO,Ristrutturazione/recupero,380000.0,380000.0,3,2,1,1,1,0,1
C23C24000630006,Lombardia,051,012,012051,In Corso,COLLAUDO,ASILI NIDO,Collaudo non concluso,0,1,0,2024-06-21,,2026-06-30,2024.0,0,RISTRUTTURAZIONE CON EFFICIENTAMENTO ENERGETICO,Ristrutturazione/recupero,560000.0,560000.0,1,1,1,0,0,0,1
C23D21001860005,Molise,002,094,094002,Concluso,COLLAUDO,ALTRE STRUTTURE SOCIALI,Concluso,1,1,1,2022-01-12,2024-10-28,2024-10-28,2022.0,1,RECUPERO,Ristrutturazione/recupero,529775.06,529775.06,1,1,1,1,0,0,1
C24E21000210005,Veneto,088,024,024088,In Corso,COLLAUDO,SCUOLE MATERNE,Collaudo non concluso,0,1,0,2022-11-02,,2026-06-30,2022.0,1,AMPLIAMENTO (COMPRESA SOPRAELEVAZIONE) O POTENZIAMENTO,Ampliamento,2631497.88,2370208.01,10,12,1,1,8,0,1
C25E22000030006,Marche,048,041,041048,In Corso,COLLAUDO,ASILI NIDO,Collaudo non concluso,0,1,0,2022-11-18,,2026-06-30,2022.0,1,NUOVA REALIZZAZIONE,Nuova realizzazione,1161600.0,1056000.0,7,7,1,1,6,1,1
C25E22000160006,Puglia,015,073,073015,In Corso,ESECUZIONE LAVORI,ASILI NIDO,Esecuzione lavori,0,0,0,2022-12-04,,2026-06-30,2022.0,0,NUOVA REALIZZAZIONE,Nuova realizzazione,1703077.67,1011560.0,5,5,1,1,3,0,1
C25E22000180006,Calabria,039,078,078039,In Corso,ESECUZIONE LAVORI,ASILI NIDO,Esecuzione lavori,0,0,0,2021-12-02,,2026-06-30,2021.0,0,NUOVA REALIZZAZIONE,Nuova realizzazione,1300000.0,1300000.0,4,0,1,1,3,0,1
C25E24000030006,Puglia,015,073,073015,In Corso,ESECUZIONE LAVORI,ASILI NIDO,Esecuzione lavori,0,0,0,2024-08-30,,2026-08-31,2024.0,0,NUOVA REALIZZAZIONE,Nuova realizzazione,1440000.0,1440000.0,8,8,1,1,7,0,1
C25E24000040006,Lombardia,050,098,098050,In Corso,ESECUZIONE LAVORI,ASILI NIDO,Esecuzione lavori,0,0,0,2024-10-29,,2026-06-30,2024.0,0,NUOVA REALIZZAZIONE,Nuova realizzazione,1155000.0,864000.0,10,13,1,1,9,0,1
C25E24000060006,Basilicata,071,076,076071,In Corso,ESECUZIONE LAVORI,ASILI NIDO,Esecuzione lavori,0,0,0,2024-09-23,,2026-06-30,2024.0,0,NUOVA REALIZZAZIONE,Nuova realizzazione,576000.0,576000.0,4,3,1,0,4,0,1
C25E24000070006,Lombardia,160,016,016160,In Corso,COLLAUDO,ASILI NIDO,Collaudo non concluso,0,1,0,2024-06-13,,2026-06-30,2024.0,0,NUOVA REALIZZAZIONE,Nuova realizzazione,1036010.99,480000.0,18,18,1,1,17,0,1
C25E25000050006,Calabria,002,101,101002,In Corso,ESECUZIONE LAVORI,ASILI NIDO,Esecuzione lavori,0,0,0,2025-05-23,,2026-06-30,2025.0,0,NUOVA REALIZZAZIONE,Nuova realizzazione,480000.0,480000.0,0,0,0,0,0,0,1
C26F22000080006,Molise,002,094,094002,In Corso,ESECUZIONE LAVORI,ASILI NIDO,Esecuzione lavori,0,0,0,2023-04-15,,2026-06-30,2023.0,0,DEMOLIZIONE,Demolizione/ricostruzione,1684592.43,1560000.0,6,3,1,1,5,0,1
C28H22000130006,Abruzzo,062,069,069062,In Corso,COLLAUDO,ASILI NIDO,Collaudo non concluso,0,1,0,2023-02-01,,2026-06-30,2023.0,0,AMPLIAMENTO (COMPRESA SOPRAELEVAZIONE) O POTENZIAMENTO,Ampliamento,550000.0,500000.0,7,6,1,1,6,0,1
C28H22000210006,Campania,052,064,064052,In Corso,ESECUZIONE LAVORI,ASILI NIDO,Esecuzione lavori,0,0,0,2022-01-18,,2026-09-30,2022.0,0,AMPLIAMENTO (COMPRESA SOPRAELEVAZIONE) O POTENZIAMENTO,Ampliamento,858980.79,858980.79,6,5,1,1,5,0,1
C28H24000200006,Sicilia,006,085,085006,In Corso,ESECUZIONE LAVORI,ASILI NIDO,Esecuzione lavori,0,0,0,2024-09-05,,2026-06-30,2024.0,0,RISTRUTTURAZIONE (PER CAMBIO DI DESTINAZIONE D'USO),Ristrutturazione/recupero,480000.0,480000.0,4,4,1,1,3,0,1
C28H24000210006,Puglia,092,075,075092,In Corso,ESECUZIONE LAVORI,ASILI NIDO,Esecuzione lavori,0,0,0,2024-06-28,,2026-03-31,2024.0,0,AMPLIAMENTO (COMPRESA SOPRAELEVAZIONE) O POTENZIAMENTO,Ampliamento,720000.0,720000.0,4,3,1,1,3,0,1
C28H24000230006,Veneto,088,024,024088,In Corso,COLLAUDO,ASILI NIDO,Collaudo non concluso,0,1,0,2024-11-11,,2026-06-30,2024.0,0,AMPLIAMENTO (COMPRESA SOPRAELEVAZIONE) O POTENZIAMENTO,Ampliamento,576000.0,576000.0,2,2,1,1,1,0,1
C28H25000140006,Calabria,009,102,102009,In Corso,ESECUZIONE LAVORI,ASILI NIDO,Esecuzione lavori,0,0,0,2025-09-08,,2026-08-31,2025.0,0,RISTRUTTURAZIONE (PER CAMBIO DI DESTINAZIONE D'USO),Ristrutturazione/recupero,400000.0,400000.0,3,2,1,1,2,0,1
C28H25000530006,Campania,047,062,062047,In Corso,ESECUZIONE LAVORI,ASILI NIDO,Esecuzione lavori,0,0,0,2025-11-01,,2026-08-31,2025.0,0,AMPLIAMENTO (COMPRESA SOPRAELEVAZIONE) O POTENZIAMENTO,Ampliamento,960000.0,960000.0,6,5,1,1,5,0,1
C28I22000040006,Sardegna,011,091,091011,Concluso,COLLAUDO,ASILI NIDO,Concluso,1,1,1,2023-06-14,2025-06-27,2026-06-30,2023.0,0,RISTRUTTURAZIONE CON EFFICIENTAMENTO ENERGETICO,Ristrutturazione/recupero,600000.0,600000.0,2,1,1,1,1,0,1
C31B21003520001,Emilia-Romagna,026,036,036026,In Corso,COLLAUDO,ALTRI EDIFICI SCOLASTICI,Collaudo non concluso,0,1,0,2021-03-01,,2026-06-30,2021.0,1,NUOVA REALIZZAZIONE,Nuova realizzazione,3270000.0,2660000.0,20,23,1,1,17,0,1
C31B21003820005,Friuli-Venezia Giulia,013,030,030013,Concluso,COLLAUDO,ASILI NIDO,Concluso,1,1,1,2022-01-28,2025-03-10,2026-06-30,2022.0,1,NUOVA REALIZZAZIONE,Nuova realizzazione,2000000.0,1254000.0,3,4,1,1,2,0,1
C31B21004190001,Abruzzo,002,068,068002,In Corso,COLLAUDO,ASILI NIDO,Collaudo non concluso,0,1,0,2023-05-19,,2026-06-30,2023.0,0,NUOVA REALIZZAZIONE,Nuova realizzazione,1425000.3,1425000.3,6,7,1,1,5,0,1
C31B21013410006,Toscana,024,050,050024,In Corso,COLLAUDO,SCUOLE MATERNE,Collaudo non concluso,0,1,0,2023-01-03,,2026-06-30,2023.0,0,NUOVA REALIZZAZIONE,Nuova realizzazione,2530000.0,2300000.0,3,3,1,1,1,0,1
C31B22000610006,Toscana,009,053,053009,In Corso,COLLAUDO,SCUOLE MATERNE,Collaudo non concluso,0,1,0,2022-11-25,,2026-06-30,2022.0,0,NUOVA REALIZZAZIONE,Nuova realizzazione,3961623.92,2500000.0,6,6,1,1,5,2,1
C31B22001110001,Lombardia,071,016,016071,Concluso,COLLAUDO,ASILI NIDO,Concluso,1,1,1,2018-11-27,2024-06-28,2024-06-28,2018.0,0,NUOVA REALIZZAZIONE,Nuova realizzazione,569087.0,271200.0,7,7,1,1,6,0,1
C31B22001130006,Campania,075,062,062075,In Corso,ESECUZIONE LAVORI,ASILI NIDO,Esecuzione lavori,0,0,0,2023-04-26,,2026-03-31,2023.0,0,NUOVA REALIZZAZIONE,Nuova realizzazione,1872000.0,1872000.0,3,3,1,1,2,0,1
C31B22001210006,Sicilia,006,081,081006,In Corso,ESECUZIONE LAVORI,SCUOLE MATERNE,Esecuzione lavori,0,0,0,2023-01-10,,2026-12-31,2023.0,0,NUOVA REALIZZAZIONE,Nuova realizzazione,854807.04,791488.0,4,4,1,1,3,1,1
C31B22001270006,Veneto,029,027,027029,In Corso,COLLAUDO,ASILI NIDO,Collaudo non concluso,0,1,0,2022-10-21,,2026-06-30,2022.0,0,NUOVA REALIZZAZIONE,Nuova realizzazione,2035000.0,1600000.0,9,8,1,1,8,0,1
C33C22000000006,Puglia,047,071,071047,In Corso,COLLAUDO,SCUOLE MATERNE,Collaudo non concluso,0,1,0,2022-02-24,,2026-12-31,2022.0,0,RISTRUTTURAZIONE CON EFFICIENTAMENTO ENERGETICO,Ristrutturazione/recupero,834761.0,834761.0,3,2,1,1,2,0,1
C33C22000050006,Lazio,036,056,056036,Concluso,COLLAUDO,ASILI NIDO,Concluso,1,1,1,2023-03-16,2026-01-17,2025-12-31,2023.0,1,RISTRUTTURAZIONE CON EFFICIENTAMENTO ENERGETICO,Ristrutturazione/recupero,560000.0,560000.0,1,1,1,0,1,0,1
C33C22000170006,Toscana,009,053,053009,In Corso,COLLAUDO,ASILI NIDO,Collaudo non concluso,0,1,0,2022-11-24,,2026-06-30,2022.0,0,RISTRUTTURAZIONE CON EFFICIENTAMENTO ENERGETICO,Ristrutturazione/recupero,890755.45,807600.0,6,8,1,1,5,2,1
C33C24000470006,Veneto,052,029,029052,In Corso,ESECUZIONE LAVORI,ASILI NIDO,Esecuzione lavori,0,0,0,2024-09-30,,2026-06-30,2024.0,0,RISTRUTTURAZIONE CON EFFICIENTAMENTO ENERGETICO,Ristrutturazione/recupero,864000.0,864000.0,9,9,1,1,8,0,1
C33C25000530006,Marche,007,044,044007,In Corso,ESECUZIONE LAVORI,ASILI NIDO,Esecuzione lavori,0,0,0,2025-08-08,,2026-12-31,2025.0,0,RISTRUTTURAZIONE CON EFFICIENTAMENTO ENERGETICO,Ristrutturazione/recupero,1200000.0,1200000.0,2,2,1,1,1,0,1
C34E21000280001,Emilia-Romagna,060,037,037060,Concluso,COLLAUDO,ALTRE INFRASTRUTTURE,Concluso,1,1,1,2023-05-31,2024-12-10,2024-12-10,2023.0,1,RISTRUTTURAZIONE (PER CAMBIO DI DESTINAZIONE D'USO),Ristrutturazione/recupero,500000.0,300000.0,7,5,1,1,4,0,1
C34E22000130006,Campania,075,062,062075,In Corso,ESECUZIONE LAVORI,SCUOLE MATERNE,Esecuzione lavori,0,0,0,2023-03-23,,2026-06-30,2023.0,0,AMPLIAMENTO (COMPRESA SOPRAELEVAZIONE) O POTENZIAMENTO,Ampliamento,1308000.0,1308000.0,3,2,1,1,2,0,1
C35E22000010006,Lombardia,045,020,020045,In Corso,ESECUZIONE LAVORI,SCUOLE MATERNE,Esecuzione lavori,0,0,0,2023-02-27,,2026-06-30,2023.0,0,NUOVA REALIZZAZIONE,Nuova realizzazione,5280000.0,4800000.0,13,18,1,1,13,1,1
C35E22000050006,Calabria,121,078,078121,In Corso,ESECUZIONE LAVORI,ASILI NIDO,Esecuzione lavori,0,0,0,2023-02-27,,2026-06-30,2023.0,0,NUOVA REALIZZAZIONE,Nuova realizzazione,568764.78,568764.78,4,4,1,1,3,0,1
C35E22000070006,Piemonte,079,004,004079,In Corso,COLLAUDO,ASILI NIDO,Collaudo non concluso,0,1,0,2022-02-23,,2026-06-30,2022.0,1,NUOVA REALIZZAZIONE,Nuova realizzazione,745800.0,650000.0,7,8,1,1,5,0,1
C35E22000140006,Lazio,027,056,056027,Concluso,COLLAUDO,ASILI NIDO,Concluso,1,1,1,2023-02-14,2026-03-25,2026-03-25,2023.0,0,NUOVA REALIZZAZIONE,Nuova realizzazione,788101.8,517000.0,5,5,1,1,3,0,1
C35E22000240006,Toscana,010,048,048010,In Corso,ESECUZIONE LAVORI,ASILI NIDO,Esecuzione lavori,0,0,0,2022-03-25,,2026-06-30,2022.0,0,NUOVA REALIZZAZIONE,Nuova realizzazione,2374900.0,2159000.0,4,5,1,1,4,1,1
C35E22000270006,Sicilia,006,081,081006,In Corso,ESECUZIONE LAVORI,ASILI NIDO,Esecuzione lavori,0,0,0,2023-01-11,,2026-06-30,2023.0,0,NUOVA REALIZZAZIONE,Nuova realizzazione,1054284.66,976189.5,5,5,1,1,4,1,1
C35E22000280006,Puglia,047,071,071047,In Corso,COLLAUDO,ASILI NIDO,Collaudo non concluso,0,1,0,2022-03-29,,2026-08-31,2022.0,0,NUOVA REALIZZAZIONE,Nuova realizzazione,1950000.0,1950000.0,2,1,1,1,1,0,1
C35E22000290006,Lazio,036,056,056036,In Corso,COLLAUDO,ASILI NIDO,Collaudo non concluso,0,1,0,,,2026-06-30,,1,NUOVA REALIZZAZIONE,Nuova realizzazione,713186.0,713186.0,2,1,1,1,1,0,1
C35E22000300006,Calabria,013,078,078013,In Corso,ESECUZIONE LAVORI,ASILI NIDO,Esecuzione lavori,0,0,0,2022-03-29,,2026-06-30,2022.0,0,NUOVA REALIZZAZIONE,Nuova realizzazione,704605.0,704605.0,5,1,1,1,1,0,1
C35E24000020006,Sicilia,006,081,081006,In Corso,ESECUZIONE LAVORI,ASILI NIDO,Esecuzione lavori,0,0,0,2024-07-15,,2026-06-30,2024.0,0,NUOVA REALIZZAZIONE,Nuova realizzazione,1728000.0,1728000.0,6,5,1,1,5,1,1
C35E24000030006,Veneto,029,027,027029,In Corso,ESECUZIONE LAVORI,ASILI NIDO,Esecuzione lavori,0,0,0,2024-05-24,,2026-08-31,2024.0,0,NUOVA REALIZZAZIONE,Nuova realizzazione,1294000.0,864000.0,7,7,1,1,6,0,1
C35E24000040006,Puglia,066,075,075066,In Corso,ESECUZIONE LAVORI,ASILI NIDO,Esecuzione lavori,0,0,0,2024-09-23,,2026-06-30,2024.0,0,NUOVA REALIZZAZIONE,Nuova realizzazione,672000.0,672000.0,3,3,1,1,2,0,1
C35E24000050006,Calabria,121,078,078121,In Corso,ESECUZIONE LAVORI,ASILI NIDO,Esecuzione lavori,0,0,0,2024-06-24,,2026-08-31,2024.0,0,NUOVA REALIZZAZIONE,Nuova realizzazione,480000.0,480000.0,3,2,1,1,2,0,1
C35E24000060001,Toscana,010,048,048010,In Corso,ESECUZIONE LAVORI,ASILI NIDO,Esecuzione lavori,0,0,0,2024-10-09,,2026-06-22,2024.0,0,NUOVA REALIZZAZIONE,Nuova realizzazione,1050000.0,720000.0,2,2,1,1,2,1,1
C35E24000070006,Puglia,018,072,072018,In Corso,ESECUZIONE LAVORI,ASILI NIDO,Esecuzione lavori,0,0,0,2024-06-13,,2026-08-31,2024.0,0,NUOVA REALIZZAZIONE,Nuova realizzazione,576000.0,576000.0,2,2,1,0,2,0,1
C36F22000000006,Calabria,121,078,078121,In Corso,ESECUZIONE LAVORI,SCUOLE MATERNE,Esecuzione lavori,0,0,0,2023-05-31,,2026-06-30,2023.0,0,DEMOLIZIONE,Demolizione/ricostruzione,1445809.64,1445809.64,5,4,1,1,4,0,1
C37G22000030006,Puglia,047,071,071047,In Corso,COLLAUDO,ASILI NIDO,Collaudo non concluso,0,1,0,2022-02-24,,2026-06-30,2022.0,0,RECUPERO,Ristrutturazione/recupero,2160000.0,2160000.0,3,4,1,1,2,0,1
C37H22000040003,Lombardia,143,016,016143,Concluso,COLLAUDO,ASILI NIDO,Concluso,1,1,1,2022-12-01,2025-04-10,2025-04-10,2022.0,0,MANUTENZIONE STRAORDINARIA,Altro,500500.0,455000.0,4,4,1,1,3,0,1
C38H22000270006,Toscana,005,100,100005,In Corso,COLLAUDO,ASILI NIDO,Collaudo non concluso,0,1,0,2022-04-04,,2026-06-30,2022.0,0,RISTRUTTURAZIONE (PER CAMBIO DI DESTINAZIONE D'USO),Ristrutturazione/recupero,676000.0,676000.0,5,2,1,1,5,1,1
C38H22000280006,Piemonte,013,001,001013,In Corso,COLLAUDO,ASILI NIDO,Collaudo non concluso,0,1,0,2022-10-13,,2026-05-31,2022.0,0,AMPLIAMENTO (COMPRESA SOPRAELEVAZIONE) O POTENZIAMENTO,Ampliamento,528000.0,480000.0,8,8,1,1,7,0,1
C38H24000340006,Lombardia,054,020,020054,In Corso,COLLAUDO,ASILI NIDO,Collaudo non concluso,0,1,0,2024-08-29,,2026-06-30,2024.0,0,RISTRUTTURAZIONE (PER CAMBIO DI DESTINAZIONE D'USO),Ristrutturazione/recupero,320000.0,320000.0,3,3,1,1,3,0,1
C38H25000170006,Lombardia,124,012,012124,In Corso,ESECUZIONE LAVORI,ASILI NIDO,Esecuzione lavori,0,0,0,2025-09-26,,2026-06-20,2025.0,0,AMPLIAMENTO (COMPRESA SOPRAELEVAZIONE) O POTENZIAMENTO,Ampliamento,210000.0,192000.0,6,6,1,1,6,0,1
C38H25000190006,Lombardia,071,016,016071,In Corso,ESECUZIONE LAVORI,ASILI NIDO,Esecuzione lavori,0,0,0,2025-07-07,,2026-05-31,2025.0,0,AMPLIAMENTO (COMPRESA SOPRAELEVAZIONE) O POTENZIAMENTO,Ampliamento,265000.0,216000.0,3,3,1,1,3,0,1
C38I01000000001,Campania,069,065,065069,Concluso,COLLAUDO,SCUOLE MATERNE,Concluso,1,1,1,2021-04-20,2025-02-04,2025-12-31,2021.0,1,RISTRUTTURAZIONE CON EFFICIENTAMENTO ENERGETICO,Ristrutturazione/recupero,220000.0,200000.0,2,3,1,1,1,0,1
C41B21002670005,Lombardia,182,015,015182,In Corso,ESECUZIONE LAVORI,ASILI NIDO,Esecuzione lavori,0,0,0,2022-10-10,,2026-12-31,2022.0,1,NUOVA REALIZZAZIONE,Nuova realizzazione,3800000.0,3000000.0,5,8,1,1,3,0,1
C41B21002930001,Calabria,082,080,080082,Concluso,COLLAUDO,ASILI NIDO,Concluso,1,1,1,2023-03-10,2025-05-28,2025-05-28,2023.0,1,NUOVA REALIZZAZIONE,Nuova realizzazione,951527.14,865024.67,6,6,1,1,6,1,1
C41B21003240005,Puglia,076,075,075076,In Corso,COLLAUDO,ASILI NIDO,Collaudo non concluso,0,1,0,2022-10-07,,2026-09-30,2022.0,1,NUOVA REALIZZAZIONE,Nuova realizzazione,1400000.0,1400000.0,5,3,1,1,4,0,1
C41B21003260001,Campania,042,061,061042,In Corso,COLLAUDO,ASILI NIDO,Collaudo non concluso,0,1,0,2021-03-22,,2026-06-30,2021.0,1,NUOVA REALIZZAZIONE,Nuova realizzazione,2691308.49,2446644.08,8,2,1,1,7,0,1
C41B22000590002,Campania,042,061,061042,In Corso,COLLAUDO,ASILI NIDO,Collaudo non concluso,0,1,0,2022-11-14,,2026-06-30,2022.0,0,NUOVA REALIZZAZIONE,Nuova realizzazione,3363118.34,3057380.31,7,2,1,1,6,0,1
C41B22000940001,Lombardia,209,015,015209,In Corso,COLLAUDO,ASILI NIDO,Collaudo non concluso,0,1,0,2023-03-07,,2026-06-30,2023.0,0,MANUTENZIONE STRAORDINARIA DI ADEGUAMENTO SISMICO,Altro,3347280.0,2304000.0,12,14,1,1,11,0,1
C41B22001350006,Marche,014,041,041014,In Corso,ESECUZIONE LAVORI,ASILI NIDO,Esecuzione lavori,0,0,0,2022-11-17,,2026-07-15,2022.0,0,NUOVA REALIZZAZIONE,Nuova realizzazione,2205766.7,2000000.0,14,15,1,1,13,0,1
C41B22001510006,Sardegna,036,111,111036,In Corso,COLLAUDO,SCUOLE MATERNE,Collaudo non concluso,0,1,0,2023-01-01,,2026-06-30,2023.0,0,NUOVA REALIZZAZIONE,Nuova realizzazione,2332800.0,2160000.0,3,1,1,1,3,0,1
C41B22001550006,Abruzzo,005,067,067005,In Corso,ESECUZIONE LAVORI,SCUOLE MATERNE,Esecuzione lavori,0,0,0,2023-03-18,,2026-06-30,2023.0,0,NUOVA REALIZZAZIONE,Nuova realizzazione,2402400.0,2184000.0,8,9,1,1,6,0,1
C43C22000010006,Sicilia,066,083,083066,In Corso,ESECUZIONE LAVORI,SCUOLE MATERNE,Esecuzione lavori,0,0,0,2022-12-22,,2026-09-30,2022.0,0,RISTRUTTURAZIONE CON EFFICIENTAMENTO ENERGETICO,Ristrutturazione/recupero,819000.0,819000.0,3,1,1,1,2,0,1
C44E21000100001,Emilia-Romagna,024,033,033024,In Corso,COLLAUDO,SCUOLE MATERNE,Collaudo non concluso,0,1,0,2022-08-16,,2026-06-29,2022.0,1,AMPLIAMENTO (COMPRESA SOPRAELEVAZIONE) O POTENZIAMENTO,Ampliamento,1110000.0,1050000.0,10,8,1,1,9,0,1
C44E22000210001,Piemonte,293,001,001293,Concluso,COLLAUDO,ASILI NIDO,Concluso,1,1,1,2023-02-07,2024-06-25,2024-06-25,2023.0,0,RISTRUTTURAZIONE (PER CAMBIO DI DESTINAZIONE D'USO),Ristrutturazione/recupero,255000.0,198837.06,6,6,1,1,5,0,1
C45E21000030006,Friuli-Venezia Giulia,104,030,030104,In Corso,COLLAUDO,ASILI NIDO,Collaudo non concluso,0,1,0,2021-05-18,,2026-06-30,2021.0,0,NUOVA REALIZZAZIONE,Nuova realizzazione,870650.0,791500.0,5,5,1,1,4,0,1
C45E22000060006,Lombardia,079,017,017079,In Corso,COLLAUDO,SCUOLE MATERNE,Collaudo non concluso,0,1,0,2022-10-13,,2026-06-30,2022.0,0,NUOVA REALIZZAZIONE,Nuova realizzazione,2623014.14,1932000.0,7,5,1,1,6,1,1
C45E22000120006,Abruzzo,005,067,067005,In Corso,ESECUZIONE LAVORI,ASILI NIDO,Esecuzione lavori,0,0,0,2022-01-10,,2026-06-30,2022.0,0,NUOVA REALIZZAZIONE,Nuova realizzazione,904731.11,822482.83,7,7,1,1,6,0,1
C45E22000130006,Lombardia,012,019,019012,In Corso,ESECUZIONE LAVORI,ASILI NIDO,Esecuzione lavori,0,0,0,2023-02-27,,2026-04-15,2023.0,0,NUOVA REALIZZAZIONE,Nuova realizzazione,2228252.0,2001600.0,5,2,1,1,3,0,1
C45E22000220006,Sardegna,054,111,111054,In Corso,COLLAUDO,ASILI NIDO,Collaudo non concluso,0,1,0,2023-02-01,,2025-12-31,2023.0,0,NUOVA REALIZZAZIONE,Nuova realizzazione,720000.0,720000.0,3,0,1,1,2,0,1
C45E22000250006,Piemonte,082,003,003082,Concluso,COLLAUDO,ASILI NIDO,Concluso,1,1,1,2022-09-08,2025-12-04,2026-06-30,2022.0,0,NUOVA REALIZZAZIONE,Nuova realizzazione,1092300.0,993000.0,11,11,1,1,10,0,1
C45E22000270006,Sicilia,066,083,083066,In Corso,ESECUZIONE LAVORI,ASILI NIDO,Esecuzione lavori,0,0,0,2022-12-19,,2026-09-30,2022.0,0,NUOVA REALIZZAZIONE,Nuova realizzazione,1672000.0,1672000.0,4,2,1,1,1,0,1
C45E22000330006,Calabria,020,102,102020,In Corso,ESECUZIONE LAVORI,SCUOLE MATERNE,Esecuzione lavori,0,0,0,2023-02-23,,2026-06-30,2023.0,0,NUOVA REALIZZAZIONE,Nuova realizzazione,1433355.5,1433355.5,5,0,1,1,4,0,1
C45E24000060001,Piemonte,059,001,001059,In Corso,COLLAUDO,ASILI NIDO,Collaudo non concluso,0,1,0,2024-05-20,,2026-06-30,2024.0,0,NUOVA REALIZZAZIONE,Nuova realizzazione,1862500.0,1440000.0,11,11,1,1,11,1,1
C45E24000070006,Lazio,114,058,058114,In Corso,ESECUZIONE LAVORI,ASILI NIDO,Esecuzione lavori,0,0,0,2024-08-09,,2026-08-30,2024.0,0,NUOVA REALIZZAZIONE,Nuova realizzazione,864000.0,864000.0,5,5,1,1,4,0,1
C45E24000090002,Puglia,017,073,073017,In Corso,COLLAUDO,ASILI NIDO,Collaudo non concluso,0,1,0,2024-09-05,,2026-06-30,2024.0,0,NUOVA REALIZZAZIONE,Nuova realizzazione,576000.0,576000.0,3,3,1,1,2,0,1
C45E24000100006,Lombardia,007,017,017007,In Corso,ESECUZIONE LAVORI,ASILI NIDO,Esecuzione lavori,0,0,0,2024-09-05,,2026-06-30,2024.0,0,NUOVA REALIZZAZIONE,Nuova realizzazione,500000.0,480000.0,4,6,1,1,3,0,1
C45E24000120006,Calabria,028,080,080028,In Corso,COLLAUDO,ASILI NIDO,Collaudo non concluso,0,1,0,2024-07-25,,2026-06-30,2024.0,0,NUOVA REALIZZAZIONE,Nuova realizzazione,480000.0,480000.0,2,1,1,1,1,0,1
C45E25000030006,Umbria,007,054,054007,In Corso,PREDISPOSIZIONE CAPITOLATO E BANDO DI GARA,ASILI NIDO,Prima dell'esecuzione,0,0,0,2025-11-05,,2026-12-31,2025.0,0,NUOVA REALIZZAZIONE,Nuova realizzazione,480000.0,480000.0,4,4,1,1,4,0,1
C45E25000040006,Campania,072,064,064072,In Corso,COLLAUDO,ASILI NIDO,Collaudo non concluso,0,1,0,,,,,0,NUOVA REALIZZAZIONE,Nuova realizzazione,480000.0,480000.0,1,1,1,1,0,0,1
C45E25000050006,Veneto,027,024,024027,In Corso,COLLAUDO,ASILI NIDO,Collaudo non concluso,0,1,0,2025-07-30,,2026-06-30,2025.0,0,NUOVA REALIZZAZIONE,Nuova realizzazione,850000.0,576000.0,8,8,1,1,7,0,1
C45E25000080006,Umbria,014,055,055014,In Corso,ESECUZIONE LAVORI,ASILI NIDO,Esecuzione lavori,0,0,0,2025-08-19,,2026-06-30,2025.0,0,NUOVA REALIZZAZIONE,Nuova realizzazione,882000.0,864000.0,2,5,1,1,1,0,1
C45E25000140006,Calabria,028,080,080028,In Corso,AGGIUDICAZIONE,ASILI NIDO,Prima dell'esecuzione,0,0,0,2025-09-18,,2026-08-31,2025.0,0,NUOVA REALIZZAZIONE,Nuova realizzazione,576000.0,576000.0,1,1,1,0,1,0,1
C47G22000010006,Emilia-Romagna,018,099,099018,Concluso,COLLAUDO,ASILI NIDO,Concluso,1,1,1,2023-01-18,2025-12-12,2025-12-31,2023.0,0,RECUPERO,Ristrutturazione/recupero,1165450.0,1059500.0,4,5,1,1,3,0,1
C47G22000090006,Sicilia,004,087,087004,In Corso,COLLAUDO,ASILI NIDO,Collaudo non concluso,0,1,0,2022-11-28,,2026-06-30,2022.0,0,RECUPERO,Ristrutturazione/recupero,1364026.66,1332248.0,2,2,1,1,1,1,1
C47G25000130006,Calabria,028,080,080028,In Corso,AGGIUDICAZIONE,ASILI NIDO,Prima dell'esecuzione,0,0,0,2025-08-02,,2026-08-31,2025.0,0,RECUPERO,Ristrutturazione/recupero,300000.0,300000.0,1,1,1,0,1,0,1
C47H21000810001,Lombardia,209,015,015209,In Corso,COLLAUDO,ALTRE STRUTTURE SOCIALI,Collaudo non concluso,0,1,0,2021-04-15,,2026-06-30,2021.0,1,MANUTENZIONE STRAORDINARIA,Altro,4335500.0,3000000.0,26,31,1,1,25,0,1
C48H21000140006,Puglia,001,072,072001,In Corso,COLLAUDO,ASILI NIDO,Collaudo non concluso,0,1,0,2023-05-09,,2026-06-30,2023.0,0,RISTRUTTURAZIONE (PER CAMBIO DI DESTINAZIONE D'USO),Ristrutturazione/recupero,597546.97,412000.0,4,7,1,1,3,0,1
C48H22000000006,Trentino-Alto Adige,230,022,022230,In Corso,COLLAUDO,ASILI NIDO,Collaudo non concluso,0,1,0,2022-11-14,,2026-05-15,2022.0,0,AMPLIAMENTO (COMPRESA SOPRAELEVAZIONE) O POTENZIAMENTO,Ampliamento,1357000.0,755500.0,17,17,1,1,14,0,1
C48H22000010006,Calabria,028,080,080028,Concluso,COLLAUDO,ASILI NIDO,Concluso,1,1,1,2022-10-20,2024-06-15,2026-06-30,2022.0,0,RISTRUTTURAZIONE (PER CAMBIO DI DESTINAZIONE D'USO),Ristrutturazione/recupero,600000.0,600000.0,2,2,1,1,1,0,1
C48H24000420006,Sicilia,018,089,089018,In Corso,ESECUZIONE LAVORI,ASILI NIDO,Esecuzione lavori,0,0,0,2024-07-24,,2026-06-30,2024.0,0,RISTRUTTURAZIONE (PER CAMBIO DI DESTINAZIONE D'USO),Ristrutturazione/recupero,700000.0,640000.0,2,2,1,1,1,0,1
C48H24000430006,Campania,042,061,061042,In Corso,ESECUZIONE LAVORI,ASILI NIDO,Esecuzione lavori,0,0,0,2024-01-29,,2026-06-30,2024.0,0,AMPLIAMENTO (COMPRESA SOPRAELEVAZIONE) O POTENZIAMENTO,Ampliamento,576000.0,576000.0,3,3,1,1,1,0,1
C48H24000440006,Sicilia,004,087,087004,In Corso,COLLAUDO,ASILI NIDO,Collaudo non concluso,0,1,0,2024-06-13,,2026-06-30,2024.0,0,RISTRUTTURAZIONE (PER CAMBIO DI DESTINAZIONE D'USO),Ristrutturazione/recupero,1270000.0,1000000.0,2,2,1,1,2,1,1
C48H24000450006,Sicilia,004,087,087004,In Corso,COLLAUDO,ASILI NIDO,Collaudo non concluso,0,1,0,2024-07-10,,2026-06-30,2024.0,0,RISTRUTTURAZIONE (PER CAMBIO DI DESTINAZIONE D'USO),Ristrutturazione/recupero,1000000.0,1000000.0,1,2,1,0,0,0,1
C48H25000360006,Campania,076,062,062076,In Corso,ESECUZIONE LAVORI,ASILI NIDO,Esecuzione lavori,0,0,0,2022-12-05,,2026-08-31,2022.0,0,RISTRUTTURAZIONE (PER CAMBIO DI DESTINAZIONE D'USO),Ristrutturazione/recupero,480000.0,480000.0,1,0,1,1,0,0,1
C48I22000060006,Sardegna,078,090,090078,In Corso,ESECUZIONE LAVORI,ASILI NIDO,Esecuzione lavori,0,0,0,2023-01-01,,2025-12-31,2023.0,0,RISTRUTTURAZIONE CON EFFICIENTAMENTO ENERGETICO,Ristrutturazione/recupero,490000.0,390000.0,2,5,1,1,1,0,1
C48I22000110006,Friuli-Venezia Giulia,041,030,030041,In Corso,COLLAUDO,SCUOLE MATERNE,Collaudo non concluso,0,1,0,2023-02-09,,2026-06-30,2023.0,0,RISTRUTTURAZIONE CON EFFICIENTAMENTO ENERGETICO,Ristrutturazione/recupero,1089000.0,990000.0,5,4,1,1,2,0,1
C51B21002720001,Lazio,005,059,059005,In Corso,ESECUZIONE LAVORI,SCUOLE MATERNE,Esecuzione lavori,0,0,0,2022-09-09,,2026-06-30,2022.0,1,NUOVA REALIZZAZIONE,Nuova realizzazione,3031539.2,2500000.0,6,1,1,1,5,0,1
C51B21002900006,Campania,007,061,061007,In Corso,COLLAUDO,ASILI NIDO,Collaudo non concluso,0,1,0,2021-05-19,,2026-06-30,2021.0,1,NUOVA REALIZZAZIONE,Nuova realizzazione,2887000.42,2887000.42,4,4,1,1,3,0,1
C51B21008750006,Puglia,029,072,072029,In Corso,COLLAUDO,ASILI NIDO,Collaudo non concluso,0,1,0,2022-10-21,,2026-06-30,2022.0,0,NUOVA REALIZZAZIONE,Nuova realizzazione,2376000.0,2160000.0,6,5,1,1,5,0,1
C51B22000770006,Trentino-Alto Adige,168,022,022168,Concluso,COLLAUDO,ASILI NIDO,Concluso,1,1,1,2021-12-13,2025-04-14,2025-12-31,2021.0,0,NUOVA REALIZZAZIONE,Nuova realizzazione,475000.0,475000.0,10,10,1,1,9,0,1
C51B22001350006,Puglia,029,072,072029,In Corso,ESECUZIONE LAVORI,SCUOLE MATERNE,Esecuzione lavori,0,0,0,2022-10-21,,2026-07-30,2022.0,0,NUOVA REALIZZAZIONE,Nuova realizzazione,3109700.0,2827000.0,4,8,1,1,3,0,1
C51B22001440006,Valle d'Aosta,065,007,007065,In Corso,ESECUZIONE LAVORI,ASILI NIDO,Esecuzione lavori,0,0,0,2023-01-20,,2026-06-30,2023.0,0,NUOVA REALIZZAZIONE,Nuova realizzazione,1532339.23,714200.0,10,12,1,1,10,1,1
C51B22001460006,Liguria,029,009,009029,In Corso,ESECUZIONE LAVORI,SCUOLE MATERNE,Esecuzione lavori,0,0,0,2022-09-08,,2026-08-31,2022.0,0,NUOVA REALIZZAZIONE,Nuova realizzazione,2866710.0,2866710.0,9,10,1,1,9,1,1
C51B22001470006,Lazio,005,059,059005,In Corso,ESECUZIONE LAVORI,ASILI NIDO,Esecuzione lavori,0,0,0,2022-11-02,,2026-06-30,2022.0,0,NUOVA REALIZZAZIONE,Nuova realizzazione,1531200.0,1392000.0,6,6,1,1,5,0,1
C51B22001480006,Lazio,005,059,059005,In Corso,ESECUZIONE LAVORI,ASILI NIDO,Esecuzione lavori,0,0,0,2022-10-31,,2026-06-30,2022.0,0,NUOVA REALIZZAZIONE,Nuova realizzazione,1372800.0,1248000.0,6,4,1,1,4,0,1
C51B22001520006,Trentino-Alto Adige,123,022,022123,In Corso,COLLAUDO,ASILI NIDO,Collaudo non concluso,0,1,0,2022-12-14,,2026-06-30,2022.0,0,NUOVA REALIZZAZIONE,Nuova realizzazione,3170000.0,1728000.0,17,17,1,1,16,0,1
C53C22000000006,Campania,035,065,065035,In Corso,COLLAUDO,ASILI NIDO,Collaudo non concluso,0,1,0,2022-02-23,,2026-09-30,2022.0,0,RISTRUTTURAZIONE CON EFFICIENTAMENTO ENERGETICO,Ristrutturazione/recupero,443000.0,443000.0,2,2,1,1,1,0,1
C53C22000020006,Sardegna,070,090,090070,In Corso,COLLAUDO,SCUOLE MATERNE,Collaudo non concluso,0,1,0,2022-09-08,,2026-06-30,2022.0,0,RISTRUTTURAZIONE CON EFFICIENTAMENTO ENERGETICO,Ristrutturazione/recupero,1131118.33,1131118.33,3,5,1,1,2,0,1
C53C22000040001,Trentino-Alto Adige,123,022,022123,In Corso,COLLAUDO,ASILI NIDO,Collaudo non concluso,0,1,0,2022-12-14,,2026-06-30,2022.0,0,RISTRUTTURAZIONE CON EFFICIENTAMENTO ENERGETICO,Ristrutturazione/recupero,3400000.0,1258400.0,12,12,1,1,11,0,1
C53C22000050006,Emilia-Romagna,021,035,035021,Concluso,COLLAUDO,ASILI NIDO,Concluso,1,1,1,2023-01-18,2025-08-11,2025-06-30,2023.0,0,RISTRUTTURAZIONE CON EFFICIENTAMENTO ENERGETICO,Ristrutturazione/recupero,717579.84,652345.31,4,5,1,1,4,1,1
C53C24000300006,Calabria,038,080,080038,In Corso,ESECUZIONE LAVORI,ASILI NIDO,Esecuzione lavori,0,0,0,2024-05-15,,2026-06-30,2024.0,0,RISTRUTTURAZIONE CON EFFICIENTAMENTO ENERGETICO,Ristrutturazione/recupero,600000.0,600000.0,3,3,1,1,2,0,1
C53C25000140006,Campania,079,061,061079,In Corso,ESECUZIONE LAVORI,ASILI NIDO,Esecuzione lavori,0,0,0,2025-08-02,,2026-08-31,2025.0,0,RISTRUTTURAZIONE CON EFFICIENTAMENTO ENERGETICO,Ristrutturazione/recupero,672000.0,672000.0,4,5,1,1,3,0,1
C53D22000030006,Toscana,014,047,047014,In Corso,COLLAUDO,ASILI NIDO,Collaudo non concluso,0,1,0,2022-10-24,,2026-06-30,2022.0,0,RECUPERO,Ristrutturazione/recupero,450000.0,450000.0,9,9,1,1,8,0,1
C54E22000370006,Veneto,082,024,024082,In Corso,COLLAUDO,ASILI NIDO,Collaudo non concluso,0,1,0,2022-10-26,,2024-06-27,2022.0,0,AMPLIAMENTO (COMPRESA SOPRAELEVAZIONE) O POTENZIAMENTO,Ampliamento,116446.6,84466.01,2,2,1,1,2,0,1
C55E21000030006,Lombardia,033,018,018033,In Corso,ESECUZIONE LAVORI,SCUOLE MATERNE,Esecuzione lavori,0,0,0,2022-02-24,,2026-06-30,2022.0,0,NUOVA REALIZZAZIONE,Nuova realizzazione,2519859.66,2333203.39,4,1,1,1,4,1,1
C55E22000000006,Piemonte,189,004,004189,In Corso,COLLAUDO,SCUOLE MATERNE,Collaudo non concluso,0,1,0,2022-02-18,,2026-06-30,2022.0,0,NUOVA REALIZZAZIONE,Nuova realizzazione,1540000.0,1400000.0,5,5,1,1,5,1,1
C55E22000020006,Sicilia,076,083,083076,Concluso,COLLAUDO,SCUOLE MATERNE,Concluso,1,1,1,2022-10-26,2025-09-17,2025-09-17,2022.0,0,NUOVA REALIZZAZIONE,Nuova realizzazione,823721.55,823721.55,4,4,1,1,3,0,1
C55E22000160006,Marche,054,044,044054,In Corso,COLLAUDO,SCUOLE MATERNE,Collaudo non concluso,0,1,0,2023-03-10,,2026-06-30,2023.0,0,NUOVA REALIZZAZIONE,Nuova realizzazione,4950000.0,4500000.0,12,13,1,1,11,0,1
C55E22000180006,Veneto,056,028,028056,In Corso,ESECUZIONE LAVORI,ASILI NIDO,Esecuzione lavori,0,0,0,2022-12-02,,2026-06-30,2022.0,0,NUOVA REALIZZAZIONE,Nuova realizzazione,2108464.08,1556074.08,7,8,1,1,5,0,1
C55E22000220006,Sicilia,005,087,087005,In Corso,ESECUZIONE LAVORI,ASILI NIDO,Esecuzione lavori,0,0,0,2022-10-21,,2026-08-31,2022.0,0,NUOVA REALIZZAZIONE,Nuova realizzazione,857200.0,552000.0,6,10,1,1,2,0,1
C55E22000230005,Toscana,008,050,050008,In Corso,ESECUZIONE LAVORI,ASILI NIDO,Esecuzione lavori,0,0,0,2022-03-30,,2026-09-30,2022.0,0,NUOVA REALIZZAZIONE,Nuova realizzazione,2278893.0,1452000.0,12,19,1,1,11,0,1
C55E22000240006,Abruzzo,031,068,068031,In Corso,ESECUZIONE LAVORI,ASILI NIDO,Esecuzione lavori,0,0,0,2022-11-29,,2026-06-30,2022.0,0,NUOVA REALIZZAZIONE,Nuova realizzazione,1200000.0,1200000.0,3,3,1,1,1,0,1
C55E22000250006,Calabria,038,080,080038,In Corso,ESECUZIONE LAVORI,ASILI NIDO,Esecuzione lavori,0,0,0,2022-03-31,,2026-06-30,2022.0,0,NUOVA REALIZZAZIONE,Nuova realizzazione,1100000.0,1100000.0,5,5,1,1,4,0,1
C55E22000260006,Campania,098,065,065098,In Corso,COLLAUDO,ASILI NIDO,Collaudo non concluso,0,1,0,2022-10-31,,2026-06-30,2022.0,0,NUOVA REALIZZAZIONE,Nuova realizzazione,744000.0,744000.0,4,4,1,1,3,0,1
C55E24000000006,Lazio,016,058,058016,In Corso,COLLAUDO,ASILI NIDO,Collaudo non concluso,0,1,0,2024-09-25,,2026-06-30,2024.0,0,NUOVA REALIZZAZIONE,Nuova realizzazione,576000.0,576000.0,2,2,1,1,1,0,1
C55E24000020001,Piemonte,168,001,001168,In Corso,COLLAUDO,ASILI NIDO,Collaudo non concluso,0,1,0,2024-08-01,,2026-06-30,2024.0,0,NUOVA REALIZZAZIONE,Nuova realizzazione,974440.32,576000.0,5,5,1,1,4,0,1
C55E24000030006,Campania,010,064,064010,In Corso,COLLAUDO,ASILI NIDO,Collaudo non concluso,0,1,0,2025-01-29,,2026-06-30,2025.0,0,NUOVA REALIZZAZIONE,Nuova realizzazione,576000.0,576000.0,1,0,1,1,0,0,1
C55E25000030006,Basilicata,011,076,076011,In Corso,ESECUZIONE LAVORI,ASILI NIDO,Esecuzione lavori,0,0,0,2025-09-26,,2026-06-30,2025.0,0,NUOVA REALIZZAZIONE,Nuova realizzazione,480000.0,480000.0,3,3,1,1,2,0,1
C55E25000040006,Lombardia,206,017,017206,In Corso,ESECUZIONE LAVORI,ASILI NIDO,Esecuzione lavori,0,0,0,2025-06-24,,2026-06-30,2025.0,0,NUOVA REALIZZAZIONE,Nuova realizzazione,576000.0,576000.0,5,5,1,1,4,0,1
C55E25000070006,Puglia,040,071,071040,In Corso,ESECUZIONE LAVORI,ASILI NIDO,Esecuzione lavori,0,0,0,2025-09-23,,2026-08-31,2025.0,0,NUOVA REALIZZAZIONE,Nuova realizzazione,480000.0,480000.0,3,3,1,1,2,0,1
C56F22000030006,Lazio,057,060,060057,In Corso,COLLAUDO,ASILI NIDO,Collaudo non concluso,0,1,0,2021-12-02,,2026-06-30,2021.0,0,DEMOLIZIONE,Demolizione/ricostruzione,1052433.06,956762.0,8,10,1,1,7,0,1
C57G22000080006,Calabria,087,078,078087,Concluso,COLLAUDO,SCUOLE MATERNE,Concluso,1,1,1,2023-05-15,2026-04-20,2026-04-20,2023.0,0,RECUPERO,Ristrutturazione/recupero,849728.0,772480.0,4,4,1,1,3,0,1
C57G22000090006,Liguria,056,009,009056,Concluso,COLLAUDO,ASILI NIDO,Concluso,1,1,1,2022-01-10,2025-03-25,2025-04-15,2022.0,0,RECUPERO,Ristrutturazione/recupero,647012.0,647012.0,3,3,1,1,1,0,1
C57G25000260006,Abruzzo,074,069,069074,In Corso,ESECUZIONE LAVORI,ASILI NIDO,Esecuzione lavori,0,0,0,2025-10-31,,2026-06-30,2025.0,0,RECUPERO,Ristrutturazione/recupero,480000.0,480000.0,5,10,1,1,4,0,1
C58H22000050006,Lombardia,250,013,013250,Concluso,COLLAUDO,ASILI NIDO,Concluso,1,1,1,2022-01-12,2025-12-29,2025-12-29,2022.0,0,RISTRUTTURAZIONE (PER CAMBIO DI DESTINAZIONE D'USO),Ristrutturazione/recupero,1015300.0,923000.0,4,3,1,1,3,0,1
C58H22000110006,Marche,031,042,042031,In Corso,COLLAUDO,ASILI NIDO,Collaudo non concluso,0,1,0,2022-12-09,,2026-06-30,2022.0,0,AMPLIAMENTO (COMPRESA SOPRAELEVAZIONE) O POTENZIAMENTO,Ampliamento,459419.88,383780.0,5,5,1,1,4,0,1
C58H22000320006,Sicilia,076,083,083076,In Corso,ESECUZIONE LAVORI,ASILI NIDO,Esecuzione lavori,0,0,0,2023-05-25,,2026-09-29,2023.0,0,AMPLIAMENTO (COMPRESA SOPRAELEVAZIONE) O POTENZIAMENTO,Ampliamento,2220000.0,2220000.0,6,6,1,1,5,0,1
C58H22000330006,Sicilia,076,083,083076,Concluso,COLLAUDO,ASILI NIDO,Concluso,1,1,1,2023-05-25,2026-04-20,2026-09-28,2023.0,0,RISTRUTTURAZIONE (PER CAMBIO DI DESTINAZIONE D'USO),Ristrutturazione/recupero,750000.0,750000.0,6,6,1,1,5,0,1
C58H24000450006,Sicilia,007,086,086007,In Corso,ESECUZIONE LAVORI,ASILI NIDO,Esecuzione lavori,0,0,0,2024-11-14,,2026-06-30,2024.0,0,RISTRUTTURAZIONE (PER CAMBIO DI DESTINAZIONE D'USO),Ristrutturazione/recupero,460000.0,460000.0,1,0,1,1,0,0,1
C58H25000230006,Piemonte,117,004,004117,In Corso,COLLAUDO,ASILI NIDO,Collaudo non concluso,0,1,0,2025-07-18,,2026-06-30,2025.0,0,RISTRUTTURAZIONE (PER CAMBIO DI DESTINAZIONE D'USO),Ristrutturazione/recupero,760000.0,480000.0,6,6,1,1,5,0,1
C58H25000240006,Lazio,011,056,056011,In Corso,ESECUZIONE LAVORI,ASILI NIDO,Esecuzione lavori,0,0,0,2025-06-16,,2026-06-30,2025.0,0,RISTRUTTURAZIONE (PER CAMBIO DI DESTINAZIONE D'USO),Ristrutturazione/recupero,400000.0,400000.0,2,2,1,1,1,0,1
C61B21002530001,Toscana,010,045,045010,In Corso,COLLAUDO,SCUOLE MATERNE,Collaudo non concluso,0,1,0,2022-09-22,,2026-06-30,2022.0,1,NUOVA REALIZZAZIONE,Nuova realizzazione,3500000.0,2900000.0,9,11,1,1,8,0,1
C61B21003130005,Emilia-Romagna,012,040,040012,In Corso,ESECUZIONE LAVORI,ALTRE INFRASTRUTTURE,Esecuzione lavori,0,0,0,2021-05-19,,2026-03-31,2021.0,1,NUOVA REALIZZAZIONE,Nuova realizzazione,3400000.0,2100000.0,15,12,1,1,8,0,1
C61B21003630005,Toscana,007,051,051007,In Corso,ESECUZIONE LAVORI,ASILI NIDO,Esecuzione lavori,0,0,0,2021-03-22,,2026-05-31,2021.0,1,NUOVA REALIZZAZIONE,Nuova realizzazione,638000.0,551000.0,2,3,1,1,1,0,1
C61B21013850006,Lombardia,057,020,020057,In Corso,COLLAUDO,SCUOLE MATERNE,Collaudo non concluso,0,1,0,2022-09-08,,2026-06-15,2022.0,0,NUOVA REALIZZAZIONE,Nuova realizzazione,3300000.0,2500000.0,11,11,1,1,10,0,1
C61B22000240006,Emilia-Romagna,014,039,039014,In Corso,COLLAUDO,ASILI NIDO,Collaudo non concluso,0,1,0,2022-10-26,,2026-06-30,2022.0,0,NUOVA REALIZZAZIONE,Nuova realizzazione,2400000.0,1850000.0,6,6,1,1,6,1,1
C61B22000250006,Emilia-Romagna,014,039,039014,In Corso,ESECUZIONE LAVORI,ASILI NIDO,Esecuzione lavori,0,0,0,2022-12-29,,2026-06-30,2022.0,0,NUOVA REALIZZAZIONE,Nuova realizzazione,2950000.0,2160000.0,4,4,1,1,4,1,1
C61B22000410006,Lombardia,069,014,014069,Concluso,COLLAUDO,ASILI NIDO,Concluso,1,1,1,2022-09-08,2025-01-15,2026-06-30,2022.0,0,NUOVA REALIZZAZIONE,Nuova realizzazione,1320000.0,1200000.0,4,6,1,1,3,0,1
C61B22001850007,Abruzzo,043,067,067043,In Corso,COLLAUDO,SCUOLE MATERNE,Collaudo non concluso,0,1,0,2023-01-24,,2026-06-30,2023.0,0,NUOVA REALIZZAZIONE,Nuova realizzazione,1010000.0,960000.0,5,6,1,1,4,0,1
C61B22001880006,Sardegna,006,091,091006,In Corso,ESECUZIONE LAVORI,SCUOLE MATERNE,Esecuzione lavori,0,0,0,2022-12-15,,2026-06-30,2022.0,0,NUOVA REALIZZAZIONE,Nuova realizzazione,2704848.0,2704848.0,7,10,1,1,6,0,1
C63C21000080006,Sicilia,086,083,083086,In Corso,ESECUZIONE LAVORI,SCUOLE MATERNE,Esecuzione lavori,0,0,0,2022-11-16,,2026-06-30,2022.0,0,RISTRUTTURAZIONE CON EFFICIENTAMENTO ENERGETICO,Ristrutturazione/recupero,3815330.4,3815330.4,6,6,1,1,5,1,1
C63C22000010006,Toscana,032,052,052032,In Corso,COLLAUDO,ASILI NIDO,Collaudo non concluso,0,1,0,2023-02-05,,2026-02-06,2023.0,0,RECUPERO,Ristrutturazione/recupero,1400000.0,1400000.0,9,8,1,1,7,0,1
C63C22000020006,Calabria,003,080,080003,In Corso,ESECUZIONE LAVORI,SCUOLE MATERNE,Esecuzione lavori,0,0,0,2023-03-29,,2026-06-30,2023.0,0,RISTRUTTURAZIONE CON EFFICIENTAMENTO ENERGETICO,Ristrutturazione/recupero,539300.0,539300.0,4,4,1,1,3,0,1
C63C22000030006,Molise,042,094,094042,In Corso,ESECUZIONE LAVORI,SCUOLE MATERNE,Esecuzione lavori,0,0,0,2023-05-05,,2026-06-30,2023.0,0,RISTRUTTURAZIONE CON EFFICIENTAMENTO ENERGETICO,Ristrutturazione/recupero,630000.0,630000.0,2,2,1,1,1,0,1
C63C22000420006,Sicilia,086,083,083086,Concluso,COLLAUDO,ASILI NIDO,Concluso,1,1,1,2022-10-14,2025-07-31,2025-07-31,2022.0,0,RISTRUTTURAZIONE CON EFFICIENTAMENTO ENERGETICO,Ristrutturazione/recupero,464760.0,464760.0,3,3,1,1,2,0,1
C63C22000430006,Campania,090,065,065090,In Corso,COLLAUDO,ASILI NIDO,Collaudo non concluso,0,1,0,2022-04-01,,2026-06-30,2022.0,0,RISTRUTTURAZIONE CON EFFICIENTAMENTO ENERGETICO,Ristrutturazione/recupero,956424.4,888950.0,3,3,1,1,2,0,1
C63C24000790006,Campania,062,061,061062,In Corso,Fase non disponibile,ASILI NIDO,Fase non disponibile,0,0,0,,,,,0,RISTRUTTURAZIONE CON EFFICIENTAMENTO ENERGETICO,Ristrutturazione/recupero,672000.0,672000.0,0,0,0,0,0,0,1
C63C24000800001,Toscana,036,050,050036,In Corso,COLLAUDO,ASILI NIDO,Collaudo non concluso,0,1,0,2024-06-13,,2026-03-31,2024.0,0,RISTRUTTURAZIONE CON EFFICIENTAMENTO ENERGETICO,Ristrutturazione/recupero,1080000.0,480000.0,4,5,1,1,3,0,1
C63C25000680006,Calabria,003,080,080003,In Corso,ESECUZIONE LAVORI,ASILI NIDO,Esecuzione lavori,0,0,0,2025-12-23,,2026-06-30,2025.0,0,RISTRUTTURAZIONE CON EFFICIENTAMENTO ENERGETICO,Ristrutturazione/recupero,480000.0,480000.0,3,3,1,0,3,0,1
C63D22000010006,Lombardia,127,012,012127,Concluso,COLLAUDO,ASILI NIDO,Concluso,1,1,1,2022-11-14,2024-08-20,2024-08-20,2022.0,0,RECUPERO,Ristrutturazione/recupero,246000.0,246000.0,4,4,1,1,3,0,1
C64D22000000001,Friuli-Venezia Giulia,023,031,031023,In Corso,COLLAUDO,ASILI NIDO,Collaudo non concluso,0,1,0,2022-12-29,,2026-06-30,2022.0,0,MANUTENZIONE STRAORDINARIA CON EFFICIENTAMENTO ENERGETICO,Altro,702900.0,639000.0,3,3,1,1,2,0,1
C65E21000010006,Lazio,022,060,060022,In Corso,ESECUZIONE LAVORI,ASILI NIDO,Esecuzione lavori,0,0,0,2022-11-29,,2026-06-30,2022.0,0,NUOVA REALIZZAZIONE,Nuova realizzazione,2356173.6,2141976.0,5,4,1,1,4,0,1
C65E22000000006,Lazio,080,058,058080,In Corso,COLLAUDO,ASILI NIDO,Collaudo non concluso,0,1,0,2022-09-08,,2026-06-30,2022.0,0,NUOVA REALIZZAZIONE,Nuova realizzazione,484000.0,440000.0,4,4,1,1,2,0,1
C65E22000010001,Veneto,061,026,026061,In Corso,COLLAUDO,ASILI NIDO,Collaudo non concluso,0,1,0,2022-02-07,,2026-06-30,2022.0,0,NUOVA REALIZZAZIONE,Nuova realizzazione,1620000.0,1500000.0,12,12,1,1,11,0,1
C65E22000020006,Umbria,018,054,054018,In Corso,COLLAUDO,ASILI NIDO,Collaudo non concluso,0,1,0,2022-11-25,,2026-06-30,2022.0,0,NUOVA REALIZZAZIONE,Nuova realizzazione,994400.0,904000.0,3,4,1,1,2,0,1
C65E22000110006,Lombardia,117,017,017117,In Corso,ESECUZIONE LAVORI,SCUOLE MATERNE,Esecuzione lavori,0,0,0,2023-02-24,,2026-08-31,2023.0,0,NUOVA REALIZZAZIONE,Nuova realizzazione,4611195.5,3492000.0,6,5,1,0,4,0,1
C65E22000120006,Calabria,015,101,101015,In Corso,COLLAUDO,SCUOLE MATERNE,Collaudo non concluso,0,1,0,2023-03-16,,2026-06-30,2023.0,0,NUOVA REALIZZAZIONE,Nuova realizzazione,1819635.0,1819635.0,2,1,1,1,1,0,1
C65E22000210006,Lazio,004,060,060004,In Corso,ESECUZIONE LAVORI,ASILI NIDO,Esecuzione lavori,0,0,0,2022-03-21,,2026-06-30,2022.0,0,NUOVA REALIZZAZIONE,Nuova realizzazione,861905.31,756000.0,2,2,1,1,1,0,1
C65E22000220006,Campania,081,065,065081,In Corso,ESECUZIONE LAVORI,ASILI NIDO,Esecuzione lavori,0,0,0,2022-12-31,,2026-08-31,2022.0,0,NUOVA REALIZZAZIONE,Nuova realizzazione,1551000.0,1410000.0,4,4,1,1,3,0,1
C65E22000230006,Emilia-Romagna,014,039,039014,In Corso,ESECUZIONE LAVORI,ASILI NIDO,Esecuzione lavori,0,0,0,2022-09-08,,2026-06-30,2022.0,0,NUOVA REALIZZAZIONE,Nuova realizzazione,3322000.0,2146000.0,6,6,1,1,6,1,1
C65E22000250006,Marche,050,042,042050,In Corso,COLLAUDO,ASILI NIDO,Collaudo non concluso,0,1,0,2023-01-26,,2026-06-30,2023.0,0,NUOVA REALIZZAZIONE,Nuova realizzazione,1254000.0,1140000.0,10,11,1,1,9,0,1
C65E22000280006,Molise,042,094,094042,In Corso,ESECUZIONE LAVORI,SCUOLE MATERNE,Esecuzione lavori,0,0,0,2022-11-24,,2026-06-30,2022.0,0,NUOVA REALIZZAZIONE,Nuova realizzazione,662400.0,662400.0,6,4,1,1,5,0,1
C65E24000040006,Sicilia,033,087,087033,In Corso,ESECUZIONE LAVORI,ASILI NIDO,Esecuzione lavori,0,0,0,2024-09-05,,2026-06-30,2024.0,0,NUOVA REALIZZAZIONE,Nuova realizzazione,2016000.0,2016000.0,4,8,1,1,4,1,1
C65E24000050001,Puglia,030,072,072030,In Corso,ESECUZIONE LAVORI,ASILI NIDO,Esecuzione lavori,0,0,0,2022-01-24,,2026-11-30,2022.0,0,NUOVA REALIZZAZIONE,Nuova realizzazione,2189625.95,1728000.0,2,3,1,1,1,0,1
C65E24000080006,Sicilia,021,084,084021,In Corso,COLLAUDO,ASILI NIDO,Collaudo non concluso,0,1,0,2024-09-24,,2026-06-30,2024.0,0,NUOVA REALIZZAZIONE,Nuova realizzazione,1728000.0,1728000.0,4,5,1,1,3,0,1
C65E24000090006,Calabria,012,080,080012,In Corso,ESECUZIONE LAVORI,ASILI NIDO,Esecuzione lavori,0,0,0,2024-04-30,,2026-06-30,2024.0,0,NUOVA REALIZZAZIONE,Nuova realizzazione,768000.0,768000.0,5,5,1,1,5,1,1
C65E24000110006,Puglia,087,075,075087,In Corso,ESECUZIONE LAVORI,ASILI NIDO,Esecuzione lavori,0,0,0,2024-06-13,,2026-06-30,2024.0,0,NUOVA REALIZZAZIONE,Nuova realizzazione,864000.0,864000.0,5,4,1,1,4,1,1
C65E24000130001,Lombardia,078,014,014078,In Corso,ESECUZIONE LAVORI,ASILI NIDO,Esecuzione lavori,0,0,0,2022-11-03,,2026-06-30,2022.0,0,NUOVA REALIZZAZIONE,Nuova realizzazione,650000.0,576000.0,5,5,1,1,4,0,1
C65E24000150006,Campania,026,061,061026,In Corso,ESECUZIONE LAVORI,ASILI NIDO,Esecuzione lavori,0,0,0,2024-10-30,,2025-12-31,2024.0,0,NUOVA REALIZZAZIONE,Nuova realizzazione,480000.0,480000.0,2,1,1,1,1,0,1
C65E24000170006,Toscana,032,052,052032,In Corso,ESECUZIONE LAVORI,ASILI NIDO,Esecuzione lavori,0,0,0,2025-08-26,,2026-06-30,2025.0,0,NUOVA REALIZZAZIONE,Nuova realizzazione,3000000.0,1440000.0,1,1,1,0,1,0,1
C65E24000180001,Veneto,023,027,027023,In Corso,ESECUZIONE LAVORI,ASILI NIDO,Esecuzione lavori,0,0,0,2024-06-13,,2026-06-30,2024.0,0,NUOVA REALIZZAZIONE,Nuova realizzazione,2050000.0,1440000.0,10,10,1,1,10,1,1
C65E25000010006,Puglia,087,075,075087,In Corso,ESECUZIONE LAVORI,ASILI NIDO,Esecuzione lavori,0,0,0,,,,,0,NUOVA REALIZZAZIONE,Nuova realizzazione,720000.0,720000.0,2,1,1,1,1,0,1
C65E25000020006,Calabria,003,080,080003,In Corso,ESECUZIONE LAVORI,ASILI NIDO,Esecuzione lavori,0,0,0,2025-08-12,,2026-06-30,2025.0,0,NUOVA REALIZZAZIONE,Nuova realizzazione,480000.0,480000.0,4,3,1,1,3,0,1
C65E25000030006,Campania,013,063,063013,In Corso,ESECUZIONE LAVORI,ASILI NIDO,Esecuzione lavori,0,0,0,2025-08-28,,2026-12-31,2025.0,0,NUOVA REALIZZAZIONE,Nuova realizzazione,672000.0,672000.0,1,1,1,0,0,0,1
C66F22000000006,Valle d'Aosta,003,007,007003,Concluso,COLLAUDO,ASILI NIDO,Concluso,1,1,1,2022-10-20,2025-12-22,2025-12-22,2022.0,0,DEMOLIZIONE,Demolizione/ricostruzione,1257182.75,614853.75,5,6,1,1,4,0,1
C66F22000140006,Sicilia,021,084,084021,In Corso,COLLAUDO,SCUOLE MATERNE,Collaudo non concluso,0,1,0,2022-09-08,,2026-06-30,2022.0,0,DEMOLIZIONE,Demolizione/ricostruzione,2094101.01,1904101.0,3,3,1,1,2,0,1
C67H21002410001,Campania,090,065,065090,In Corso,COLLAUDO,SERVIZI PER L'INFANZIA,Collaudo non concluso,0,1,0,2022-12-29,,2026-06-30,2022.0,1,MANUTENZIONE STRAORDINARIA,Altro,455211.64,445767.0,5,1,1,1,4,0,1
C68E18000120002,Puglia,087,075,075087,In Corso,ESECUZIONE LAVORI,SCUOLE MATERNE,Esecuzione lavori,0,0,0,2022-08-16,,2026-03-31,2022.0,1,NUOVA REALIZZAZIONE,Nuova realizzazione,3300000.0,3000000.0,12,3,1,1,11,0,1
C68H21000060006,Lazio,022,060,060022,In Corso,ESECUZIONE LAVORI,ASILI NIDO,Esecuzione lavori,0,0,0,2022-09-08,,2026-06-30,2022.0,0,AMPLIAMENTO (COMPRESA SOPRAELEVAZIONE) O POTENZIAMENTO,Ampliamento,730400.0,664000.0,4,4,1,1,3,0,1
C68H22000040006,Sardegna,035,090,090035,In Corso,COLLAUDO,ASILI NIDO,Collaudo non concluso,0,1,0,2022-02-28,,2026-06-30,2022.0,0,AMPLIAMENTO (COMPRESA SOPRAELEVAZIONE) O POTENZIAMENTO,Ampliamento,1062034.0,849627.2,3,5,1,1,2,0,1
C68H22000050006,Toscana,032,052,052032,In Corso,COLLAUDO,ASILI NIDO,Collaudo non concluso,0,1,0,2023-02-05,,2026-06-30,2023.0,0,RECUPERO,Ristrutturazione/recupero,760000.0,670000.0,7,7,1,1,6,0,1
C68H22000100006,Sicilia,033,087,087033,In Corso,COLLAUDO,ASILI NIDO,Collaudo non concluso,0,1,0,2022-10-24,,2026-06-30,2022.0,0,AMPLIAMENTO (COMPRESA SOPRAELEVAZIONE) O POTENZIAMENTO,Ampliamento,242000.0,220000.0,4,5,1,1,3,0,1
C68H22000380007,Sicilia,052,082,082052,In Corso,ESECUZIONE LAVORI,ASILI NIDO,Esecuzione lavori,0,0,0,2023-02-03,,2026-06-30,2023.0,0,RISTRUTTURAZIONE (PER CAMBIO DI DESTINAZIONE D'USO),Ristrutturazione/recupero,500450.0,500450.0,2,2,1,1,1,0,1
C68H24000460006,Campania,090,065,065090,In Corso,ESECUZIONE LAVORI,ASILI NIDO,Esecuzione lavori,0,0,0,2024-07-15,,2026-12-31,2024.0,0,RISTRUTTURAZIONE (PER CAMBIO DI DESTINAZIONE D'USO),Ristrutturazione/recupero,752500.0,720000.0,1,1,1,0,0,0,1
C68H24000470006,Piemonte,114,006,006114,In Corso,ESECUZIONE LAVORI,ASILI NIDO,Esecuzione lavori,0,0,0,2024-05-15,,2026-06-30,2024.0,0,RISTRUTTURAZIONE (PER CAMBIO DI DESTINAZIONE D'USO),Ristrutturazione/recupero,960000.0,960000.0,6,6,1,1,5,0,1
C68H24000480006,Lombardia,127,012,012127,In Corso,COLLAUDO,ASILI NIDO,Collaudo non concluso,0,1,0,2024-05-24,,2026-06-30,2024.0,0,RISTRUTTURAZIONE (PER CAMBIO DI DESTINAZIONE D'USO),Ristrutturazione/recupero,480000.0,480000.0,4,3,1,1,3,0,1
C68H24000500006,Lazio,022,060,060022,In Corso,Fase non disponibile,ASILI NIDO,Fase non disponibile,0,0,0,,,,,0,AMPLIAMENTO (COMPRESA SOPRAELEVAZIONE) O POTENZIAMENTO,Ampliamento,576000.0,576000.0,0,0,0,0,0,0,1
C68H24000520001,Marche,073,044,044073,In Corso,ESECUZIONE LAVORI,ASILI NIDO,Esecuzione lavori,0,0,0,2025-01-07,,2026-06-30,2025.0,0,RISTRUTTURAZIONE (PER CAMBIO DI DESTINAZIONE D'USO),Ristrutturazione/recupero,350000.0,350000.0,5,5,1,1,5,0,1
C68H25000250006,Calabria,031,102,102031,In Corso,ESECUZIONE LAVORI,ASILI NIDO,Esecuzione lavori,0,0,0,2025-08-12,,2026-08-31,2025.0,0,AMPLIAMENTO (COMPRESA SOPRAELEVAZIONE) O POTENZIAMENTO,Ampliamento,576000.0,576000.0,2,1,1,1,1,0,1
C68H25000260006,Lombardia,052,018,018052,In Corso,COLLAUDO,ASILI NIDO,Collaudo non concluso,0,1,0,,,,,0,RISTRUTTURAZIONE (PER CAMBIO DI DESTINAZIONE D'USO),Ristrutturazione/recupero,655000.0,500000.0,2,2,1,1,1,0,1
C68I21000210001,Abruzzo,012,069,069012,In Corso,COLLAUDO,SERVIZI PER L'INFANZIA,Collaudo non concluso,0,1,0,2023-04-11,,2026-06-30,2023.0,1,RISTRUTTURAZIONE CON EFFICIENTAMENTO ENERGETICO,Ristrutturazione/recupero,700000.0,700000.0,5,1,1,1,4,0,1
C69J21016640001,Sicilia,033,087,087033,In Corso,ESECUZIONE LAVORI,"EDIFICI SOCIALI, CULTURALI E ASSISTENZIALI",Esecuzione lavori,0,0,0,2022-09-27,,2026-06-30,2022.0,1,MANUTENZIONE STRAORDINARIA CON EFFICIENTAMENTO ENERGETICO,Altro,2200000.0,2000000.0,9,11,1,1,8,0,1
C71B21008590006,Friuli-Venezia Giulia,008,093,093008,In Corso,COLLAUDO,ASILI NIDO,Collaudo non concluso,0,1,0,2023-01-19,,2026-06-30,2023.0,1,NUOVA REALIZZAZIONE,Nuova realizzazione,1279214.32,972000.0,9,7,1,1,7,1,1
C71B21008600006,Piemonte,007,096,096007,In Corso,COLLAUDO,ASILI NIDO,Collaudo non concluso,0,1,0,2022-02-16,,2026-03-31,2022.0,0,NUOVA REALIZZAZIONE,Nuova realizzazione,525000.0,500000.0,11,11,1,1,9,0,1
C71B22001110006,Campania,007,062,062007,In Corso,ESECUZIONE LAVORI,ASILI NIDO,Esecuzione lavori,0,0,0,2023-01-16,,2026-06-30,2023.0,0,NUOVA REALIZZAZIONE,Nuova realizzazione,1500000.0,1500000.0,4,3,1,1,3,0,1
C71B22001500006,Basilicata,020,077,077020,In Corso,ESECUZIONE LAVORI,ASILI NIDO,Esecuzione lavori,0,0,0,2022-09-08,,2026-06-30,2022.0,0,NUOVA REALIZZAZIONE,Nuova realizzazione,2457876.38,2234433.07,9,10,1,1,8,0,1
C71B22001510006,Puglia,009,110,110009,In Corso,ESECUZIONE LAVORI,ASILI NIDO,Esecuzione lavori,0,0,0,2022-09-08,,2026-08-31,2022.0,0,NUOVA REALIZZAZIONE,Nuova realizzazione,2904000.0,2640000.0,6,6,1,1,4,2,1
C71B22001520006,Basilicata,020,077,077020,In Corso,ESECUZIONE LAVORI,SCUOLE MATERNE,Esecuzione lavori,0,0,0,2022-09-08,,2026-06-30,2022.0,0,NUOVA REALIZZAZIONE,Nuova realizzazione,2268606.75,2062369.77,7,8,1,1,6,0,1
C71B22001550001,Lombardia,077,015,015077,In Corso,COLLAUDO,SCUOLE MATERNE,Collaudo non concluso,0,1,0,2022-12-29,,2026-06-30,2022.0,0,NUOVA REALIZZAZIONE,Nuova realizzazione,1370432.1,1156553.9,7,8,1,1,6,0,1
C72C22000080006,Lombardia,127,017,017127,In Corso,COLLAUDO,SCUOLE MATERNE,Collaudo non concluso,0,1,0,2022-12-07,,2026-06-30,2022.0,0,DEMOLIZIONE,Demolizione/ricostruzione,5016000.0,4560000.0,13,13,1,1,12,0,1
C73C22000020006,Calabria,022,080,080022,In Corso,COLLAUDO,SCUOLE MATERNE,Collaudo non concluso,0,1,0,2022-10-31,,2025-12-31,2022.0,0,RISTRUTTURAZIONE CON EFFICIENTAMENTO ENERGETICO,Ristrutturazione/recupero,300000.0,300000.0,2,3,1,1,1,0,1
C73C24000110006,Calabria,143,078,078143,In Corso,ESECUZIONE LAVORI,ASILI NIDO,Esecuzione lavori,0,0,0,2024-09-17,,2026-06-30,2024.0,0,RISTRUTTURAZIONE CON EFFICIENTAMENTO ENERGETICO,Ristrutturazione/recupero,560000.0,560000.0,5,7,1,1,4,0,1
C74E21003490001,Toscana,014,048,048014,In Corso,ESECUZIONE LAVORI,ASILI NIDO,Esecuzione lavori,0,0,0,2022-12-29,,2026-06-30,2022.0,0,AMPLIAMENTO (COMPRESA SOPRAELEVAZIONE) O POTENZIAMENTO,Ampliamento,987284.0,872840.0,12,11,1,1,12,0,1
C75E21000030005,Lombardia,252,013,013252,In Corso,COLLAUDO,SCUOLE MATERNE,Collaudo non concluso,0,1,0,2023-03-20,,2025-12-31,2023.0,0,NUOVA REALIZZAZIONE,Nuova realizzazione,3550400.0,3350400.0,5,1,1,1,4,0,1
C75E22000000006,Umbria,055,054,054055,In Corso,COLLAUDO,ASILI NIDO,Collaudo non concluso,0,1,0,2022-12-30,,2026-06-30,2022.0,0,NUOVA REALIZZAZIONE,Nuova realizzazione,1232187.25,800000.0,3,3,1,1,2,0,1
C75E22000010006,Calabria,053,078,078053,In Corso,ESECUZIONE LAVORI,ASILI NIDO,Esecuzione lavori,0,0,0,2022-02-01,,2026-06-30,2022.0,0,NUOVA REALIZZAZIONE,Nuova realizzazione,681083.88,681083.88,4,4,1,1,3,0,1
C75E22000090006,Campania,043,062,062043,In Corso,COLLAUDO,ASILI NIDO,Collaudo non concluso,0,1,0,2022-02-01,,2026-06-30,2022.0,0,NUOVA REALIZZAZIONE,Nuova realizzazione,531300.0,483000.0,1,1,1,1,0,0,1
C75E22000130006,Sardegna,075,111,111075,In Corso,ESECUZIONE LAVORI,ASILI NIDO,Esecuzione lavori,0,0,0,2022-02-21,,2026-12-31,2022.0,0,NUOVA REALIZZAZIONE,Nuova realizzazione,1237500.0,1125000.0,2,1,1,1,2,1,1
C75E22000150006,Campania,043,062,062043,In Corso,ESECUZIONE LAVORI,SCUOLE MATERNE,Esecuzione lavori,0,0,0,2022-12-14,,2026-08-31,2022.0,0,NUOVA REALIZZAZIONE,Nuova realizzazione,3392630.63,3084209.66,4,3,1,1,2,0,1
C75E22000200006,Calabria,041,102,102041,In Corso,ESECUZIONE LAVORI,ASILI NIDO,Esecuzione lavori,0,0,0,2023-10-16,,2026-06-30,2023.0,0,NUOVA REALIZZAZIONE,Nuova realizzazione,394489.2,394489.2,6,4,1,1,5,0,1
C75E22000220006,Lombardia,030,097,097030,In Corso,ESECUZIONE LAVORI,ASILI NIDO,Esecuzione lavori,0,0,0,2022-12-30,,2026-06-30,2022.0,0,NUOVA REALIZZAZIONE,Nuova realizzazione,1320000.0,1200000.0,4,4,1,1,4,1,1
C75E22000230006,Calabria,022,080,080022,In Corso,ESECUZIONE LAVORI,ASILI NIDO,Esecuzione lavori,0,0,0,2022-11-15,,2026-03-30,2022.0,0,NUOVA REALIZZAZIONE,Nuova realizzazione,280000.0,280000.0,4,5,1,1,3,0,1
C75E22000250006,Toscana,018,046,046018,In Corso,COLLAUDO,ASILI NIDO,Collaudo non concluso,0,1,0,2022-10-26,,2026-06-30,2022.0,0,NUOVA REALIZZAZIONE,Nuova realizzazione,1567225.0,1374750.0,10,5,1,1,9,0,1
C75E22000290006,Campania,043,062,062043,In Corso,COLLAUDO,SCUOLE MATERNE,Collaudo non concluso,0,1,0,2023-01-23,,2026-06-30,2023.0,0,NUOVA REALIZZAZIONE,Nuova realizzazione,1597296.62,1452087.84,3,4,1,1,2,0,1
C75E22000570006,Calabria,026,078,078026,In Corso,ESECUZIONE LAVORI,ASILI NIDO,Esecuzione lavori,0,0,0,2025-02-12,,2026-08-31,2025.0,0,NUOVA REALIZZAZIONE,Nuova realizzazione,1488000.0,1488000.0,8,7,1,1,7,0,1
C75E24000040006,Lombardia,127,017,017127,In Corso,COLLAUDO,ASILI NIDO,Collaudo non concluso,0,1,0,2024-07-09,,2026-06-30,2024.0,0,NUOVA REALIZZAZIONE,Nuova realizzazione,720000.0,720000.0,2,2,1,1,1,0,1
C75E24000060001,Emilia-Romagna,003,099,099003,In Corso,COLLAUDO,ASILI NIDO,Collaudo non concluso,0,1,0,2024-06-03,,2026-06-30,2024.0,0,NUOVA REALIZZAZIONE,Nuova realizzazione,3978110.85,1008000.0,1,1,1,0,1,0,1
C75E24000070006,Puglia,009,110,110009,In Corso,ESECUZIONE LAVORI,ASILI NIDO,Esecuzione lavori,0,0,0,2024-06-13,,2026-09-30,2024.0,0,NUOVA REALIZZAZIONE,Nuova realizzazione,1824000.0,1824000.0,3,3,1,1,2,2,1
C75E24000080006,Marche,011,044,044011,In Corso,COLLAUDO,ASILI NIDO,Collaudo non concluso,0,1,0,,,,,0,RISTRUTTURAZIONE (PER CAMBIO DI DESTINAZIONE D'USO),Ristrutturazione/recupero,772000.0,672000.0,7,7,1,1,6,0,1
C75E25000070006,Puglia,097,075,075097,In Corso,ESECUZIONE LAVORI,ASILI NIDO,Esecuzione lavori,0,0,0,2025-07-09,,2026-12-31,2025.0,0,NUOVA REALIZZAZIONE,Nuova realizzazione,886346.21,672000.0,4,3,1,1,3,0,1
C75E25000080006,Campania,061,062,062061,In Corso,ESECUZIONE LAVORI,ASILI NIDO,Esecuzione lavori,0,0,0,2025-08-02,,2026-06-30,2025.0,0,NUOVA REALIZZAZIONE,Nuova realizzazione,792000.0,792000.0,4,5,1,1,2,0,1
C78H22000000006,Friuli-Venezia Giulia,035,093,093035,Concluso,COLLAUDO,ASILI NIDO,Concluso,1,1,1,2023-04-21,2024-02-02,2024-02-02,2023.0,0,AMPLIAMENTO (COMPRESA SOPRAELEVAZIONE) O POTENZIAMENTO,Ampliamento,145843.34,120000.0,1,1,1,1,1,0,1
C78H22000050006,Abruzzo,015,068,068015,Concluso,COLLAUDO,ASILI NIDO,Concluso,1,1,1,2022-02-01,2026-05-06,2026-06-30,2022.0,0,AMPLIAMENTO (COMPRESA SOPRAELEVAZIONE) O POTENZIAMENTO,Ampliamento,1386000.0,1260000.0,3,3,1,1,2,0,1
C78H22000080006,Lombardia,071,018,018071,Concluso,COLLAUDO,ASILI NIDO,Concluso,1,1,1,2022-09-08,2024-01-21,2026-03-31,2022.0,0,AMPLIAMENTO (COMPRESA SOPRAELEVAZIONE) O POTENZIAMENTO,Ampliamento,200000.0,200000.0,4,1,1,1,4,0,1
C78H24000400006,Lazio,068,060,060068,In Corso,COLLAUDO,ASILI NIDO,Collaudo non concluso,0,1,0,2024-10-07,,2026-07-30,2024.0,0,RISTRUTTURAZIONE (PER CAMBIO DI DESTINAZIONE D'USO),Ristrutturazione/recupero,560000.0,560000.0,1,1,1,0,1,0,1
C78H24000410006,Abruzzo,015,068,068015,In Corso,ESECUZIONE LAVORI,ASILI NIDO,Esecuzione lavori,0,0,0,2023-09-15,,2026-06-30,2023.0,0,AMPLIAMENTO (COMPRESA SOPRAELEVAZIONE) O POTENZIAMENTO,Ampliamento,480000.0,480000.0,3,3,1,1,2,0,1
C78H24000420006,Puglia,034,075,075034,In Corso,ESECUZIONE LAVORI,ASILI NIDO,Esecuzione lavori,0,0,0,2024-06-13,,2026-08-31,2024.0,0,AMPLIAMENTO (COMPRESA SOPRAELEVAZIONE) O POTENZIAMENTO,Ampliamento,576000.0,576000.0,5,6,1,1,4,0,1
C78H24000440006,Campania,043,062,062043,In Corso,COLLAUDO,ASILI NIDO,Collaudo non concluso,0,1,0,2024-09-06,,2026-06-30,2024.0,0,RISTRUTTURAZIONE (PER CAMBIO DI DESTINAZIONE D'USO),Ristrutturazione/recupero,600000.0,600000.0,2,2,1,1,1,0,1
C78H24000460006,Lombardia,048,097,097048,In Corso,COLLAUDO,ASILI NIDO,Collaudo non concluso,0,1,0,2024-06-13,,2026-11-30,2024.0,0,AMPLIAMENTO (COMPRESA SOPRAELEVAZIONE) O POTENZIAMENTO,Ampliamento,1120000.0,720000.0,2,2,1,1,1,0,1
C78H24000480006,Veneto,040,028,028040,In Corso,COLLAUDO,ASILI NIDO,Collaudo non concluso,0,1,0,,,,,0,AMPLIAMENTO (COMPRESA SOPRAELEVAZIONE) O POTENZIAMENTO,Ampliamento,120000.0,120000.0,0,0,0,0,0,0,1
C78H25000300006,Lombardia,127,017,017127,In Corso,COLLAUDO,ASILI NIDO,Collaudo non concluso,0,1,0,2025-08-04,,2026-06-30,2025.0,0,AMPLIAMENTO (COMPRESA SOPRAELEVAZIONE) O POTENZIAMENTO,Ampliamento,864000.0,864000.0,2,2,1,1,1,0,1
C78H25000320006,Marche,049,043,043049,In Corso,Fase non disponibile,ASILI NIDO,Fase non disponibile,0,0,0,,,,,0,AMPLIAMENTO (COMPRESA SOPRAELEVAZIONE) O POTENZIAMENTO,Ampliamento,480000.0,480000.0,0,0,0,0,0,0,1
C78H25000360006,Emilia-Romagna,027,033,033027,In Corso,Fase non disponibile,ASILI NIDO,Fase non disponibile,0,0,0,,,,,0,AMPLIAMENTO (COMPRESA SOPRAELEVAZIONE) O POTENZIAMENTO,Ampliamento,480000.0,480000.0,1,1,1,0,1,0,1
C78H25000380006,Calabria,134,078,078134,In Corso,Fase non disponibile,ASILI NIDO,Fase non disponibile,0,0,0,,,,,0,AMPLIAMENTO (COMPRESA SOPRAELEVAZIONE) O POTENZIAMENTO,Ampliamento,480000.0,480000.0,0,0,0,0,0,0,1
C78H25000820006,Lazio,068,060,060068,In Corso,Fase non disponibile,ASILI NIDO,Fase non disponibile,0,0,0,,,,,0,RISTRUTTURAZIONE (PER CAMBIO DI DESTINAZIONE D'USO),Ristrutturazione/recupero,400000.0,400000.0,0,0,0,0,0,0,1
C78I22000410006,Lombardia,246,016,016246,In Corso,COLLAUDO,ASILI NIDO,Collaudo non concluso,0,1,0,2022-11-22,,2025-12-31,2022.0,0,RISTRUTTURAZIONE CON EFFICIENTAMENTO ENERGETICO,Ristrutturazione/recupero,868375.79,780000.0,6,6,1,1,5,0,1
C78I22000430006,Lombardia,246,016,016246,In Corso,COLLAUDO,SCUOLE MATERNE,Collaudo non concluso,0,1,0,2022-11-22,,2025-12-31,2022.0,0,RISTRUTTURAZIONE CON EFFICIENTAMENTO ENERGETICO,Ristrutturazione/recupero,751887.33,700000.0,8,8,1,1,7,0,1
C79J21038830005,Lombardia,057,016,016057,Concluso,COLLAUDO,ASILI NIDO,Concluso,1,1,1,2022-09-27,2024-06-10,2024-06-15,2022.0,1,ALTRO,Altro,59772.0,44231.28,1,1,1,1,1,0,1
C81B21006200005,Campania,019,061,061019,In Corso,COLLAUDO,SCUOLE MATERNE,Collaudo non concluso,0,1,0,2022-01-01,,2026-06-30,2022.0,1,NUOVA REALIZZAZIONE,Nuova realizzazione,3022207.83,2786042.61,6,7,1,1,1,0,1
C81B21006270001,Calabria,061,079,079061,In Corso,ESECUZIONE LAVORI,ASILI NIDO,Esecuzione lavori,0,0,0,2022-10-07,,2026-04-30,2022.0,1,NUOVA REALIZZAZIONE,Nuova realizzazione,1470000.0,1470000.0,4,4,1,1,3,0,1
C81B21016340004,Trentino-Alto Adige,011,021,021011,Concluso,COLLAUDO,SCUOLE MATERNE,Concluso,1,1,1,2022-12-07,2025-05-15,2025-05-15,2022.0,0,NUOVA REALIZZAZIONE,Nuova realizzazione,4590632.1,3748631.62,2,2,1,1,1,0,1
C81B22001500006,Campania,019,061,061019,In Corso,COLLAUDO,ASILI NIDO,Collaudo non concluso,0,1,0,2022-09-01,,2026-06-30,2022.0,0,NUOVA REALIZZAZIONE,Nuova realizzazione,1133696.31,950000.0,3,4,1,1,1,0,1
C82C22000080006,Campania,010,061,061010,In Corso,ESECUZIONE LAVORI,SCUOLE MATERNE,Esecuzione lavori,0,0,0,2023-01-12,,2026-06-30,2023.0,0,DEMOLIZIONE,Demolizione/ricostruzione,1283040.0,1166400.0,6,1,1,1,5,0,1
C83C22000010006,Puglia,035,075,075035,In Corso,COLLAUDO,ASILI NIDO,Collaudo non concluso,0,1,0,2022-10-20,,2026-06-30,2022.0,0,RISTRUTTURAZIONE CON EFFICIENTAMENTO ENERGETICO,Ristrutturazione/recupero,1719420.0,1563500.0,6,3,1,1,5,0,1
C83C22000030007,Sardegna,018,095,095018,In Corso,COLLAUDO,SCUOLE MATERNE,Collaudo non concluso,0,1,0,2023-03-17,,2026-06-30,2023.0,0,RISTRUTTURAZIONE CON EFFICIENTAMENTO ENERGETICO,Ristrutturazione/recupero,1435500.0,1305000.0,4,5,1,1,3,0,1
C83D22000160006,Trentino-Alto Adige,038,021,021038,Concluso,COLLAUDO,ASILI NIDO,Concluso,1,1,1,2022-11-29,2024-08-09,2024-08-09,2022.0,0,RECUPERO,Ristrutturazione/recupero,481337.25,392895.0,5,1,1,1,4,0,1
C84D22000320006,Sardegna,018,095,095018,In Corso,ESECUZIONE LAVORI,ASILI NIDO,Esecuzione lavori,0,0,0,2023-03-01,,2026-06-30,2023.0,0,MANUTENZIONE STRAORDINARIA CON EFFICIENTAMENTO ENERGETICO,Altro,1249600.0,1136000.0,3,3,1,1,2,0,1
C85E22000000006,Lombardia,076,097,097076,In Corso,COLLAUDO,SCUOLE MATERNE,Collaudo non concluso,0,1,0,2022-02-24,,2026-06-30,2022.0,0,NUOVA REALIZZAZIONE,Nuova realizzazione,3245796.55,2363576.0,9,9,1,1,8,0,1
C85E22000110006,Piemonte,075,004,004075,In Corso,COLLAUDO,ASILI NIDO,Collaudo non concluso,0,1,0,2022-02-20,,2026-06-30,2022.0,0,NUOVA REALIZZAZIONE,Nuova realizzazione,1256200.0,1142000.0,6,6,1,1,5,0,1
C85E22000130006,Calabria,160,079,079160,In Corso,ESECUZIONE LAVORI,ASILI NIDO,Esecuzione lavori,0,0,0,2022-02-01,,2026-08-31,2022.0,0,NUOVA REALIZZAZIONE,Nuova realizzazione,1907234.4,1679304.0,2,7,1,1,2,1,1
C85E22000320006,Abruzzo,086,069,069086,In Corso,COLLAUDO,ASILI NIDO,Collaudo non concluso,0,1,0,2022-12-29,,2026-06-30,2022.0,0,NUOVA REALIZZAZIONE,Nuova realizzazione,1188000.0,1080000.0,5,4,1,1,4,0,1
C85E22000330006,Veneto,069,023,023069,In Corso,ESECUZIONE LAVORI,ASILI NIDO,Esecuzione lavori,0,0,0,2022-12-06,,2026-06-30,2022.0,0,NUOVA REALIZZAZIONE,Nuova realizzazione,960000.0,960000.0,3,3,1,1,2,0,1
C85E22000340006,Trentino-Alto Adige,056,021,021056,In Corso,COLLAUDO,ASILI NIDO,Collaudo non concluso,0,1,0,2022-12-13,,2025-12-31,2022.0,0,NUOVA REALIZZAZIONE,Nuova realizzazione,1470144.74,1008100.0,14,12,1,1,12,0,1
C85E22000410006,Basilicata,021,077,077021,In Corso,ESECUZIONE LAVORI,SCUOLE MATERNE,Esecuzione lavori,0,0,0,2022-10-17,,2026-09-30,2022.0,0,NUOVA REALIZZAZIONE,Nuova realizzazione,2365000.0,2150000.0,9,5,1,1,9,1,1
C85E22000420006,Molise,065,070,070065,In Corso,ESECUZIONE LAVORI,SCUOLE MATERNE,Esecuzione lavori,0,0,0,2023-11-30,,2025-12-31,2023.0,0,NUOVA REALIZZAZIONE,Nuova realizzazione,1116000.0,1116000.0,4,2,1,1,3,0,1
C85E24000070006,Campania,056,065,065056,In Corso,COLLAUDO,ASILI NIDO,Collaudo non concluso,0,1,0,2024-07-25,,2026-08-30,2024.0,0,NUOVA REALIZZAZIONE,Nuova realizzazione,1008000.0,1008000.0,6,6,1,1,5,0,1
C85E24000080006,Campania,019,061,061019,In Corso,COLLAUDO,ASILI NIDO,Collaudo non concluso,0,1,0,2024-05-24,,2026-06-30,2024.0,0,NUOVA REALIZZAZIONE,Nuova realizzazione,900000.0,864000.0,2,1,1,0,2,0,1
C85E24000090006,Campania,091,061,061091,In Corso,ESECUZIONE LAVORI,ASILI NIDO,Esecuzione lavori,0,0,0,2024-09-23,,2026-06-30,2024.0,0,NUOVA REALIZZAZIONE,Nuova realizzazione,1008000.0,1008000.0,3,4,1,1,2,0,1
C85E24000100001,Lombardia,105,015,015105,In Corso,ESECUZIONE LAVORI,ASILI NIDO,Esecuzione lavori,0,0,0,2024-07-17,,2026-06-30,2024.0,0,NUOVA REALIZZAZIONE,Nuova realizzazione,1822000.0,1440000.0,4,9,1,1,3,0,1
C85E25000050006,Molise,083,070,070083,In Corso,ESECUZIONE LAVORI,ASILI NIDO,Esecuzione lavori,0,0,0,2025-08-08,,2026-06-30,2025.0,0,NUOVA REALIZZAZIONE,Nuova realizzazione,1056000.0,1056000.0,4,5,1,1,3,0,1
C85E25000060006,Calabria,026,101,101026,In Corso,COLLAUDO,ASILI NIDO,Collaudo non concluso,0,1,0,2025-09-19,,2026-06-30,2025.0,0,NUOVA REALIZZAZIONE,Nuova realizzazione,480000.0,480000.0,4,4,1,1,3,0,1
C85E25000070006,Campania,056,065,065056,In Corso,ESECUZIONE LAVORI,ASILI NIDO,Esecuzione lavori,0,0,0,2025-08-20,,2026-06-30,2025.0,0,NUOVA REALIZZAZIONE,Nuova realizzazione,1008000.0,1008000.0,4,4,1,1,3,1,1
C85E25000080006,Veneto,056,025,025056,In Corso,ESECUZIONE LAVORI,ASILI NIDO,Esecuzione lavori,0,0,0,2025-06-04,,2026-08-31,2025.0,0,NUOVA REALIZZAZIONE,Nuova realizzazione,676000.0,576000.0,2,2,1,1,1,0,1
C85E25000090006,Sicilia,008,087,087008,In Corso,ESECUZIONE LAVORI,ASILI NIDO,Esecuzione lavori,0,0,0,2025-05-23,,2026-06-30,2025.0,0,NUOVA REALIZZAZIONE,Nuova realizzazione,1008000.0,1008000.0,6,6,1,1,5,0,1
C86F22000010006,Calabria,054,078,078054,In Corso,COLLAUDO,ASILI NIDO,Collaudo non concluso,0,1,0,2022-11-22,,2026-12-31,2022.0,0,DEMOLIZIONE,Demolizione/ricostruzione,1392129.0,1392129.0,7,4,1,1,6,0,1
C86F22000020006,Sardegna,018,095,095018,In Corso,COLLAUDO,SCUOLE MATERNE,Collaudo non concluso,0,1,0,2022-12-28,,2026-06-30,2022.0,0,DEMOLIZIONE,Demolizione/ricostruzione,1686740.0,1533400.0,4,4,1,1,3,0,1
C86F24000150006,Calabria,160,079,079160,In Corso,ESECUZIONE LAVORI,ASILI NIDO,Esecuzione lavori,0,0,0,2024-06-13,,2026-08-31,2024.0,0,DEMOLIZIONE,Demolizione/ricostruzione,1512000.0,1512000.0,4,7,1,1,3,1,1
C86F24000180006,Calabria,160,079,079160,In Corso,ESECUZIONE LAVORI,ASILI NIDO,Esecuzione lavori,0,0,0,2024-06-13,,2026-08-31,2024.0,0,DEMOLIZIONE,Demolizione/ricostruzione,1512000.0,1512000.0,3,4,1,1,2,1,1
C87G22000010006,Abruzzo,086,069,069086,In Corso,COLLAUDO,SCUOLE MATERNE,Collaudo non concluso,0,1,0,2022-12-29,,2026-06-30,2022.0,0,RECUPERO,Ristrutturazione/recupero,2035000.0,1850000.0,7,6,1,1,6,0,1
C87H21001100001,Toscana,012,045,045012,Concluso,COLLAUDO,SCUOLE MATERNE,Concluso,1,1,1,2022-10-07,2024-03-19,2024-06-01,2022.0,1,MANUTENZIONE STRAORDINARIA,Altro,297000.0,270000.0,4,4,1,1,3,0,1
C88E18000490005,Lombardia,163,013,013163,In Corso,COLLAUDO,SCUOLE MATERNE,Collaudo non concluso,0,1,0,2021-05-10,,2026-03-30,2021.0,1,NUOVA REALIZZAZIONE,Nuova realizzazione,4682383.9,3000000.0,16,16,1,1,15,0,1
C88H22000010001,Trentino-Alto Adige,074,021,021074,Concluso,COLLAUDO,SCUOLE MATERNE,Concluso,1,1,1,2022-02-22,2025-12-02,2026-06-30,2022.0,0,AMPLIAMENTO (COMPRESA SOPRAELEVAZIONE) O POTENZIAMENTO,Ampliamento,2539334.03,1604180.0,13,16,1,1,9,0,1
C88H22000090006,Friuli-Venezia Giulia,072,030,030072,In Corso,COLLAUDO,SCUOLE MATERNE,Collaudo non concluso,0,1,0,2022-12-21,,2026-06-30,2022.0,0,AMPLIAMENTO (COMPRESA SOPRAELEVAZIONE) O POTENZIAMENTO,Ampliamento,867250.79,618960.0,7,7,1,1,6,0,1
C88H22000520001,Piemonte,003,103,103003,Concluso,COLLAUDO,ASILI NIDO,Concluso,1,1,1,2022-12-07,2025-03-31,2026-06-30,2022.0,0,AMPLIAMENTO (COMPRESA SOPRAELEVAZIONE) O POTENZIAMENTO,Ampliamento,206344.44,136800.0,9,9,1,1,9,0,1
C88H22000530006,Abruzzo,038,066,066038,In Corso,COLLAUDO,ASILI NIDO,Collaudo non concluso,0,1,0,2022-06-20,,2026-04-14,2022.0,0,RISTRUTTURAZIONE (PER CAMBIO DI DESTINAZIONE D'USO),Ristrutturazione/recupero,726384.0,726384.0,2,2,1,1,1,0,1
C88H24000360006,Campania,006,063,063006,In Corso,COLLAUDO,ASILI NIDO,Collaudo non concluso,0,1,0,2024-05-21,,2026-06-30,2024.0,0,RISTRUTTURAZIONE (PER CAMBIO DI DESTINAZIONE D'USO),Ristrutturazione/recupero,1152000.0,1152000.0,3,3,1,1,2,0,1
C88H24000370006,Veneto,011,025,025011,In Corso,COLLAUDO/REGOLARE ESECUZIONE,ASILI NIDO,Collaudo non concluso,0,1,0,2024-05-23,,2026-06-30,2024.0,0,RISTRUTTURAZIONE (PER CAMBIO DI DESTINAZIONE D'USO),Ristrutturazione/recupero,480000.0,480000.0,2,2,1,1,0,0,1
C88H24000380006,Lazio,023,056,056023,In Corso,COLLAUDO,ASILI NIDO,Collaudo non concluso,0,1,0,2024-11-26,,2026-06-30,2024.0,0,AMPLIAMENTO (COMPRESA SOPRAELEVAZIONE) O POTENZIAMENTO,Ampliamento,480000.0,480000.0,2,2,1,1,1,0,1
C88H25000520006,Calabria,142,079,079142,In Corso,ESECUZIONE LAVORI,ASILI NIDO,Esecuzione lavori,0,0,0,2025-10-08,,2026-12-30,2025.0,0,AMPLIAMENTO (COMPRESA SOPRAELEVAZIONE) O POTENZIAMENTO,Ampliamento,696000.0,696000.0,5,5,1,1,4,0,1
C88H25000530006,Campania,006,063,063006,In Corso,COLLAUDO,ASILI NIDO,Collaudo non concluso,0,1,0,2025-07-25,,2026-06-30,2025.0,0,RISTRUTTURAZIONE (PER CAMBIO DI DESTINAZIONE D'USO),Ristrutturazione/recupero,420000.0,420000.0,2,1,1,1,1,0,1
C88I22000090006,Friuli-Venezia Giulia,072,030,030072,In Corso,COLLAUDO,SCUOLE MATERNE,Collaudo non concluso,0,1,0,2022-11-18,,2026-06-30,2022.0,0,RISTRUTTURAZIONE CON EFFICIENTAMENTO ENERGETICO,Ristrutturazione/recupero,1339407.94,1228136.0,4,4,1,1,3,0,1
C91B21002500001,Umbria,039,054,054039,In Corso,ESECUZIONE LAVORI,ASILI NIDO,Esecuzione lavori,0,0,0,2022-10-03,,2026-06-30,2022.0,1,NUOVA REALIZZAZIONE,Nuova realizzazione,3025000.0,2750000.0,4,6,1,1,3,0,1
C91B21002800001,Basilicata,033,076,076033,In Corso,ESECUZIONE LAVORI,"EDIFICI SOCIALI, CULTURALI E ASSISTENZIALI",Esecuzione lavori,0,0,0,2023-01-17,,2026-08-31,2023.0,1,NUOVA REALIZZAZIONE,Nuova realizzazione,3042600.0,2766000.0,6,6,1,1,5,0,1
C91B21002840005,Piemonte,157,004,004157,In Corso,COLLAUDO,ASILI NIDO,Collaudo non concluso,0,1,0,2022-10-19,,2026-06-30,2022.0,1,NUOVA REALIZZAZIONE,Nuova realizzazione,487000.0,462000.0,1,1,1,1,0,0,1
C91B22000830006,Lombardia,151,015,015151,Concluso,COLLAUDO,ASILI NIDO,Concluso,1,1,1,2023-12-29,2026-02-05,2026-03-31,2023.0,0,NUOVA REALIZZAZIONE,Nuova realizzazione,2200000.0,2135000.0,14,11,1,1,13,0,1
C91B22001420007,Sicilia,012,081,081012,In Corso,COLLAUDO,ASILI NIDO,Collaudo non concluso,0,1,0,2022-02-16,,2026-06-30,2022.0,0,NUOVA REALIZZAZIONE,Nuova realizzazione,512160.0,465600.0,4,3,1,1,3,0,1
C91B22001890006,Emilia-Romagna,001,038,038001,In Corso,ESECUZIONE LAVORI,ASILI NIDO,Esecuzione lavori,0,0,0,2022-09-08,,2026-12-31,2022.0,0,NUOVA REALIZZAZIONE,Nuova realizzazione,2645000.0,1920000.0,7,8,1,1,7,2,1
C95D25000010006,Abruzzo,087,069,069087,In Corso,ESECUZIONE LAVORI,SERVIZI PER L'INFANZIA,Esecuzione lavori,0,0,0,2025-08-30,,2026-06-30,2025.0,0,AMPLIAMENTO (COMPRESA SOPRAELEVAZIONE) O POTENZIAMENTO,Ampliamento,480000.0,480000.0,7,6,1,1,6,0,1
C95E22000000006,Abruzzo,015,069,069015,Concluso,COLLAUDO,ASILI NIDO,Concluso,1,1,1,2022-02-22,2025-07-08,2026-06-27,2022.0,0,NUOVA REALIZZAZIONE,Nuova realizzazione,1451772.0,1124000.0,11,11,1,1,10,0,1
C95E22000050006,Emilia-Romagna,014,099,099014,In Corso,ESECUZIONE LAVORI,ASILI NIDO,Esecuzione lavori,0,0,0,2022-09-08,,2026-12-27,2022.0,0,NUOVA REALIZZAZIONE,Nuova realizzazione,2045600.0,1845600.0,3,3,1,1,2,0,1
C95E22000070006,Piemonte,017,002,002017,In Corso,COLLAUDO,ASILI NIDO,Collaudo non concluso,0,1,0,2022-02-25,,2026-06-30,2022.0,0,NUOVA REALIZZAZIONE,Nuova realizzazione,1010000.0,960000.0,7,8,1,1,6,0,1
C95E22000160006,Lazio,060,056,056060,In Corso,COLLAUDO,SCUOLE MATERNE,Collaudo non concluso,0,1,0,2023-01-18,,2026-06-30,2023.0,0,NUOVA REALIZZAZIONE,Nuova realizzazione,5170000.0,4700000.0,17,20,1,1,15,0,1
C95E22000270006,Lazio,079,060,060079,In Corso,COLLAUDO,ASILI NIDO,Collaudo non concluso,0,1,0,2022-11-14,,2026-06-30,2022.0,0,NUOVA REALIZZAZIONE,Nuova realizzazione,960000.0,960000.0,6,3,1,1,5,0,1
C95E22000360006,Calabria,080,079,079080,In Corso,COLLAUDO,ASILI NIDO,Collaudo non concluso,0,1,0,2022-03-01,,2026-06-30,2022.0,0,NUOVA REALIZZAZIONE,Nuova realizzazione,1044000.0,1044000.0,8,8,1,1,7,0,1
C95E22000370006,Calabria,064,078,078064,Concluso,COLLAUDO,ASILI NIDO,Concluso,1,1,1,2023-01-27,2026-02-26,2026-03-31,2023.0,0,NUOVA REALIZZAZIONE,Nuova realizzazione,1401290.0,1273900.0,8,4,1,1,8,1,1
C95E22000390006,Emilia-Romagna,014,099,099014,In Corso,ESECUZIONE LAVORI,ASILI NIDO,Esecuzione lavori,0,0,0,2022-09-08,,2026-12-27,2022.0,0,NUOVA REALIZZAZIONE,Nuova realizzazione,3138032.0,2938032.0,8,8,1,1,7,0,1
C95E22000420007,Lombardia,021,017,017021,In Corso,COLLAUDO,ASILI NIDO,Collaudo non concluso,0,1,0,2023-02-04,,2026-06-30,2023.0,0,NUOVA REALIZZAZIONE,Nuova realizzazione,1083500.0,985000.0,5,4,1,1,4,0,1
C95E22000430006,Lazio,029,058,058029,In Corso,ESECUZIONE LAVORI,ASILI NIDO,Esecuzione lavori,0,0,0,2022-03-31,,2026-06-30,2022.0,0,NUOVA REALIZZAZIONE,Nuova realizzazione,1191915.0,1191915.0,10,9,1,1,9,1,1
C95E22000500006,Sicilia,012,081,081012,In Corso,ESECUZIONE LAVORI,SCUOLE MATERNE,Esecuzione lavori,0,0,0,2022-09-08,,2026-10-30,2022.0,0,NUOVA REALIZZAZIONE,Nuova realizzazione,3014880.0,2740800.0,3,1,1,1,2,0,1
C95E22000520006,Basilicata,033,076,076033,In Corso,ESECUZIONE LAVORI,SCUOLE MATERNE,Esecuzione lavori,0,0,0,2022-10-20,,2026-08-31,2022.0,0,NUOVA REALIZZAZIONE,Nuova realizzazione,1010000.0,818000.0,4,5,1,1,3,0,1
C95E24000070005,Lombardia,085,012,012085,In Corso,COLLAUDO,ASILI NIDO,Collaudo non concluso,0,1,0,2024-07-10,,2026-06-30,2024.0,0,NUOVA REALIZZAZIONE,Nuova realizzazione,900000.0,576000.0,7,6,1,1,6,0,1
C95E24000080006,Veneto,042,028,028042,In Corso,ESECUZIONE LAVORI,ASILI NIDO,Esecuzione lavori,0,0,0,2024-09-05,,2026-06-30,2024.0,0,NUOVA REALIZZAZIONE,Nuova realizzazione,770000.0,480000.0,7,7,1,1,6,0,1
C95E24000090006,Lazio,029,058,058029,In Corso,ESECUZIONE LAVORI,ASILI NIDO,Esecuzione lavori,0,0,0,2025-01-30,,2026-03-31,2025.0,0,NUOVA REALIZZAZIONE,Nuova realizzazione,1440000.0,1440000.0,5,5,1,1,4,0,1
C95E24000100001,Emilia-Romagna,005,099,099005,In Corso,ESECUZIONE LAVORI,ASILI NIDO,Esecuzione lavori,0,0,0,2024-06-28,,2026-06-30,2024.0,0,NUOVA REALIZZAZIONE,Nuova realizzazione,1500000.0,864000.0,5,5,1,1,4,0,1
C95E24000110006,Lazio,079,060,060079,In Corso,ESECUZIONE LAVORI,ASILI NIDO,Esecuzione lavori,0,0,0,2024-09-05,,2026-06-30,2024.0,0,NUOVA REALIZZAZIONE,Nuova realizzazione,480000.0,480000.0,5,5,1,1,4,0,1
C95E24000120006,Umbria,030,054,054030,In Corso,COLLAUDO,ASILI NIDO,Collaudo non concluso,0,1,0,2024-06-13,,2026-06-30,2024.0,0,NUOVA REALIZZAZIONE,Nuova realizzazione,480000.0,480000.0,5,5,1,1,4,0,1
C95E24000130006,Sicilia,012,081,081012,In Corso,COLLAUDO,ASILI NIDO,Collaudo non concluso,0,1,0,2024-07-05,,2026-12-31,2024.0,0,NUOVA REALIZZAZIONE,Nuova realizzazione,1032000.0,1032000.0,2,1,1,1,1,0,1
C95E24000160006,Sicilia,073,082,082073,In Corso,ESECUZIONE LAVORI,ASILI NIDO,Esecuzione lavori,0,0,0,2024-06-13,,2026-11-30,2024.0,0,NUOVA REALIZZAZIONE,Nuova realizzazione,1008000.0,1008000.0,7,7,1,1,6,0,1
C95E24000170006,Lazio,079,060,060079,In Corso,Fase non disponibile,ASILI NIDO,Fase non disponibile,0,0,0,2025-03-14,,2026-06-30,2025.0,0,NUOVA REALIZZAZIONE,Nuova realizzazione,456000.0,456000.0,1,0,1,1,0,0,1
C95E25000060006,Abruzzo,051,069,069051,In Corso,ESECUZIONE LAVORI,ASILI NIDO,Esecuzione lavori,0,0,0,2025-08-25,,2026-06-30,2025.0,0,NUOVA REALIZZAZIONE,Nuova realizzazione,1650000.0,1650000.0,11,10,1,1,10,0,1
C95E25000130006,Calabria,001,078,078001,In Corso,Fase non disponibile,ASILI NIDO,Fase non disponibile,0,0,0,,,,,0,NUOVA REALIZZAZIONE,Nuova realizzazione,1128000.0,1128000.0,0,0,0,0,0,0,1
C95E25000170006,Abruzzo,015,069,069015,In Corso,COLLAUDO,ASILI NIDO,Collaudo non concluso,0,1,0,2025-09-22,,2026-06-30,2025.0,0,NUOVA REALIZZAZIONE,Nuova realizzazione,480000.0,480000.0,5,5,1,1,4,0,1
C96F22000010006,Piemonte,018,096,096018,In Corso,COLLAUDO,ASILI NIDO,Collaudo non concluso,0,1,0,2022-11-07,,2026-06-30,2022.0,0,DEMOLIZIONE,Demolizione/ricostruzione,1559000.0,616900.0,14,14,1,1,14,1,1
C96F22000240006,Emilia-Romagna,014,099,099014,In Corso,ESECUZIONE LAVORI,ASILI NIDO,Esecuzione lavori,0,0,0,2022-09-08,,2026-12-27,2022.0,0,DEMOLIZIONE,Demolizione/ricostruzione,2758400.0,2558400.0,4,3,1,1,3,0,1
C96F24000150006,Sicilia,012,081,081012,In Corso,COLLAUDO,ASILI NIDO,Collaudo non concluso,0,1,0,2024-07-05,,2026-12-31,2024.0,0,DEMOLIZIONE,Demolizione/ricostruzione,1560000.0,1560000.0,2,1,1,1,1,0,1
C97B16000410004,Emilia-Romagna,001,038,038001,In Corso,ESECUZIONE LAVORI,SCUOLE MATERNE,Esecuzione lavori,0,0,0,2017-12-28,,2026-12-31,2017.0,1,NUOVA REALIZZAZIONE,Nuova realizzazione,4400000.0,3000000.0,16,21,1,1,14,1,1
C97G22000120006,Sardegna,027,091,091027,Concluso,COLLAUDO,ASILI NIDO,Concluso,1,1,1,2023-06-20,2024-04-19,2024-12-31,2023.0,0,RECUPERO,Ristrutturazione/recupero,180000.0,180000.0,3,3,1,1,3,0,1
C97G22000130006,Piemonte,071,002,002071,In Corso,COLLAUDO,ASILI NIDO,Collaudo non concluso,0,1,0,2022-03-30,,2026-03-31,2022.0,0,RECUPERO,Ristrutturazione/recupero,728108.7,661917.0,3,3,1,1,2,0,1
C97H21001740001,Emilia-Romagna,039,037,037039,In Corso,COLLAUDO,"EDIFICI SOCIALI, CULTURALI E ASSISTENZIALI",Collaudo non concluso,0,1,0,2021-03-22,,2026-06-30,2021.0,1,MANUTENZIONE STRAORDINARIA,Altro,172576.8,156888.0,3,3,1,1,3,0,1
C98H22000340006,Sicilia,080,083,083080,Concluso,COLLAUDO,ASILI NIDO,Concluso,1,1,1,2022-03-29,2025-03-12,2025-03-12,2022.0,0,AMPLIAMENTO (COMPRESA SOPRAELEVAZIONE) O POTENZIAMENTO,Ampliamento,888000.0,888000.0,3,3,1,1,2,0,1
C98H22000360006,Toscana,024,053,053024,Concluso,COLLAUDO,ASILI NIDO,Concluso,1,1,1,2023-05-20,2025-11-17,2026-06-30,2023.0,0,AMPLIAMENTO (COMPRESA SOPRAELEVAZIONE) O POTENZIAMENTO,Ampliamento,276823.39,230000.0,5,5,1,1,4,0,1
C98H24000220006,Piemonte,040,004,004040,In Corso,ESECUZIONE LAVORI,ASILI NIDO,Esecuzione lavori,0,0,0,2024-05-15,,2026-09-30,2024.0,0,RISTRUTTURAZIONE (PER CAMBIO DI DESTINAZIONE D'USO),Ristrutturazione/recupero,1150000.0,560000.0,4,4,1,1,3,0,1
C98H24000240006,Campania,061,063,063061,In Corso,COLLAUDO,ASILI NIDO,Collaudo non concluso,0,1,0,2024-08-09,,2026-08-31,2024.0,0,AMPLIAMENTO (COMPRESA SOPRAELEVAZIONE) O POTENZIAMENTO,Ampliamento,720000.0,720000.0,4,4,1,1,3,0,1
C98H24000260006,Lombardia,147,017,017147,In Corso,COLLAUDO/REGOLARE ESECUZIONE,ASILI NIDO,Collaudo non concluso,0,1,0,2024-09-25,,2026-06-30,2024.0,0,AMPLIAMENTO (COMPRESA SOPRAELEVAZIONE) O POTENZIAMENTO,Ampliamento,400000.0,400000.0,5,6,1,1,5,1,1
C98H24000270006,Calabria,091,078,078091,In Corso,ESECUZIONE LAVORI,ASILI NIDO,Esecuzione lavori,0,0,0,2025-08-07,,2026-06-30,2025.0,0,AMPLIAMENTO (COMPRESA SOPRAELEVAZIONE) O POTENZIAMENTO,Ampliamento,2400000.0,2400000.0,6,6,1,1,5,0,1
C98H25000200006,Piemonte,180,006,006180,In Corso,COLLAUDO,ASILI NIDO,Collaudo non concluso,0,1,0,2025-08-19,,2026-08-19,2025.0,0,AMPLIAMENTO (COMPRESA SOPRAELEVAZIONE) O POTENZIAMENTO,Ampliamento,710000.0,710000.0,3,3,1,1,2,0,1
C98H25000410006,Campania,086,064,064086,In Corso,Fase non disponibile,ASILI NIDO,Fase non disponibile,0,0,0,,,,,0,RISTRUTTURAZIONE (PER CAMBIO DI DESTINAZIONE D'USO),Ristrutturazione/recupero,400000.0,400000.0,0,0,0,0,0,0,1
D11B21001760001,Calabria,018,079,079018,In Corso,COLLAUDO,ALTRE INFRASTRUTTURE,Collaudo non concluso,0,1,0,2022-09-01,,2026-09-30,2022.0,1,MANUTENZIONE STRAORDINARIA DI ADEGUAMENTO SISMICO,Altro,1589246.41,1589246.41,6,0,1,1,5,0,1
D11B22000670006,Lazio,030,058,058030,In Corso,ESECUZIONE LAVORI,ASILI NIDO,Esecuzione lavori,0,0,0,2022-11-08,,2026-06-30,2022.0,0,NUOVA REALIZZAZIONE,Nuova realizzazione,454935.46,408000.0,9,9,1,1,7,0,1
D12C22000390006,Campania,057,061,061057,In Corso,ESECUZIONE LAVORI,SCUOLE MATERNE,Esecuzione lavori,0,0,0,2022-11-14,,2026-06-30,2022.0,0,DEMOLIZIONE,Demolizione/ricostruzione,1276000.0,1160000.0,3,2,1,1,3,1,1
D13C21000060006,Sardegna,021,090,090021,Concluso,COLLAUDO,ASILI NIDO,Concluso,1,1,1,2023-06-30,2025-09-17,2025-12-31,2023.0,0,RISTRUTTURAZIONE CON EFFICIENTAMENTO ENERGETICO,Ristrutturazione/recupero,808940.0,735400.0,2,1,1,1,1,0,1
D13C22000020006,Liguria,045,008,008045,In Corso,COLLAUDO,SCUOLE MATERNE,Collaudo non concluso,0,1,0,2023-05-04,,2026-06-30,2023.0,0,RISTRUTTURAZIONE CON EFFICIENTAMENTO ENERGETICO,Ristrutturazione/recupero,660000.0,600000.0,1,1,1,1,0,0,1
D13C22000450006,Campania,057,061,061057,In Corso,ESECUZIONE LAVORI,ASILI NIDO,Esecuzione lavori,0,0,0,2022-11-14,,2026-06-30,2022.0,0,RISTRUTTURAZIONE CON EFFICIENTAMENTO ENERGETICO,Ristrutturazione/recupero,638000.0,580000.0,6,10,1,1,6,1,1
D13C22000500006,Veneto,053,023,023053,Concluso,COLLAUDO,ASILI NIDO,Concluso,1,1,1,2023-03-30,2025-12-23,2025-12-31,2023.0,0,RISTRUTTURAZIONE CON EFFICIENTAMENTO ENERGETICO,Ristrutturazione/recupero,770000.0,770000.0,2,2,1,1,1,0,1
D13D22000190006,Campania,057,061,061057,In Corso,ESECUZIONE LAVORI,SCUOLE MATERNE,Esecuzione lavori,0,0,0,2022-11-14,,2026-06-30,2022.0,0,RECUPERO,Ristrutturazione/recupero,1133000.0,1030000.0,4,4,1,1,4,1,1
D14D24006140006,Basilicata,023,077,077023,In Corso,COLLAUDO,ASILI NIDO,Collaudo non concluso,0,1,0,2025-02-10,,2026-06-30,2025.0,0,ALTRO,Altro,520000.0,520000.0,2,1,1,1,1,0,1
D15E22000020006,Friuli-Venezia Giulia,056,030,030056,In Corso,COLLAUDO,ASILI NIDO,Collaudo non concluso,0,1,0,2022-02-23,,2026-06-30,2022.0,0,NUOVA REALIZZAZIONE,Nuova realizzazione,619089.88,336000.0,14,14,1,1,13,0,1
D15E22000030006,Emilia-Romagna,007,040,040007,In Corso,COLLAUDO,SCUOLE MATERNE,Collaudo non concluso,0,1,0,2022-06-01,,2026-06-30,2022.0,0,NUOVA REALIZZAZIONE,Nuova realizzazione,4522000.0,3120000.0,14,13,1,1,13,0,1
D15E22000080006,Calabria,063,079,079063,In Corso,COLLAUDO,ASILI NIDO,Collaudo non concluso,0,1,0,2022-11-17,,2026-06-30,2022.0,0,NUOVA REALIZZAZIONE,Nuova realizzazione,819023.1,819023.1,6,7,1,1,5,0,1
D15E22000160006,Lombardia,042,097,097042,In Corso,ESECUZIONE LAVORI,ASILI NIDO,Esecuzione lavori,0,0,0,2022-12-01,,2026-06-30,2022.0,0,NUOVA REALIZZAZIONE,Nuova realizzazione,1829790.0,960000.0,5,8,1,1,4,1,1
D15E22000280006,Emilia-Romagna,007,040,040007,In Corso,COLLAUDO,ASILI NIDO,Collaudo non concluso,0,1,0,2022-09-01,,2026-06-30,2022.0,0,NUOVA REALIZZAZIONE,Nuova realizzazione,2010000.0,1608000.0,16,12,1,1,15,0,1
D15E22000290006,Emilia-Romagna,007,040,040007,In Corso,COLLAUDO,ASILI NIDO,Collaudo non concluso,0,1,0,2022-09-06,,2026-06-30,2022.0,0,NUOVA REALIZZAZIONE,Nuova realizzazione,1800000.0,1440000.0,13,10,1,1,12,0,1
D15E22000310006,Calabria,065,078,078065,In Corso,ESECUZIONE LAVORI,ASILI NIDO,Esecuzione lavori,0,0,0,2023-03-16,,2026-06-25,2023.0,0,NUOVA REALIZZAZIONE,Nuova realizzazione,619209.36,573342.0,8,4,1,1,7,0,1
D15E22000330006,Campania,087,064,064087,In Corso,COLLAUDO,ASILI NIDO,Collaudo non concluso,0,1,0,2023-04-19,,2026-06-30,2023.0,0,NUOVA REALIZZAZIONE,Nuova realizzazione,644217.76,561600.0,4,3,1,1,3,0,1
D15E24000270001,Lombardia,004,098,098004,Concluso,COLLAUDO,ASILI NIDO,Concluso,1,1,1,2024-09-11,2026-05-12,2026-06-30,2024.0,0,NUOVA REALIZZAZIONE,Nuova realizzazione,550000.0,480000.0,5,5,1,1,4,0,1
D15E24000280006,Sicilia,013,081,081013,In Corso,ESECUZIONE LAVORI,ASILI NIDO,Esecuzione lavori,0,0,0,2024-07-19,,2026-09-30,2024.0,0,NUOVA REALIZZAZIONE,Nuova realizzazione,1088000.0,1008000.0,3,3,1,1,3,1,1
D15E24000300006,Calabria,146,078,078146,In Corso,ESECUZIONE LAVORI,ASILI NIDO,Esecuzione lavori,0,0,0,2024-07-19,,2026-06-30,2024.0,0,NUOVA REALIZZAZIONE,Nuova realizzazione,672000.0,672000.0,5,4,1,1,4,0,1
D15E24000320006,Veneto,083,026,026083,In Corso,COLLAUDO,ASILI NIDO,Collaudo non concluso,0,1,0,2024-06-13,,2026-06-30,2024.0,0,NUOVA REALIZZAZIONE,Nuova realizzazione,1070000.0,720000.0,4,6,1,1,3,0,1
D15E24000330006,Lazio,003,058,058003,In Corso,ESECUZIONE LAVORI,ASILI NIDO,Esecuzione lavori,0,0,0,2024-05-15,,2026-06-30,2024.0,0,NUOVA REALIZZAZIONE,Nuova realizzazione,1440000.0,1440000.0,9,11,1,1,8,0,1
D15E24000350006,Sicilia,046,087,087046,In Corso,ESECUZIONE LAVORI,ASILI NIDO,Esecuzione lavori,0,0,0,2025-03-11,,2026-06-30,2025.0,0,NUOVA REALIZZAZIONE,Nuova realizzazione,576000.0,576000.0,2,0,1,0,2,0,1
D15E25000200006,Calabria,146,078,078146,In Corso,ESECUZIONE LAVORI,ASILI NIDO,Esecuzione lavori,0,0,0,2025-09-30,,2026-08-30,2025.0,0,NUOVA REALIZZAZIONE,Nuova realizzazione,672000.0,672000.0,4,4,1,1,3,0,1
D18H22000000006,Piemonte,203,004,004203,Concluso,COLLAUDO,ASILI NIDO,Concluso,1,1,1,2022-08-23,2024-11-15,2025-12-31,2022.0,0,AMPLIAMENTO (COMPRESA SOPRAELEVAZIONE) O POTENZIAMENTO,Ampliamento,547000.0,360000.0,3,3,1,1,2,0,1
D18H22000010006,Marche,018,042,042018,In Corso,ESECUZIONE LAVORI,ASILI NIDO,Esecuzione lavori,0,0,0,2023-02-21,,2026-06-30,2023.0,0,RISTRUTTURAZIONE (PER CAMBIO DI DESTINAZIONE D'USO),Ristrutturazione/recupero,2084501.38,1570000.0,15,16,1,1,13,1,1
D18H25000340006,Sicilia,074,082,082074,In Corso,ESECUZIONE LAVORI,ASILI NIDO,Esecuzione lavori,0,0,0,2025-06-24,,2026-06-30,2025.0,0,RISTRUTTURAZIONE (PER CAMBIO DI DESTINAZIONE D'USO),Ristrutturazione/recupero,495708.1,480000.0,3,3,1,1,1,0,1
D18H25000700006,Calabria,065,078,078065,In Corso,ESECUZIONE LAVORI,ASILI NIDO,Esecuzione lavori,0,0,0,2025-12-01,,2026-08-28,2025.0,0,RISTRUTTURAZIONE (PER CAMBIO DI DESTINAZIONE D'USO),Ristrutturazione/recupero,240000.0,240000.0,4,4,1,1,3,0,1
D19F18000360004,Veneto,087,024,024087,Concluso,COLLAUDO,ASILI NIDO,Concluso,1,1,1,2022-10-28,2025-05-30,2025-12-31,2022.0,1,MANUTENZIONE STRAORDINARIA DI MIGLIORAMENTO SISMICO,Altro,2140000.0,1153058.98,10,9,1,1,8,0,1
D21B21000630005,Lombardia,073,019,019073,In Corso,ESECUZIONE LAVORI,ASILI NIDO,Esecuzione lavori,0,0,0,2023-09-25,,2025-12-31,2023.0,1,NUOVA REALIZZAZIONE,Nuova realizzazione,724930.0,630000.0,1,1,1,1,0,0,1
D21B21000960001,Campania,094,061,061094,In Corso,COLLAUDO,ASILI NIDO,Collaudo non concluso,0,1,0,2023-03-13,,2026-06-30,2023.0,0,NUOVA REALIZZAZIONE,Nuova realizzazione,1590177.06,1590177.06,8,1,1,1,7,0,1
D21B22000980007,Campania,022,061,061022,In Corso,COLLAUDO,SCUOLE MATERNE,Collaudo non concluso,0,1,0,2022-11-14,,2026-06-30,2022.0,0,NUOVA REALIZZAZIONE,Nuova realizzazione,2534400.0,2304000.0,5,1,1,1,4,0,1
D21B22001010007,Campania,022,061,061022,In Corso,COLLAUDO,ASILI NIDO,Collaudo non concluso,0,1,0,2022-11-14,,2026-06-30,2022.0,0,NUOVA REALIZZAZIONE,Nuova realizzazione,1700000.0,1700000.0,5,2,1,1,4,0,1
D21B22001140006,Campania,022,061,061022,In Corso,ESECUZIONE LAVORI,SCUOLE MATERNE,Esecuzione lavori,0,0,0,2023-04-13,,2026-06-30,2023.0,0,NUOVA REALIZZAZIONE,Nuova realizzazione,2876022.8,2876022.8,4,1,1,1,3,0,1
D23C22000260006,Campania,086,065,065086,Concluso,COLLAUDO,ASILI NIDO,Concluso,1,1,1,2022-02-02,2024-04-07,2024-04-07,2022.0,0,RISTRUTTURAZIONE CON EFFICIENTAMENTO ENERGETICO,Ristrutturazione/recupero,219465.46,219465.46,2,2,1,1,1,0,1
D23C22000270006,Campania,022,061,061022,In Corso,COLLAUDO,ASILI NIDO,Collaudo non concluso,0,1,0,2022-11-14,,2026-06-30,2022.0,0,RISTRUTTURAZIONE CON EFFICIENTAMENTO ENERGETICO,Ristrutturazione/recupero,1901513.9,1728649.0,5,1,1,1,4,0,1
D23C25000160006,Lombardia,072,015,015072,In Corso,ESECUZIONE LAVORI,ASILI NIDO,Esecuzione lavori,0,0,0,2025-11-01,,2026-06-30,2025.0,0,RISTRUTTURAZIONE CON EFFICIENTAMENTO ENERGETICO,Ristrutturazione/recupero,600000.0,600000.0,1,1,1,0,0,0,1
D24E22000060006,Piemonte,112,005,005112,In Corso,ESECUZIONE LAVORI,ASILI NIDO,Esecuzione lavori,0,0,0,2023-06-16,,2026-03-31,2023.0,0,RISTRUTTURAZIONE (PER CAMBIO DI DESTINAZIONE D'USO),Ristrutturazione/recupero,877277.22,729000.0,3,4,1,1,2,0,1
D25E21000000006,Piemonte,013,005,005013,In Corso,COLLAUDO,SCUOLE MATERNE,Collaudo non concluso,0,1,0,2023-01-24,,2026-06-30,2023.0,0,NUOVA REALIZZAZIONE,Nuova realizzazione,1694663.68,1187080.0,4,3,1,1,3,0,1
D25E22000020006,Piemonte,300,001,001300,In Corso,COLLAUDO,SCUOLE MATERNE,Collaudo non concluso,0,1,0,2022-11-22,,2026-06-30,2022.0,0,NUOVA REALIZZAZIONE,Nuova realizzazione,3985600.0,3800000.0,15,16,1,1,13,0,1
D25E22000040006,Sicilia,021,082,082021,In Corso,ESECUZIONE LAVORI,"SCUOLE ELEMENTARI, MEDIE E SUPERIORI",Esecuzione lavori,0,0,0,2022-09-08,,2026-06-30,2022.0,0,NUOVA REALIZZAZIONE,Nuova realizzazione,1188000.0,1080000.0,3,3,1,1,3,1,1
D25E22000050006,Sicilia,021,082,082021,In Corso,ESECUZIONE LAVORI,ASILI NIDO,Esecuzione lavori,0,0,0,2022-09-08,,2026-06-30,2022.0,0,NUOVA REALIZZAZIONE,Nuova realizzazione,1238600.0,1126000.0,3,5,1,1,3,1,1
D25E22000120006,Toscana,032,050,050032,In Corso,COLLAUDO,ASILI NIDO,Collaudo non concluso,0,1,0,2022-11-07,,2026-06-30,2022.0,0,NUOVA REALIZZAZIONE,Nuova realizzazione,2328627.16,1578627.16,3,4,1,1,2,0,1
D25E22000130006,Veneto,012,026,026012,In Corso,COLLAUDO,ASILI NIDO,Collaudo non concluso,0,1,0,2022-09-08,,2026-08-30,2022.0,0,NUOVA REALIZZAZIONE,Nuova realizzazione,2634000.0,1840000.0,13,18,1,1,13,3,1
D25E22000220006,Piemonte,013,005,005013,In Corso,COLLAUDO,ASILI NIDO,Collaudo non concluso,0,1,0,2023-01-24,,2026-06-30,2023.0,0,NUOVA REALIZZAZIONE,Nuova realizzazione,2305069.37,1629980.0,6,7,1,1,5,0,1
D25E22000230006,Calabria,127,079,079127,In Corso,ESECUZIONE LAVORI,ASILI NIDO,Esecuzione lavori,0,0,0,2022-10-20,,2026-06-30,2022.0,0,NUOVA REALIZZAZIONE,Nuova realizzazione,1363010.14,1239100.13,5,7,1,1,4,0,1
D25E22000240006,Calabria,127,079,079127,In Corso,ESECUZIONE LAVORI,ASILI NIDO,Esecuzione lavori,0,0,0,2022-11-17,,2026-06-30,2022.0,0,NUOVA REALIZZAZIONE,Nuova realizzazione,1653828.88,1503480.8,6,9,1,1,5,0,1
D25E22000250006,Sicilia,021,082,082021,In Corso,ESECUZIONE LAVORI,ASILI NIDO,Esecuzione lavori,0,0,0,2022-09-08,,2026-06-30,2022.0,0,NUOVA REALIZZAZIONE,Nuova realizzazione,1239700.0,1127000.0,3,3,1,1,3,1,1
D25E22000260006,Toscana,007,049,049007,In Corso,COLLAUDO,ASILI NIDO,Collaudo non concluso,0,1,0,2023-02-28,,2026-06-30,2023.0,0,NUOVA REALIZZAZIONE,Nuova realizzazione,1934350.0,1758500.0,5,7,1,1,4,0,1
D25E22000290005,Campania,067,061,061067,In Corso,ESECUZIONE LAVORI,ASILI NIDO,Esecuzione lavori,0,0,0,2023-04-27,,2026-06-30,2023.0,0,NUOVA REALIZZAZIONE,Nuova realizzazione,890400.0,890400.0,6,4,1,1,5,0,1
D25E24000060006,Campania,094,061,061094,In Corso,ESECUZIONE LAVORI,ASILI NIDO,Esecuzione lavori,0,0,0,2024-06-13,,2026-08-31,2024.0,0,NUOVA REALIZZAZIONE,Nuova realizzazione,1008000.0,1008000.0,8,8,1,1,7,0,1
D25E24000070006,Campania,090,063,063090,In Corso,COLLAUDO,ASILI NIDO,Collaudo non concluso,0,1,0,2024-07-29,,2026-06-30,2024.0,0,NUOVA REALIZZAZIONE,Nuova realizzazione,1008000.0,1008000.0,1,1,1,0,0,0,1
D25E24000080006,Campania,140,065,065140,In Corso,COLLAUDO,ASILI NIDO,Collaudo non concluso,0,1,0,2025-01-31,,2026-06-29,2025.0,0,NUOVA REALIZZAZIONE,Nuova realizzazione,576000.0,576000.0,5,4,1,1,4,0,1
D25E24000090006,Campania,022,061,061022,In Corso,COLLAUDO,ASILI NIDO,Collaudo non concluso,0,1,0,2024-09-23,,2026-06-30,2024.0,0,NUOVA REALIZZAZIONE,Nuova realizzazione,2592000.0,2592000.0,1,0,1,0,0,0,1
D25E24000100006,Sicilia,056,087,087056,In Corso,Fase non disponibile,ASILI NIDO,Fase non disponibile,0,0,0,,,,,0,NUOVA REALIZZAZIONE,Nuova realizzazione,672000.0,672000.0,0,0,0,0,0,0,1
D25E25000020006,Piemonte,213,004,004213,In Corso,ESECUZIONE LAVORI,ASILI NIDO,Esecuzione lavori,0,0,0,2025-07-09,,2026-08-31,2025.0,0,NUOVA REALIZZAZIONE,Nuova realizzazione,480000.0,480000.0,5,5,1,1,4,0,1
D25E25000040006,Campania,140,065,065140,In Corso,ESECUZIONE LAVORI,ASILI NIDO,Esecuzione lavori,0,0,0,2025-10-31,,2026-06-30,2025.0,0,NUOVA REALIZZAZIONE,Nuova realizzazione,576000.0,576000.0,5,4,1,1,4,0,1
D25I22000200006,Sicilia,021,082,082021,In Corso,ESECUZIONE LAVORI,ALTRE INFRASTRUTTURE,Esecuzione lavori,0,0,0,2022-09-08,,2026-06-30,2022.0,0,NUOVA REALIZZAZIONE,Nuova realizzazione,1843600.0,1676000.0,4,4,1,1,4,1,1
D26F25000070006,Sicilia,026,084,084026,In Corso,ESECUZIONE LAVORI,ASILI NIDO,Esecuzione lavori,0,0,0,2025-09-29,,2026-06-30,2025.0,0,DEMOLIZIONE,Demolizione/ricostruzione,672000.0,672000.0,3,4,1,1,2,0,1
D26F25000080006,Campania,027,063,063027,In Corso,AGGIUDICAZIONE,ASILI NIDO,Prima dell'esecuzione,0,0,0,2025-12-31,,2026-06-30,2025.0,0,DEMOLIZIONE,Demolizione/ricostruzione,864000.0,864000.0,2,3,1,1,0,0,1
D27B17000020004,Toscana,007,049,049007,In Corso,ESECUZIONE LAVORI,SCUOLE MATERNE,Esecuzione lavori,0,0,0,2022-09-30,,2026-06-30,2022.0,1,NUOVA REALIZZAZIONE,Nuova realizzazione,2481336.84,1709673.43,6,8,1,1,5,0,1
D27G22000060006,Sicilia,019,083,083019,In Corso,COLLAUDO,ASILI NIDO,Collaudo non concluso,0,1,0,2023-05-24,,2026-06-30,2023.0,0,RECUPERO,Ristrutturazione/recupero,487800.0,487800.0,4,5,1,1,3,0,1
D27G24000050006,Emilia-Romagna,008,040,040008,In Corso,COLLAUDO,ASILI NIDO,Collaudo non concluso,0,1,0,2025-02-27,,2026-06-30,2025.0,0,RECUPERO,Ristrutturazione/recupero,480000.0,330000.0,7,7,1,1,6,0,1
D27H21001620005,Campania,067,061,061067,In Corso,ESECUZIONE LAVORI,ALTRE STRUTTURE SOCIALI,Esecuzione lavori,0,0,0,2021-05-18,,2026-06-30,2021.0,1,MANUTENZIONE STRAORDINARIA,Altro,1074532.84,976848.04,4,3,1,1,3,0,1
D27H22000430005,Campania,067,061,061067,In Corso,ESECUZIONE LAVORI,ASILI NIDO,Esecuzione lavori,0,0,0,2023-02-02,,2026-06-30,2023.0,0,MANUTENZIONE STRAORDINARIA,Altro,2262000.0,2262000.0,13,13,1,1,12,0,1
D28H22000070006,Marche,029,109,109029,In Corso,ESECUZIONE LAVORI,ASILI NIDO,Esecuzione lavori,0,0,0,2022-12-01,,2026-06-30,2022.0,0,RISTRUTTURAZIONE (PER CAMBIO DI DESTINAZIONE D'USO),Ristrutturazione/recupero,260000.0,260000.0,6,6,1,1,5,0,1
D28H22000180006,Abruzzo,098,069,069098,In Corso,COLLAUDO,ASILI NIDO,Collaudo non concluso,0,1,0,2023-03-18,,2026-03-31,2023.0,0,RISTRUTTURAZIONE (PER CAMBIO DI DESTINAZIONE D'USO),Ristrutturazione/recupero,339346.3,292608.0,3,0,1,1,2,0,1
D28H24000790001,Veneto,075,026,026075,In Corso,COLLAUDO,ASILI NIDO,Collaudo non concluso,0,1,0,2024-07-29,,2026-06-30,2024.0,0,AMPLIAMENTO (COMPRESA SOPRAELEVAZIONE) O POTENZIAMENTO,Ampliamento,900000.0,576000.0,3,2,1,1,2,0,1
D28H24000810006,Lombardia,072,015,015072,In Corso,COLLAUDO,ASILI NIDO,Collaudo non concluso,0,1,0,2024-08-09,,2026-06-30,2024.0,0,RISTRUTTURAZIONE (PER CAMBIO DI DESTINAZIONE D'USO),Ristrutturazione/recupero,940000.0,840000.0,1,1,1,0,0,0,1
D28H25000240006,Liguria,004,011,011004,In Corso,ESECUZIONE LAVORI,ASILI NIDO,Esecuzione lavori,0,0,0,2025-08-29,,2026-06-30,2025.0,0,RISTRUTTURAZIONE (PER CAMBIO DI DESTINAZIONE D'USO),Ristrutturazione/recupero,500000.0,400000.0,4,4,1,1,3,0,1
D28H25000260006,Sicilia,056,087,087056,In Corso,ESECUZIONE LAVORI,ASILI NIDO,Esecuzione lavori,0,0,0,2025-07-28,,2026-06-30,2025.0,0,RISTRUTTURAZIONE (PER CAMBIO DI DESTINAZIONE D'USO),Ristrutturazione/recupero,560000.0,560000.0,2,1,1,0,2,0,1
D28H25000300006,Liguria,013,011,011013,In Corso,ESECUZIONE LAVORI,ASILI NIDO,Esecuzione lavori,0,0,0,2025-05-23,,2026-08-31,2025.0,0,RISTRUTTURAZIONE (PER CAMBIO DI DESTINAZIONE D'USO),Ristrutturazione/recupero,480000.0,480000.0,4,4,1,1,3,0,1
D31B21003360001,Calabria,031,078,078031,In Corso,ESECUZIONE LAVORI,ASILI NIDO,Esecuzione lavori,0,0,0,2022-10-07,,2026-06-30,2022.0,1,NUOVA REALIZZAZIONE,Nuova realizzazione,2099346.55,1944775.0,7,6,1,1,6,0,1
D31B21003420001,Lazio,104,058,058104,In Corso,ESECUZIONE LAVORI,ASILI NIDO,Esecuzione lavori,0,0,0,2022-12-20,,2026-06-30,2022.0,1,NUOVA REALIZZAZIONE,Nuova realizzazione,3298350.66,2998500.6,8,9,1,1,8,1,1
D31B21004010001,Calabria,004,078,078004,In Corso,ESECUZIONE LAVORI,ALTRI EDIFICI SCOLASTICI,Esecuzione lavori,0,0,0,2021-03-22,,2026-06-30,2021.0,1,MANUTENZIONE STRAORDINARIA DI ADEGUAMENTO SISMICO,Altro,1292500.0,1175000.0,3,3,1,1,2,0,1
D31B21009100006,Lazio,104,058,058104,In Corso,COLLAUDO,ASILI NIDO,Collaudo non concluso,0,1,0,2022-12-22,,2026-06-30,2022.0,0,NUOVA REALIZZAZIONE,Nuova realizzazione,1672643.5,1520585.0,5,6,1,1,5,1,1
D31B22000170006,Toscana,002,052,052002,In Corso,ESECUZIONE LAVORI,ASILI NIDO,Esecuzione lavori,0,0,0,2022-09-08,,2026-06-30,2022.0,0,NUOVA REALIZZAZIONE,Nuova realizzazione,4224841.41,2860409.0,8,4,1,1,8,1,1
D31B22000860001,Veneto,045,028,028045,In Corso,COLLAUDO,ASILI NIDO,Collaudo non concluso,0,1,0,2022-11-14,,2026-12-31,2022.0,0,NUOVA REALIZZAZIONE,Nuova realizzazione,1461593.75,800000.0,5,5,1,1,4,0,1
D31B22001000006,Campania,042,065,065042,In Corso,ESECUZIONE LAVORI,ASILI NIDO,Esecuzione lavori,0,0,0,2022-02-21,,2026-06-20,2022.0,0,NUOVA REALIZZAZIONE,Nuova realizzazione,527309.4,527309.4,3,2,1,1,2,0,1
D33C22000010006,Basilicata,036,076,076036,In Corso,COLLAUDO,SCUOLE MATERNE,Collaudo non concluso,0,1,0,2022-02-24,,2026-12-31,2022.0,0,RISTRUTTURAZIONE CON EFFICIENTAMENTO ENERGETICO,Ristrutturazione/recupero,815815.0,815815.0,6,6,1,1,5,0,1
D33C22000020007,Calabria,110,079,079110,In Corso,ESECUZIONE LAVORI,SCUOLE MATERNE,Esecuzione lavori,0,0,0,2020-04-01,,2026-06-30,2020.0,0,RISTRUTTURAZIONE CON EFFICIENTAMENTO ENERGETICO,Ristrutturazione/recupero,653802.0,653802.0,4,3,1,1,3,0,1
D33C22000060006,Calabria,036,080,080036,In Corso,COLLAUDO,SCUOLE MATERNE,Collaudo non concluso,0,1,0,2022-10-26,,2026-05-31,2022.0,0,RISTRUTTURAZIONE CON EFFICIENTAMENTO ENERGETICO,Ristrutturazione/recupero,1158300.0,1053000.0,7,4,1,1,6,1,1
D33C22000660006,Basilicata,036,076,076036,In Corso,COLLAUDO,ASILI NIDO,Collaudo non concluso,0,1,0,2022-03-25,,2026-06-30,2022.0,0,RISTRUTTURAZIONE CON EFFICIENTAMENTO ENERGETICO,Ristrutturazione/recupero,993474.5,993474.5,5,6,1,1,4,0,1
D33C24000660001,Puglia,007,073,073007,In Corso,ESECUZIONE LAVORI,ASILI NIDO,Esecuzione lavori,0,0,0,2024-09-05,,2026-12-31,2024.0,0,RISTRUTTURAZIONE CON EFFICIENTAMENTO ENERGETICO,Ristrutturazione/recupero,980000.0,720000.0,1,3,1,0,1,0,1
D33C25000690006,Calabria,004,078,078004,In Corso,COLLAUDO,ASILI NIDO,Collaudo non concluso,0,1,0,2025-11-06,,2026-06-30,2025.0,0,RISTRUTTURAZIONE CON EFFICIENTAMENTO ENERGETICO,Ristrutturazione/recupero,700000.0,700000.0,3,3,1,1,2,0,1
D33H19000710007,Lazio,122,058,058122,In Corso,ESECUZIONE LAVORI,SCUOLE MATERNE,Esecuzione lavori,0,0,0,2021-03-22,,2026-06-30,2021.0,1,NUOVA REALIZZAZIONE,Nuova realizzazione,3039954.83,2064566.57,9,8,1,1,7,0,1
D34E21000550001,Calabria,076,078,078076,In Corso,COLLAUDO,ALTRE INFRASTRUTTURE,Collaudo non concluso,0,1,0,2023-01-09,,2026-06-30,2023.0,1,RISTRUTTURAZIONE (PER CAMBIO DI DESTINAZIONE D'USO),Ristrutturazione/recupero,1397000.0,1270000.0,6,6,1,1,5,1,1
D34E21000620001,Puglia,003,075,075003,In Corso,ESECUZIONE LAVORI,ASILI NIDO,Esecuzione lavori,0,0,0,2022-10-12,,2026-06-30,2022.0,1,AMPLIAMENTO (COMPRESA SOPRAELEVAZIONE) O POTENZIAMENTO,Ampliamento,1233000.0,1233000.0,6,5,1,1,5,0,1
D34E21000630001,Puglia,039,075,075039,In Corso,COLLAUDO,"SCUOLE ELEMENTARI, MEDIE E SUPERIORI",Collaudo non concluso,0,1,0,2022-09-22,,2026-06-30,2022.0,1,AMPLIAMENTO (COMPRESA SOPRAELEVAZIONE) O POTENZIAMENTO,Ampliamento,709207.42,645000.0,4,4,1,1,3,0,1
D34E21003930006,Friuli-Venezia Giulia,076,030,030076,Concluso,COLLAUDO,ASILI NIDO,Concluso,1,1,1,2023-03-02,2025-06-12,2025-06-12,2023.0,0,AMPLIAMENTO (COMPRESA SOPRAELEVAZIONE) O POTENZIAMENTO,Ampliamento,377044.99,315495.26,4,5,1,1,3,0,1
D34E22000200006,Molise,021,094,094021,In Corso,ESECUZIONE LAVORI,ASILI NIDO,Esecuzione lavori,0,0,0,2023-02-14,,2026-07-31,2023.0,0,AMPLIAMENTO (COMPRESA SOPRAELEVAZIONE) O POTENZIAMENTO,Ampliamento,180000.0,180000.0,5,5,1,1,5,0,1
D34E22000210006,Molise,021,094,094021,In Corso,COLLAUDO,SCUOLE MATERNE,Collaudo non concluso,0,1,0,2023-02-15,,2026-06-30,2023.0,0,AMPLIAMENTO (COMPRESA SOPRAELEVAZIONE) O POTENZIAMENTO,Ampliamento,172800.0,172800.0,3,3,1,1,3,0,1
D35D24000010001,Lombardia,018,020,020018,In Corso,COLLAUDO,SERVIZI PER L'INFANZIA,Collaudo non concluso,0,1,0,2024-10-21,,2026-06-30,2024.0,0,AMPLIAMENTO (COMPRESA SOPRAELEVAZIONE) O POTENZIAMENTO,Ampliamento,480000.0,480000.0,4,4,1,0,3,0,1
D35E22000010006,Sicilia,010,088,088010,In Corso,ESECUZIONE LAVORI,ASILI NIDO,Esecuzione lavori,0,0,0,2022-10-31,,2026-08-31,2022.0,0,NUOVA REALIZZAZIONE,Nuova realizzazione,2645275.0,2450000.0,6,5,1,1,4,0,1
D35E22000050006,Puglia,007,073,073007,In Corso,ESECUZIONE LAVORI,SCUOLE MATERNE,Esecuzione lavori,0,0,0,2022-11-14,,2026-06-30,2022.0,0,NUOVA REALIZZAZIONE,Nuova realizzazione,2553600.0,2553600.0,3,3,1,1,2,0,1
D35E22000100006,Puglia,036,072,072036,In Corso,ESECUZIONE LAVORI,ASILI NIDO,Esecuzione lavori,0,0,0,2022-10-21,,2026-06-30,2022.0,0,NUOVA REALIZZAZIONE,Nuova realizzazione,1965000.0,1680000.0,8,9,1,1,7,0,1
D35E22000140006,Sicilia,007,085,085007,In Corso,ESECUZIONE LAVORI,ASILI NIDO,Esecuzione lavori,0,0,0,2023-05-31,,2026-06-30,2023.0,0,NUOVA REALIZZAZIONE,Nuova realizzazione,1066115.0,1066115.0,4,4,1,1,3,0,1
D35E22000150006,Marche,012,109,109012,In Corso,COLLAUDO,ASILI NIDO,Collaudo non concluso,0,1,0,2023-02-20,,2026-06-30,2023.0,0,NUOVA REALIZZAZIONE,Nuova realizzazione,555000.0,540000.0,8,7,1,1,7,0,1
D35E22000270006,Puglia,007,073,073007,In Corso,COLLAUDO,ASILI NIDO,Collaudo non concluso,0,1,0,2022-11-08,,2026-06-30,2022.0,0,NUOVA REALIZZAZIONE,Nuova realizzazione,1460640.0,1460640.0,4,5,1,1,3,0,1
D35E22000310006,Puglia,039,075,075039,In Corso,ESECUZIONE LAVORI,SCUOLE MATERNE,Esecuzione lavori,0,0,0,2022-11-22,,2026-12-31,2022.0,0,NUOVA REALIZZAZIONE,Nuova realizzazione,2350000.0,2350000.0,3,4,1,1,2,0,1
D35E22000320006,Abruzzo,051,066,066051,In Corso,ESECUZIONE LAVORI,SCUOLE MATERNE,Esecuzione lavori,0,0,0,2023-01-07,,2026-06-30,2023.0,0,NUOVA REALIZZAZIONE,Nuova realizzazione,883000.0,883000.0,2,3,1,1,1,0,1
D35E24000010006,Toscana,005,046,046005,In Corso,COLLAUDO,ASILI NIDO,Collaudo non concluso,0,1,0,,,,,0,NUOVA REALIZZAZIONE,Nuova realizzazione,1440000.0,1440000.0,6,6,1,1,5,0,1
D35E24000020006,Lazio,122,058,058122,In Corso,ESECUZIONE LAVORI,ASILI NIDO,Esecuzione lavori,0,0,0,2024-03-03,,2026-08-31,2024.0,0,NUOVA REALIZZAZIONE,Nuova realizzazione,1728000.0,1728000.0,9,9,1,1,8,1,1
D35E24000040006,Molise,006,070,070006,In Corso,ESECUZIONE LAVORI,ASILI NIDO,Esecuzione lavori,0,0,0,2024-06-13,,2026-06-30,2024.0,0,NUOVA REALIZZAZIONE,Nuova realizzazione,1152000.0,1152000.0,6,6,1,1,5,0,1
D35E24000050006,Lazio,104,058,058104,In Corso,ESECUZIONE LAVORI,ASILI NIDO,Esecuzione lavori,0,0,0,2024-06-13,,2026-06-30,2024.0,0,NUOVA REALIZZAZIONE,Nuova realizzazione,1728000.0,1728000.0,6,6,1,1,6,1,1
D35E24000060007,Campania,035,064,064035,In Corso,ESECUZIONE LAVORI,ASILI NIDO,Esecuzione lavori,0,0,0,2024-07-26,,2026-08-31,2024.0,0,NUOVA REALIZZAZIONE,Nuova realizzazione,480000.0,480000.0,4,8,1,1,3,0,1
D35E24000070006,Puglia,003,075,075003,In Corso,ESECUZIONE LAVORI,ASILI NIDO,Esecuzione lavori,0,0,0,2024-10-28,,2026-06-30,2024.0,0,NUOVA REALIZZAZIONE,Nuova realizzazione,576000.0,576000.0,4,3,1,1,3,0,1
D35E24000080006,Lazio,005,058,058005,In Corso,ESECUZIONE LAVORI,ASILI NIDO,Esecuzione lavori,0,0,0,2024-09-20,,2026-06-30,2024.0,0,NUOVA REALIZZAZIONE,Nuova realizzazione,885000.0,720000.0,6,5,1,1,5,0,1
D35E24000090006,Calabria,010,102,102010,In Corso,ESECUZIONE LAVORI,ASILI NIDO,Esecuzione lavori,0,0,0,2025-03-14,,2026-12-31,2025.0,0,NUOVA REALIZZAZIONE,Nuova realizzazione,1250000.0,1200000.0,4,5,1,1,3,0,1
D35E25000020006,Calabria,003,101,101003,In Corso,ESECUZIONE LAVORI,ASILI NIDO,Esecuzione lavori,0,0,0,2025-08-29,,2026-06-26,2025.0,0,NUOVA REALIZZAZIONE,Nuova realizzazione,480000.0,480000.0,3,3,1,1,2,0,1
D35E25000030006,Calabria,036,080,080036,In Corso,COLLAUDO,ASILI NIDO,Collaudo non concluso,0,1,0,2025-08-07,,2026-06-30,2025.0,0,NUOVA REALIZZAZIONE,Nuova realizzazione,480000.0,480000.0,4,5,1,1,3,0,1
D35E25000040006,Molise,039,094,094039,In Corso,COLLAUDO,ASILI NIDO,Collaudo non concluso,0,1,0,2025-04-01,,2026-07-31,2025.0,0,NUOVA REALIZZAZIONE,Nuova realizzazione,768000.0,768000.0,7,6,1,0,6,0,1
D35E25000050006,Sardegna,003,091,091003,In Corso,COLLAUDO,ASILI NIDO,Collaudo non concluso,0,1,0,2025-11-10,,2026-06-30,2025.0,0,NUOVA REALIZZAZIONE,Nuova realizzazione,480000.0,480000.0,3,2,1,1,2,0,1
D35E25000060006,Calabria,002,079,079002,In Corso,Fase non disponibile,ASILI NIDO,Fase non disponibile,0,0,0,,,,,0,NUOVA REALIZZAZIONE,Nuova realizzazione,1248000.0,1248000.0,0,0,0,0,0,0,1
D35E25000070006,Calabria,004,078,078004,In Corso,ESECUZIONE LAVORI,ASILI NIDO,Esecuzione lavori,0,0,0,2025-04-23,,2026-06-30,2025.0,0,NUOVA REALIZZAZIONE,Nuova realizzazione,500000.0,480000.0,3,2,1,1,2,0,1
D36F22000000006,Molise,006,070,070006,In Corso,COLLAUDO,ASILI NIDO,Collaudo non concluso,0,1,0,2022-11-22,,2026-06-30,2022.0,0,DEMOLIZIONE,Demolizione/ricostruzione,1210000.0,1100000.0,5,5,1,1,4,0,1
D36F22000020006,Molise,006,070,070006,In Corso,COLLAUDO,ASILI NIDO,Collaudo non concluso,0,1,0,2022-11-22,,2026-06-30,2022.0,0,DEMOLIZIONE,Demolizione/ricostruzione,1848000.0,1680000.0,7,6,1,1,5,0,1
D36F22000030006,Molise,006,070,070006,In Corso,COLLAUDO,SCUOLE MATERNE,Collaudo non concluso,0,1,0,2022-10-21,,2026-06-30,2022.0,0,DEMOLIZIONE,Demolizione/ricostruzione,1716000.0,1560000.0,7,7,1,1,4,0,1
D36F22000050006,Molise,069,070,070069,In Corso,ESECUZIONE LAVORI,ASILI NIDO,Esecuzione lavori,0,0,0,2023-05-15,,2026-09-30,2023.0,0,DEMOLIZIONE,Demolizione/ricostruzione,1965017.0,1965017.0,8,4,1,1,7,0,1
D36F22000230006,Calabria,076,078,078076,In Corso,COLLAUDO,ASILI NIDO,Collaudo non concluso,0,1,0,2023-02-09,,2026-06-30,2023.0,0,DEMOLIZIONE,Demolizione/ricostruzione,884111.95,803738.14,6,4,1,1,5,1,1
D37G22000020006,Lazio,082,060,060082,In Corso,COLLAUDO,ASILI NIDO,Collaudo non concluso,0,1,0,2023-11-27,,2025-09-18,2023.0,0,RECUPERO,Ristrutturazione/recupero,390500.0,355000.0,4,1,1,1,3,0,1
D37G22000150006,Molise,021,094,094021,In Corso,ESECUZIONE LAVORI,ASILI NIDO,Esecuzione lavori,0,0,0,2023-02-13,,2026-01-31,2023.0,0,RECUPERO,Ristrutturazione/recupero,538200.0,538200.0,4,4,1,1,3,0,1
D38H22000050006,Campania,021,062,062021,Concluso,COLLAUDO,ASILI NIDO,Concluso,1,1,1,2023-04-03,2023-09-25,2023-12-31,2023.0,0,AMPLIAMENTO (COMPRESA SOPRAELEVAZIONE) O POTENZIAMENTO,Ampliamento,73690.0,73690.0,4,3,1,1,4,0,1
D38H22000090006,Puglia,039,075,075039,In Corso,ESECUZIONE LAVORI,ASILI NIDO,Esecuzione lavori,0,0,0,2021-12-23,,2026-06-30,2021.0,0,AMPLIAMENTO (COMPRESA SOPRAELEVAZIONE) O POTENZIAMENTO,Ampliamento,1250000.0,1250000.0,4,4,1,1,3,0,1
D38H22000110006,Toscana,005,046,046005,In Corso,COLLAUDO,ASILI NIDO,Collaudo non concluso,0,1,0,2023-05-25,,2026-06-30,2023.0,0,AMPLIAMENTO (COMPRESA SOPRAELEVAZIONE) O POTENZIAMENTO,Ampliamento,170000.0,170000.0,6,6,1,1,6,0,1
D38H22000430006,Sardegna,044,111,111044,In Corso,COLLAUDO,ASILI NIDO,Collaudo non concluso,0,1,0,2022-11-16,,2025-12-31,2022.0,0,RISTRUTTURAZIONE (PER CAMBIO DI DESTINAZIONE D'USO),Ristrutturazione/recupero,338000.0,338000.0,2,1,1,1,1,0,1
D38H22000560005,Emilia-Romagna,042,037,037042,Concluso,COLLAUDO,ALTRE STRUTTURE SOCIALI,Concluso,1,1,1,2023-05-31,2023-12-19,2023-12-19,2023.0,0,RISTRUTTURAZIONE (PER CAMBIO DI DESTINAZIONE D'USO),Ristrutturazione/recupero,79750.0,72500.0,5,7,1,1,5,1,1
D38H24000670006,Sicilia,007,085,085007,In Corso,Fase non disponibile,ASILI NIDO,Fase non disponibile,0,0,0,,,,,0,RISTRUTTURAZIONE (PER CAMBIO DI DESTINAZIONE D'USO),Ristrutturazione/recupero,2520000.0,2520000.0,0,0,0,0,0,0,1
D38H24000690006,Lombardia,036,020,020036,In Corso,COLLAUDO,ASILI NIDO,Collaudo non concluso,0,1,0,2024-08-24,,2026-06-30,2024.0,0,RISTRUTTURAZIONE (PER CAMBIO DI DESTINAZIONE D'USO),Ristrutturazione/recupero,400000.0,400000.0,6,6,1,1,5,0,1
D38H25000260006,Sardegna,037,092,092037,In Corso,ESECUZIONE LAVORI,ASILI NIDO,Esecuzione lavori,0,0,0,2025-06-10,,2026-06-30,2025.0,0,AMPLIAMENTO (COMPRESA SOPRAELEVAZIONE) O POTENZIAMENTO,Ampliamento,480000.0,480000.0,3,3,1,1,2,0,1
D38H25000270006,Lombardia,078,017,017078,Concluso,COLLAUDO,ASILI NIDO,Concluso,1,1,1,2025-06-09,2026-06-04,2026-08-30,2025.0,0,RISTRUTTURAZIONE (PER CAMBIO DI DESTINAZIONE D'USO),Ristrutturazione/recupero,1478258.92,720000.0,8,8,1,1,7,0,1
D38H25000300006,Sicilia,031,082,082031,In Corso,COLLAUDO,ASILI NIDO,Collaudo non concluso,0,1,0,2025-09-03,,2026-06-30,2025.0,0,AMPLIAMENTO (COMPRESA SOPRAELEVAZIONE) O POTENZIAMENTO,Ampliamento,864000.0,864000.0,6,6,1,1,5,0,1
D38I22000050001,Sardegna,071,111,111071,In Corso,COLLAUDO,ASILI NIDO,Collaudo non concluso,0,1,0,2022-10-31,,2026-06-30,2022.0,0,RISTRUTTURAZIONE CON EFFICIENTAMENTO ENERGETICO,Ristrutturazione/recupero,550000.0,500000.0,4,4,1,1,3,0,1
D38I22000060006,Sardegna,071,111,111071,In Corso,COLLAUDO,ASILI NIDO,Collaudo non concluso,0,1,0,2022-10-31,,2026-06-30,2022.0,0,RISTRUTTURAZIONE CON EFFICIENTAMENTO ENERGETICO,Ristrutturazione/recupero,1375000.0,1250000.0,2,2,1,1,1,0,1
D41B21000900001,Campania,065,063,063065,In Corso,COLLAUDO,ASILI NIDO,Collaudo non concluso,0,1,0,2023-05-24,,2026-06-30,2023.0,1,NUOVA REALIZZAZIONE,Nuova realizzazione,3237496.75,2943178.86,6,4,1,1,5,0,1
D41B21000920001,Abruzzo,039,068,068039,In Corso,ESECUZIONE LAVORI,ASILI NIDO,Esecuzione lavori,0,0,0,2023-06-20,,2026-07-31,2023.0,1,NUOVA REALIZZAZIONE,Nuova realizzazione,1633481.63,1540000.0,10,9,1,1,9,0,1
D41B21005200006,Marche,031,109,109031,In Corso,ESECUZIONE LAVORI,ASILI NIDO,Esecuzione lavori,0,0,0,2023-05-24,,2026-06-30,2023.0,0,NUOVA REALIZZAZIONE,Nuova realizzazione,1030000.0,800000.0,7,4,1,1,6,0,1
D41B22000030006,Emilia-Romagna,005,038,038005,In Corso,COLLAUDO,ASILI NIDO,Collaudo non concluso,0,1,0,2023-01-26,,2026-06-30,2023.0,0,NUOVA REALIZZAZIONE,Nuova realizzazione,5319507.82,4392254.16,4,7,1,1,3,1,1
D41B22001050006,Campania,052,065,065052,In Corso,ESECUZIONE LAVORI,ASILI NIDO,Esecuzione lavori,0,0,0,2022-02-09,,2026-06-30,2022.0,0,NUOVA REALIZZAZIONE,Nuova realizzazione,994058.0,994058.0,1,2,1,1,0,0,1
D41B22001120006,Veneto,044,029,029044,In Corso,COLLAUDO,ASILI NIDO,Collaudo non concluso,0,1,0,2022-02-18,,2026-07-31,2022.0,0,NUOVA REALIZZAZIONE,Nuova realizzazione,598000.0,478400.0,1,1,1,1,0,0,1
D41B22001150006,Campania,078,061,061078,In Corso,COLLAUDO,SCUOLE MATERNE,Collaudo non concluso,0,1,0,2023-01-11,,2026-06-30,2023.0,0,NUOVA REALIZZAZIONE,Nuova realizzazione,3128036.34,2843669.4,9,7,1,1,8,0,1
D41B22001170006,Campania,078,061,061078,In Corso,COLLAUDO,ASILI NIDO,Collaudo non concluso,0,1,0,2022-12-20,,2026-06-30,2022.0,0,NUOVA REALIZZAZIONE,Nuova realizzazione,1123994.41,1021813.1,3,1,1,1,2,0,1
D41B22001210006,Abruzzo,041,067,067041,In Corso,COLLAUDO,SCUOLE MATERNE,Collaudo non concluso,0,1,0,2022-10-26,,2026-06-30,2022.0,0,NUOVA REALIZZAZIONE,Nuova realizzazione,1124839.7,777127.0,7,9,1,1,6,0,1
D42C22000270006,Basilicata,001,076,076001,In Corso,ESECUZIONE LAVORI,SCUOLE MATERNE,Esecuzione lavori,0,0,0,2022-11-24,,2026-06-30,2022.0,0,DEMOLIZIONE,Demolizione/ricostruzione,700000.0,700000.0,6,1,1,1,4,0,1
D43C22000500006,Lombardia,067,014,014067,Concluso,COLLAUDO,ASILI NIDO,Concluso,1,1,1,2022-10-19,2026-01-31,2026-03-30,2022.0,0,RISTRUTTURAZIONE CON EFFICIENTAMENTO ENERGETICO,Ristrutturazione/recupero,200000.0,200000.0,3,2,1,1,3,0,1
D43C22000530006,Emilia-Romagna,019,040,040019,In Corso,ESECUZIONE LAVORI,ASILI NIDO,Esecuzione lavori,0,0,0,2023-01-25,,2026-09-30,2023.0,0,RISTRUTTURAZIONE CON EFFICIENTAMENTO ENERGETICO,Ristrutturazione/recupero,897128.8,800000.0,7,8,1,1,6,0,1
D43C22000560006,Calabria,014,078,078014,In Corso,COLLAUDO,ASILI NIDO,Collaudo non concluso,0,1,0,2023-02-20,,2026-05-31,2023.0,0,RISTRUTTURAZIONE CON EFFICIENTAMENTO ENERGETICO,Ristrutturazione/recupero,387770.25,351000.0,3,2,1,1,1,0,1
D43C22000590006,Sardegna,090,111,111090,In Corso,COLLAUDO,ASILI NIDO,Collaudo non concluso,0,1,0,2023-05-18,,2024-11-15,2023.0,0,RISTRUTTURAZIONE CON EFFICIENTAMENTO ENERGETICO,Ristrutturazione/recupero,274901.8,274901.8,2,2,1,1,1,0,1
D45D24000000001,Sicilia,022,087,087022,In Corso,ESECUZIONE LAVORI,SERVIZI PER L'INFANZIA,Esecuzione lavori,0,0,0,2024-11-19,,2026-06-30,2024.0,0,RISTRUTTURAZIONE (PER CAMBIO DI DESTINAZIONE D'USO),Ristrutturazione/recupero,480000.0,480000.0,2,2,1,1,1,0,1
D45E21000010006,Puglia,040,075,075040,In Corso,COLLAUDO,SCUOLE MATERNE,Collaudo non concluso,0,1,0,2022-09-08,,2026-06-30,2022.0,0,NUOVA REALIZZAZIONE,Nuova realizzazione,3000000.0,3000000.0,4,4,1,1,3,0,1
D45E22000000006,Piemonte,152,004,004152,In Corso,COLLAUDO,ASILI NIDO,Collaudo non concluso,0,1,0,2022-02-15,,2026-06-30,2022.0,0,NUOVA REALIZZAZIONE,Nuova realizzazione,792000.0,720000.0,2,2,1,1,1,1,1
D45E22000020006,Campania,070,065,065070,In Corso,ESECUZIONE LAVORI,SCUOLE MATERNE,Esecuzione lavori,0,0,0,2023-03-31,,2026-06-30,2023.0,0,NUOVA REALIZZAZIONE,Nuova realizzazione,1067000.0,970000.0,6,4,1,1,5,0,1
D45E22000110006,Piemonte,033,005,005033,In Corso,COLLAUDO,SCUOLE MATERNE,Collaudo non concluso,0,1,0,2022-11-24,,2026-06-30,2022.0,0,NUOVA REALIZZAZIONE,Nuova realizzazione,1254000.0,1140000.0,4,2,1,1,4,1,1
D45E22000120006,Calabria,050,078,078050,In Corso,COLLAUDO,ASILI NIDO,Collaudo non concluso,0,1,0,2023-03-10,,2026-12-31,2023.0,0,NUOVA REALIZZAZIONE,Nuova realizzazione,929313.0,844830.0,6,6,1,1,5,0,1
D45E22000130006,Veneto,068,026,026068,In Corso,COLLAUDO,ASILI NIDO,Collaudo non concluso,0,1,0,2023-02-15,,2026-06-30,2023.0,0,NUOVA REALIZZAZIONE,Nuova realizzazione,1457500.0,1325000.0,4,4,1,1,3,0,1
D45E22000200006,Calabria,039,079,079039,In Corso,ESECUZIONE LAVORI,ASILI NIDO,Esecuzione lavori,0,0,0,2023-03-09,,2026-06-30,2023.0,0,NUOVA REALIZZAZIONE,Nuova realizzazione,1000000.0,1000000.0,2,2,1,1,1,0,1
D45E22000690006,Sicilia,009,089,089009,In Corso,ESECUZIONE LAVORI,ASILI NIDO,Esecuzione lavori,0,0,0,2024-05-15,,2026-06-30,2024.0,0,NUOVA REALIZZAZIONE,Nuova realizzazione,864000.0,864000.0,2,3,1,1,1,0,1
D45E24000050006,Sardegna,085,091,091085,In Corso,ESECUZIONE LAVORI,ASILI NIDO,Esecuzione lavori,0,0,0,2024-07-24,,2026-06-30,2024.0,0,NUOVA REALIZZAZIONE,Nuova realizzazione,1004415.35,864000.0,2,1,1,0,1,0,1
D45E24000060006,Campania,078,061,061078,In Corso,COLLAUDO/REGOLARE ESECUZIONE,ASILI NIDO,Collaudo non concluso,0,1,0,2024-08-12,,2026-06-30,2024.0,0,NUOVA REALIZZAZIONE,Nuova realizzazione,864000.0,864000.0,6,7,1,1,5,0,1
D45E24000080006,Lombardia,052,017,017052,In Corso,COLLAUDO,ASILI NIDO,Collaudo non concluso,0,1,0,2024-09-12,,2026-06-30,2024.0,0,NUOVA REALIZZAZIONE,Nuova realizzazione,864000.0,864000.0,1,2,1,1,0,0,1
D45E24000090006,Calabria,039,079,079039,In Corso,ESECUZIONE LAVORI,ASILI NIDO,Esecuzione lavori,0,0,0,2024-10-17,,2026-06-30,2024.0,0,NUOVA REALIZZAZIONE,Nuova realizzazione,480000.0,480000.0,3,3,1,1,2,0,1
D45E24000100006,Piemonte,080,004,004080,In Corso,ESECUZIONE LAVORI,ASILI NIDO,Esecuzione lavori,0,0,0,2024-05-29,,2026-06-30,2024.0,0,NUOVA REALIZZAZIONE,Nuova realizzazione,872000.0,672000.0,15,15,1,1,14,0,1
D45E24000110006,Puglia,067,075,075067,In Corso,ESECUZIONE LAVORI,ASILI NIDO,Esecuzione lavori,0,0,0,2025-04-30,,2026-06-30,2025.0,0,NUOVA REALIZZAZIONE,Nuova realizzazione,960000.0,960000.0,6,7,1,1,5,0,1
D45E24000120006,Campania,052,065,065052,In Corso,ESECUZIONE LAVORI,ASILI NIDO,Esecuzione lavori,0,0,0,2024-09-24,,2026-06-30,2024.0,0,NUOVA REALIZZAZIONE,Nuova realizzazione,720000.0,720000.0,2,2,1,1,1,0,1
D45E24000130006,Molise,079,070,070079,In Corso,COLLAUDO,ASILI NIDO,Collaudo non concluso,0,1,0,2024-11-04,,2026-06-30,2024.0,0,NUOVA REALIZZAZIONE,Nuova realizzazione,984000.0,984000.0,7,8,1,1,6,0,1
D45E25000020006,Sardegna,085,091,091085,In Corso,ESECUZIONE LAVORI,ASILI NIDO,Esecuzione lavori,0,0,0,2025-08-12,,2026-10-01,2025.0,0,NUOVA REALIZZAZIONE,Nuova realizzazione,1000000.0,720000.0,3,4,1,0,2,0,1
D45E25000030006,Campania,063,064,064063,In Corso,ESECUZIONE LAVORI,ASILI NIDO,Esecuzione lavori,0,0,0,2025-05-23,,2026-12-31,2025.0,0,NUOVA REALIZZAZIONE,Nuova realizzazione,480000.0,480000.0,6,5,1,1,5,0,1
D45E25000040006,Campania,043,065,065043,In Corso,Fase non disponibile,ASILI NIDO,Fase non disponibile,0,0,0,,,,,0,NUOVA REALIZZAZIONE,Nuova realizzazione,672000.0,672000.0,0,0,0,0,0,0,1
D45E25000050006,Veneto,044,029,029044,In Corso,COLLAUDO,ASILI NIDO,Collaudo non concluso,0,1,0,2025-04-16,,2026-06-30,2025.0,0,NUOVA REALIZZAZIONE,Nuova realizzazione,250000.0,250000.0,1,1,1,0,1,0,1
D45E25000070006,Piemonte,089,004,004089,In Corso,COLLAUDO,ASILI NIDO,Collaudo non concluso,0,1,0,2025-08-08,,2026-06-30,2025.0,0,NUOVA REALIZZAZIONE,Nuova realizzazione,1200000.0,720000.0,1,1,1,0,1,0,1
D46F21000000006,Calabria,039,079,079039,In Corso,ESECUZIONE LAVORI,SCUOLE MATERNE,Esecuzione lavori,0,0,0,2023-02-06,,2026-06-30,2023.0,0,DEMOLIZIONE,Demolizione/ricostruzione,1512000.0,1512000.0,2,1,1,1,1,0,1
D46F22000000006,Puglia,010,072,072010,In Corso,ESECUZIONE LAVORI,SCUOLE MATERNE,Esecuzione lavori,0,0,0,2023-04-04,,2026-06-30,2023.0,0,DEMOLIZIONE,Demolizione/ricostruzione,4150000.0,4150000.0,3,5,1,1,2,1,1
D46F24000050006,Campania,043,065,065043,In Corso,ESECUZIONE LAVORI,ASILI NIDO,Esecuzione lavori,0,0,0,2025-04-22,,2026-06-30,2025.0,0,DEMOLIZIONE,Demolizione/ricostruzione,576000.0,576000.0,5,5,1,1,4,0,1
D47G25000180006,Piemonte,023,001,001023,In Corso,COLLAUDO,ASILI NIDO,Collaudo non concluso,0,1,0,2025-10-21,,2026-06-30,2025.0,0,RECUPERO,Ristrutturazione/recupero,250000.0,250000.0,3,3,1,1,3,0,1
D48E18000130004,Veneto,018,024,024018,Concluso,COLLAUDO,SCUOLE MATERNE,Concluso,1,1,1,2022-10-11,2024-07-10,2024-07-10,2022.0,1,MANUTENZIONE STRAORDINARIA DI ADEGUAMENTO SISMICO,Altro,572000.0,520000.0,4,4,1,1,3,0,1
D48H22000420006,Abruzzo,041,067,067041,In Corso,COLLAUDO,ASILI NIDO,Collaudo non concluso,0,1,0,2022-10-26,,2026-06-30,2022.0,0,AMPLIAMENTO (COMPRESA SOPRAELEVAZIONE) O POTENZIAMENTO,Ampliamento,1938027.82,1309255.0,8,12,1,1,7,0,1
D48H24000660006,Lombardia,142,017,017142,In Corso,COLLAUDO,ASILI NIDO,Collaudo non concluso,0,1,0,2024-09-02,,2026-06-30,2024.0,0,AMPLIAMENTO (COMPRESA SOPRAELEVAZIONE) O POTENZIAMENTO,Ampliamento,576000.0,576000.0,1,0,1,1,0,0,1
D48H24000690006,Campania,076,062,062076,In Corso,ESECUZIONE LAVORI,ASILI NIDO,Esecuzione lavori,0,0,0,2024-02-01,,2026-06-30,2024.0,0,RISTRUTTURAZIONE (PER CAMBIO DI DESTINAZIONE D'USO),Ristrutturazione/recupero,480000.0,480000.0,2,1,1,1,1,0,1
D48H24000720001,Lombardia,061,017,017061,In Corso,COLLAUDO,ASILI NIDO,Collaudo non concluso,0,1,0,2024-07-18,,2026-06-30,2024.0,0,AMPLIAMENTO (COMPRESA SOPRAELEVAZIONE) O POTENZIAMENTO,Ampliamento,850000.0,720000.0,6,6,1,1,5,0,1
D48H25000280006,Puglia,012,071,071012,In Corso,ESECUZIONE LAVORI,ASILI NIDO,Esecuzione lavori,0,0,0,2025-09-30,,2026-06-30,2025.0,0,RISTRUTTURAZIONE (PER CAMBIO DI DESTINAZIONE D'USO),Ristrutturazione/recupero,480000.0,480000.0,1,2,1,1,0,0,1
D48H25000300006,Sicilia,022,087,087022,In Corso,ESECUZIONE LAVORI,ASILI NIDO,Esecuzione lavori,0,0,0,2025-11-06,,2026-06-30,2025.0,0,RISTRUTTURAZIONE (PER CAMBIO DI DESTINAZIONE D'USO),Ristrutturazione/recupero,480000.0,480000.0,3,2,1,1,2,0,1
D48H25000310006,Lombardia,216,016,016216,In Corso,Fase non disponibile,ASILI NIDO,Fase non disponibile,0,0,0,,,,,0,RISTRUTTURAZIONE (PER CAMBIO DI DESTINAZIONE D'USO),Ristrutturazione/recupero,480000.0,480000.0,0,0,0,0,0,0,1
D48H25000320006,Piemonte,121,006,006121,In Corso,COLLAUDO,ASILI NIDO,Collaudo non concluso,0,1,0,2025-04-01,,2026-06-30,2025.0,0,RISTRUTTURAZIONE (PER CAMBIO DI DESTINAZIONE D'USO),Ristrutturazione/recupero,400000.0,400000.0,1,1,1,0,1,0,1
D48I21000190001,Lombardia,052,017,017052,In Corso,ESECUZIONE LAVORI,ASILI NIDO,Esecuzione lavori,0,0,0,2023-11-27,,2026-06-30,2023.0,1,RISTRUTTURAZIONE CON EFFICIENTAMENTO ENERGETICO,Ristrutturazione/recupero,1836000.0,1700000.0,1,2,1,1,0,0,1
D48I22000070006,Molise,079,070,070079,Concluso,COLLAUDO,SCUOLE MATERNE,Concluso,1,1,1,2022-11-14,2024-09-28,2025-12-31,2022.0,0,RISTRUTTURAZIONE CON EFFICIENTAMENTO ENERGETICO,Ristrutturazione/recupero,364180.0,364180.0,4,4,1,1,3,0,1
D51B21000920005,Veneto,053,025,025053,Concluso,COLLAUDO,SCUOLE MATERNE,Concluso,1,1,1,2018-12-18,2025-12-11,2026-03-31,2018.0,1,MANUTENZIONE STRAORDINARIA DI ADEGUAMENTO SISMICO,Altro,310000.0,260000.0,4,3,1,1,3,0,1
D51B21000990001,Calabria,123,078,078123,In Corso,ESECUZIONE LAVORI,ASILI NIDO,Esecuzione lavori,0,0,0,2021-05-12,,2026-06-30,2021.0,1,NUOVA REALIZZAZIONE,Nuova realizzazione,2912302.79,2526655.39,6,7,1,1,4,0,1
D51B21001250001,Puglia,014,075,075014,In Corso,COLLAUDO,ASILI NIDO,Collaudo non concluso,0,1,0,2023-05-10,,2025-12-31,2023.0,1,NUOVA REALIZZAZIONE,Nuova realizzazione,2951532.61,2800000.0,4,4,1,1,2,0,1
D51B22001300006,Campania,003,063,063003,In Corso,COLLAUDO,SCUOLE MATERNE,Collaudo non concluso,0,1,0,2022-11-28,,2026-06-30,2022.0,0,NUOVA REALIZZAZIONE,Nuova realizzazione,7203900.0,6549000.0,5,7,1,1,4,1,1
D51B22001360006,Emilia-Romagna,006,038,038006,In Corso,COLLAUDO,SCUOLE MATERNE,Collaudo non concluso,0,1,0,2023-01-25,,2026-06-30,2023.0,0,NUOVA REALIZZAZIONE,Nuova realizzazione,3356640.0,3108000.0,8,7,1,1,7,1,1
D51B22001370006,Lazio,048,060,060048,In Corso,ESECUZIONE LAVORI,ASILI NIDO,Esecuzione lavori,0,0,0,2022-11-08,,2026-06-30,2022.0,0,NUOVA REALIZZAZIONE,Nuova realizzazione,792000.0,720000.0,7,6,1,1,6,0,1
D51B22001520006,Lazio,097,058,058097,In Corso,ESECUZIONE LAVORI,ASILI NIDO,Esecuzione lavori,0,0,0,2022-09-08,,2026-08-31,2022.0,0,NUOVA REALIZZAZIONE,Nuova realizzazione,1557853.0,1557853.0,5,4,1,1,4,0,1
D51B22001530006,Abruzzo,006,067,067006,In Corso,COLLAUDO,SCUOLE MATERNE,Collaudo non concluso,0,1,0,2022-11-14,,2026-06-30,2022.0,0,NUOVA REALIZZAZIONE,Nuova realizzazione,2030545.0,1845950.0,3,5,1,1,2,0,1
D51B22001570006,Liguria,031,008,008031,In Corso,COLLAUDO,ASILI NIDO,Collaudo non concluso,0,1,0,2023-01-19,,2026-06-30,2023.0,0,NUOVA REALIZZAZIONE,Nuova realizzazione,2386533.6,2169576.0,8,9,1,1,7,0,1
D53C21000050006,Lazio,034,058,058034,In Corso,COLLAUDO,ASILI NIDO,Collaudo non concluso,0,1,0,2023-05-11,,2026-03-31,2023.0,0,RISTRUTTURAZIONE CON EFFICIENTAMENTO ENERGETICO,Ristrutturazione/recupero,550000.0,500000.0,2,2,1,1,1,0,1
D53C25001320006,Sicilia,017,081,081017,In Corso,ESECUZIONE LAVORI,ASILI NIDO,Esecuzione lavori,0,0,0,2025-10-16,,2026-06-30,2025.0,0,RISTRUTTURAZIONE CON EFFICIENTAMENTO ENERGETICO,Ristrutturazione/recupero,480000.0,480000.0,2,2,1,1,1,0,1
D54E22000060006,Toscana,022,052,052022,Concluso,COLLAUDO,ASILI NIDO,Concluso,1,1,1,2023-03-10,2025-02-17,2024-12-31,2023.0,0,AMPLIAMENTO (COMPRESA SOPRAELEVAZIONE) O POTENZIAMENTO,Ampliamento,747700.0,504000.0,4,4,1,1,3,0,1
D55E21000100006,Lombardia,017,017,017017,In Corso,COLLAUDO,ASILI NIDO,Collaudo non concluso,0,1,0,2025-08-04,,2026-06-30,2025.0,0,NUOVA REALIZZAZIONE,Nuova realizzazione,800000.0,400000.0,0,0,0,0,0,0,1
D55E22000000006,Lazio,097,058,058097,In Corso,ESECUZIONE LAVORI,ASILI NIDO,Esecuzione lavori,0,0,0,2022-09-08,,2026-08-31,2022.0,0,NUOVA REALIZZAZIONE,Nuova realizzazione,1676018.0,1676018.0,6,4,1,1,5,0,1
D55E22000090007,Calabria,123,078,078123,Concluso,COLLAUDO,ASILI NIDO,Concluso,1,1,1,2022-10-20,2026-03-30,2026-06-30,2022.0,0,NUOVA REALIZZAZIONE,Nuova realizzazione,386425.48,351295.89,4,4,1,1,2,1,1
D55E22000100006,Sicilia,012,088,088012,In Corso,ESECUZIONE LAVORI,ASILI NIDO,Esecuzione lavori,0,0,0,2022-10-13,,2026-12-31,2022.0,0,NUOVA REALIZZAZIONE,Nuova realizzazione,3456000.0,3456000.0,6,6,1,1,5,0,1
D55E22000110006,Sicilia,012,088,088012,In Corso,ESECUZIONE LAVORI,SCUOLE MATERNE,Esecuzione lavori,0,0,0,2023-02-07,,2026-12-31,2023.0,0,NUOVA REALIZZAZIONE,Nuova realizzazione,5394000.0,5394000.0,8,5,1,1,7,0,1
D55E22000120006,Puglia,009,073,073009,In Corso,COLLAUDO,ASILI NIDO,Collaudo non concluso,0,1,0,2022-02-25,,2026-06-30,2022.0,0,NUOVA REALIZZAZIONE,Nuova realizzazione,1575000.0,1250000.0,5,6,1,1,5,1,1
D55E22000130006,Sicilia,012,088,088012,In Corso,ESECUZIONE LAVORI,SCUOLE MATERNE,Esecuzione lavori,0,0,0,2022-09-08,,2026-06-30,2022.0,0,NUOVA REALIZZAZIONE,Nuova realizzazione,2644000.0,2644000.0,10,10,1,1,9,0,1
D55E22000210006,Abruzzo,098,066,066098,In Corso,ESECUZIONE LAVORI,ASILI NIDO,Esecuzione lavori,0,0,0,2022-11-08,,2026-06-30,2022.0,0,NUOVA REALIZZAZIONE,Nuova realizzazione,1847877.85,1847877.85,6,3,1,1,5,0,1
D55E22000230006,Puglia,007,074,074007,In Corso,ESECUZIONE LAVORI,ASILI NIDO,Esecuzione lavori,0,0,0,2022-10-26,,2026-06-30,2022.0,0,NUOVA REALIZZAZIONE,Nuova realizzazione,2626000.0,2160000.0,6,11,1,1,4,0,1
D55E22000240001,Piemonte,060,001,001060,In Corso,COLLAUDO,SCUOLE MATERNE,Collaudo non concluso,0,1,0,2023-03-08,,2026-06-30,2023.0,0,NUOVA REALIZZAZIONE,Nuova realizzazione,2372354.15,1893049.23,7,7,1,1,7,1,1
D55E22000260006,Calabria,015,078,078015,In Corso,STIPULA CONTRATTO,ASILI NIDO,Prima dell'esecuzione,0,0,0,,,2026-06-30,,0,NUOVA REALIZZAZIONE,Nuova realizzazione,978930.0,978930.0,5,1,1,1,4,0,1
D55E22000280006,Abruzzo,071,066,066071,In Corso,COLLAUDO,SCUOLE MATERNE,Collaudo non concluso,0,1,0,2023-06-14,,2026-06-30,2023.0,0,NUOVA REALIZZAZIONE,Nuova realizzazione,506628.12,506628.12,1,1,1,0,0,0,1
D55E22000290006,Campania,034,061,061034,In Corso,COLLAUDO,ASILI NIDO,Collaudo non concluso,0,1,0,2022-11-23,,2026-06-30,2022.0,0,NUOVA REALIZZAZIONE,Nuova realizzazione,730000.0,730000.0,3,1,1,1,2,0,1
D55E22000360001,Puglia,077,075,075077,In Corso,COLLAUDO,ASILI NIDO,Collaudo non concluso,0,1,0,2022-12-14,,2026-06-30,2022.0,0,NUOVA REALIZZAZIONE,Nuova realizzazione,1760000.0,1600000.0,7,0,1,1,6,0,1
D55E22000370006,Emilia-Romagna,053,037,037053,In Corso,COLLAUDO,ASILI NIDO,Collaudo non concluso,0,1,0,2022-10-26,,2026-06-30,2022.0,0,NUOVA REALIZZAZIONE,Nuova realizzazione,2475000.0,1804200.0,6,11,1,1,6,1,1
D55E22000390006,Campania,043,061,061043,In Corso,COLLAUDO,ASILI NIDO,Collaudo non concluso,0,1,0,2021-12-02,,2026-06-30,2021.0,0,NUOVA REALIZZAZIONE,Nuova realizzazione,1456260.0,1456260.0,5,5,1,1,4,0,1
D55E22000400006,Liguria,031,008,008031,In Corso,COLLAUDO,ASILI NIDO,Collaudo non concluso,0,1,0,2022-11-30,,2026-07-30,2022.0,0,NUOVA REALIZZAZIONE,Nuova realizzazione,4180000.0,3800000.0,7,7,1,1,6,0,1
D55E22000410006,Calabria,015,078,078015,In Corso,ESECUZIONE LAVORI,ASILI NIDO,Esecuzione lavori,0,0,0,2022-02-10,,2026-06-30,2022.0,0,NUOVA REALIZZAZIONE,Nuova realizzazione,900966.0,900966.0,1,1,1,0,0,0,1
D55E22000420006,Campania,052,061,061052,In Corso,COLLAUDO,ASILI NIDO,Collaudo non concluso,0,1,0,2023-01-20,,2026-06-30,2023.0,0,NUOVA REALIZZAZIONE,Nuova realizzazione,1333495.81,1333495.81,6,1,1,1,5,0,1
D55E22000430006,Calabria,021,102,102021,In Corso,ESECUZIONE LAVORI,ASILI NIDO,Esecuzione lavori,0,0,0,2023-01-23,,2026-08-31,2023.0,0,NUOVA REALIZZAZIONE,Nuova realizzazione,1188000.0,1100000.0,4,5,1,1,3,1,1
D55E22000440006,Campania,003,063,063003,In Corso,COLLAUDO,ASILI NIDO,Collaudo non concluso,0,1,0,2022-11-28,,2026-06-30,2022.0,0,NUOVA REALIZZAZIONE,Nuova realizzazione,1296162.23,1096245.0,4,5,1,1,4,1,1
D55E22000460006,Molise,008,070,070008,In Corso,COLLAUDO,SCUOLE MATERNE,Collaudo non concluso,0,1,0,2022-11-16,,2026-12-31,2022.0,0,NUOVA REALIZZAZIONE,Nuova realizzazione,1540000.0,1400000.0,6,6,1,1,5,0,1
D55E24000040006,Campania,030,063,063030,In Corso,ESECUZIONE LAVORI,ASILI NIDO,Esecuzione lavori,0,0,0,2024-07-15,,2026-09-13,2024.0,0,NUOVA REALIZZAZIONE,Nuova realizzazione,1208000.0,1008000.0,3,3,1,1,2,0,1
D55E24000060006,Sicilia,012,088,088012,In Corso,ESECUZIONE LAVORI,ASILI NIDO,Esecuzione lavori,0,0,0,2024-07-01,,2026-12-31,2024.0,0,NUOVA REALIZZAZIONE,Nuova realizzazione,2520000.0,2520000.0,3,1,1,1,2,0,1
D55E24000070001,Lombardia,019,097,097019,In Corso,ESECUZIONE LAVORI,ASILI NIDO,Esecuzione lavori,0,0,0,2024-06-13,,2026-06-30,2024.0,0,NUOVA REALIZZAZIONE,Nuova realizzazione,703057.88,480000.0,11,11,1,1,10,0,1
D55E24000090006,Lazio,115,058,058115,In Corso,COLLAUDO/REGOLARE ESECUZIONE,ASILI NIDO,Collaudo non concluso,0,1,0,2025-05-19,,2026-08-31,2025.0,0,NUOVA REALIZZAZIONE,Nuova realizzazione,1034000.0,864000.0,4,4,1,1,3,0,1
D55E24000110006,Calabria,021,102,102021,In Corso,ESECUZIONE LAVORI,ASILI NIDO,Esecuzione lavori,0,0,0,2024-09-13,,2026-08-31,2024.0,0,NUOVA REALIZZAZIONE,Nuova realizzazione,480000.0,480000.0,1,1,1,1,0,0,1
D55E24000120006,Campania,043,061,061043,In Corso,ESECUZIONE LAVORI,ASILI NIDO,Esecuzione lavori,0,0,0,2024-09-05,,2026-06-30,2024.0,0,NUOVA REALIZZAZIONE,Nuova realizzazione,864000.0,864000.0,8,8,1,1,7,0,1
D55E24000130006,Campania,003,063,063003,In Corso,Fase non disponibile,ASILI NIDO,Fase non disponibile,0,0,0,,,,,0,NUOVA REALIZZAZIONE,Nuova realizzazione,480000.0,480000.0,0,0,0,0,0,0,1
D55E24000140006,Campania,052,061,061052,In Corso,ESECUZIONE LAVORI,ASILI NIDO,Esecuzione lavori,0,0,0,2024-09-19,,2026-06-30,2024.0,0,NUOVA REALIZZAZIONE,Nuova realizzazione,1632000.0,1632000.0,5,4,1,1,4,0,1
D55E24000150006,Puglia,007,074,074007,In Corso,ESECUZIONE LAVORI,ASILI NIDO,Esecuzione lavori,0,0,0,2024-06-13,,2026-06-30,2024.0,0,NUOVA REALIZZAZIONE,Nuova realizzazione,1440000.0,1440000.0,3,3,1,1,2,0,1
D55E24000170006,Calabria,083,080,080083,In Corso,ESECUZIONE LAVORI,ASILI NIDO,Esecuzione lavori,0,0,0,2025-02-01,,2026-08-31,2025.0,0,NUOVA REALIZZAZIONE,Nuova realizzazione,480000.0,480000.0,4,4,1,1,3,0,1
D55E25000030006,Lazio,115,058,058115,In Corso,COLLAUDO,"SCUOLE ELEMENTARI, MEDIE E SUPERIORI",Collaudo non concluso,0,1,0,,,,,0,NUOVA REALIZZAZIONE,Nuova realizzazione,720000.0,720000.0,0,0,0,0,0,0,1
D55E25000060006,Campania,030,063,063030,In Corso,ESECUZIONE LAVORI,ASILI NIDO,Esecuzione lavori,0,0,0,2025-05-23,,2027-06-30,2025.0,0,NUOVA REALIZZAZIONE,Nuova realizzazione,1233500.0,1008000.0,1,2,1,1,0,0,1
D55E25000080006,Calabria,083,080,080083,In Corso,ESECUZIONE LAVORI,ASILI NIDO,Esecuzione lavori,0,0,0,2025-08-26,,2026-08-31,2025.0,0,NUOVA REALIZZAZIONE,Nuova realizzazione,360000.0,360000.0,2,2,1,0,2,0,1
D55E25000090001,Lazio,097,058,058097,In Corso,ESECUZIONE LAVORI,ASILI NIDO,Esecuzione lavori,0,0,0,2025-03-17,,2026-08-31,2025.0,0,NUOVA REALIZZAZIONE,Nuova realizzazione,1150000.0,1128000.0,3,3,1,1,2,0,1
D55E25000100006,Campania,043,061,061043,In Corso,ESECUZIONE LAVORI,ASILI NIDO,Esecuzione lavori,0,0,0,2025-05-23,,2026-06-30,2025.0,0,NUOVA REALIZZAZIONE,Nuova realizzazione,864000.0,864000.0,7,7,1,1,6,0,1
D55E25000150006,Veneto,001,024,024001,In Corso,ESECUZIONE LAVORI,ASILI NIDO,Esecuzione lavori,0,0,0,2025-12-09,,2026-08-31,2025.0,0,NUOVA REALIZZAZIONE,Nuova realizzazione,715000.0,480000.0,2,2,1,1,1,0,1
D56F22000000006,Puglia,011,072,072011,In Corso,COLLAUDO,SCUOLE MATERNE,Collaudo non concluso,0,1,0,2023-04-13,,2026-08-31,2023.0,0,DEMOLIZIONE,Demolizione/ricostruzione,4020000.0,3200000.0,5,7,1,1,3,0,1
D56F22000040006,Campania,073,064,064073,In Corso,ESECUZIONE LAVORI,ASILI NIDO,Esecuzione lavori,0,0,0,2022-12-01,,2026-12-31,2022.0,0,DEMOLIZIONE,Demolizione/ricostruzione,700000.0,700000.0,6,3,1,1,5,0,1
D56F22000050006,Calabria,021,102,102021,In Corso,ESECUZIONE LAVORI,SCUOLE MATERNE,Esecuzione lavori,0,0,0,2022-01-14,,2026-08-31,2022.0,0,DEMOLIZIONE,Demolizione/ricostruzione,1452600.0,1345000.0,4,5,1,1,3,1,1
D56F22000070006,Calabria,015,078,078015,In Corso,ESECUZIONE LAVORI,SCUOLE MATERNE,Esecuzione lavori,0,0,0,2022-12-12,,2026-06-30,2022.0,0,DEMOLIZIONE,Demolizione/ricostruzione,1501920.0,1501920.0,1,1,1,0,0,0,1
D56F22000080006,Abruzzo,071,066,066071,In Corso,COLLAUDO,ASILI NIDO,Collaudo non concluso,0,1,0,2023-05-16,,2026-06-30,2023.0,0,DEMOLIZIONE,Demolizione/ricostruzione,1043151.45,948319.5,3,3,1,1,2,0,1
D56F22000280006,Emilia-Romagna,053,037,037053,In Corso,COLLAUDO,ASILI NIDO,Collaudo non concluso,0,1,0,2022-11-24,,2026-06-30,2022.0,0,DEMOLIZIONE,Demolizione/ricostruzione,3200000.0,2700000.0,5,10,1,1,5,1,1
D57G25000060006,Campania,077,062,062077,In Corso,ESECUZIONE LAVORI,ASILI NIDO,Esecuzione lavori,0,0,0,2025-08-11,,2026-06-30,2025.0,0,RECUPERO,Ristrutturazione/recupero,480000.0,480000.0,2,1,1,1,1,0,1
D58H21000160006,Veneto,053,025,025053,In Corso,COLLAUDO,SCUOLE MATERNE,Collaudo non concluso,0,1,0,2022-11-12,,2026-06-30,2022.0,1,AMPLIAMENTO (COMPRESA SOPRAELEVAZIONE) O POTENZIAMENTO,Ampliamento,1405000.0,1196250.0,7,6,1,1,6,0,1
D58H21000280006,Liguria,009,010,010009,Concluso,COLLAUDO,ASILI NIDO,Concluso,1,1,1,2023-04-30,2025-04-15,2026-04-30,2023.0,0,AMPLIAMENTO (COMPRESA SOPRAELEVAZIONE) O POTENZIAMENTO,Ampliamento,220544.79,220544.79,5,0,1,1,5,0,1
D58H22000070006,Calabria,083,080,080083,In Corso,ESECUZIONE LAVORI,SCUOLE MATERNE,Esecuzione lavori,0,0,0,2022-09-08,,2026-06-30,2022.0,0,AMPLIAMENTO (COMPRESA SOPRAELEVAZIONE) O POTENZIAMENTO,Ampliamento,172587.36,156897.6,4,3,1,1,3,0,1
D58H22000320006,Lombardia,043,013,013043,In Corso,COLLAUDO,ASILI NIDO,Collaudo non concluso,0,1,0,2023-02-02,,2026-06-30,2023.0,0,AMPLIAMENTO (COMPRESA SOPRAELEVAZIONE) O POTENZIAMENTO,Ampliamento,1288000.0,1200000.0,3,1,1,1,3,1,1
D58H22000970006,Abruzzo,065,069,069065,In Corso,COLLAUDO,SCUOLE MATERNE,Collaudo non concluso,0,1,0,2022-05-24,,2026-06-30,2022.0,0,AMPLIAMENTO (COMPRESA SOPRAELEVAZIONE) O POTENZIAMENTO,Ampliamento,690800.0,628000.0,4,4,1,1,3,0,1
D58H24000990006,Liguria,009,010,010009,In Corso,Fase non disponibile,ASILI NIDO,Fase non disponibile,0,0,0,,,,,0,RISTRUTTURAZIONE (PER CAMBIO DI DESTINAZIONE D'USO),Ristrutturazione/recupero,149000.0,149000.0,0,0,0,0,0,0,1
D58H25000320006,Puglia,018,073,073018,In Corso,ESECUZIONE LAVORI,ASILI NIDO,Esecuzione lavori,0,0,0,2025-08-04,,2026-07-31,2025.0,0,RISTRUTTURAZIONE (PER CAMBIO DI DESTINAZIONE D'USO),Ristrutturazione/recupero,700000.0,700000.0,1,0,1,1,0,0,1
D58H25000330006,Calabria,074,080,080074,In Corso,ESECUZIONE LAVORI,ASILI NIDO,Esecuzione lavori,0,0,0,2025-10-20,,2026-06-30,2025.0,0,RISTRUTTURAZIONE (PER CAMBIO DI DESTINAZIONE D'USO),Ristrutturazione/recupero,560000.0,560000.0,2,2,1,1,1,0,1
D58H25000350006,Calabria,092,080,080092,In Corso,ESECUZIONE LAVORI,ASILI NIDO,Esecuzione lavori,0,0,0,2025-08-08,,2026-08-31,2025.0,0,RISTRUTTURAZIONE (PER CAMBIO DI DESTINAZIONE D'USO),Ristrutturazione/recupero,480000.0,480000.0,4,4,1,1,3,1,1
D58H25000390006,Lazio,034,058,058034,In Corso,COLLAUDO,ASILI NIDO,Collaudo non concluso,0,1,0,2025-09-09,,2026-06-30,2025.0,0,AMPLIAMENTO (COMPRESA SOPRAELEVAZIONE) O POTENZIAMENTO,Ampliamento,350000.0,240000.0,4,6,1,1,3,0,1
D58H25000400006,Sardegna,079,090,090079,In Corso,COLLAUDO,ASILI NIDO,Collaudo non concluso,0,1,0,,,,,0,RISTRUTTURAZIONE (PER CAMBIO DI DESTINAZIONE D'USO),Ristrutturazione/recupero,400000.0,400000.0,2,2,1,1,1,0,1
D58H25000530006,Calabria,015,078,078015,In Corso,COLLAUDO,ASILI NIDO,Collaudo non concluso,0,1,0,2025-07-04,,2026-06-30,2025.0,0,RISTRUTTURAZIONE (PER CAMBIO DI DESTINAZIONE D'USO),Ristrutturazione/recupero,900000.0,900000.0,1,0,1,1,0,0,1
D58H25000590006,Campania,118,064,064118,In Corso,COLLAUDO,ASILI NIDO,Collaudo non concluso,0,1,0,,,,,0,RISTRUTTURAZIONE (PER CAMBIO DI DESTINAZIONE D'USO),Ristrutturazione/recupero,380000.0,380000.0,3,2,1,1,2,0,1
D58I22000060006,Lombardia,056,020,020056,In Corso,COLLAUDO,ASILI NIDO,Collaudo non concluso,0,1,0,2022-12-13,,2026-06-30,2022.0,0,RISTRUTTURAZIONE CON EFFICIENTAMENTO ENERGETICO,Ristrutturazione/recupero,570000.0,400000.0,13,13,1,1,12,0,1
D61B21001140005,Piemonte,168,006,006168,In Corso,ESECUZIONE LAVORI,ASILI NIDO,Esecuzione lavori,0,0,0,2021-06-15,,2026-06-30,2021.0,1,NUOVA REALIZZAZIONE,Nuova realizzazione,1925404.0,1925404.0,7,11,1,1,6,0,1
D61B22000350006,Campania,080,061,061080,In Corso,ESECUZIONE LAVORI,SERVIZI PER L'INFANZIA,Esecuzione lavori,0,0,0,2022-11-15,,2026-07-31,2022.0,0,NUOVA REALIZZAZIONE,Nuova realizzazione,898073.0,816430.0,4,8,1,1,4,1,1
D61B22001190006,Basilicata,012,076,076012,In Corso,ESECUZIONE LAVORI,SCUOLE MATERNE,Esecuzione lavori,0,0,0,2022-10-26,,2026-06-30,2022.0,0,NUOVA REALIZZAZIONE,Nuova realizzazione,2123000.0,1930000.0,8,4,1,1,7,0,1
D61B22001200001,Trentino-Alto Adige,205,022,022205,In Corso,COLLAUDO,ASILI NIDO,Collaudo non concluso,0,1,0,2022-12-08,,2026-06-30,2022.0,0,NUOVA REALIZZAZIONE,Nuova realizzazione,3004000.0,2040000.0,18,27,1,1,17,0,1
D61B22001320006,Sicilia,015,087,087015,In Corso,COLLAUDO,ASILI NIDO,Collaudo non concluso,0,1,0,2022-11-17,,2026-06-30,2022.0,0,NUOVA REALIZZAZIONE,Nuova realizzazione,2310000.0,2100000.0,2,2,1,1,0,0,1
D62C22000560006,Molise,009,070,070009,In Corso,COLLAUDO,ASILI NIDO,Collaudo non concluso,0,1,0,2022-11-09,,2026-06-30,2022.0,0,DEMOLIZIONE,Demolizione/ricostruzione,880000.0,800000.0,4,4,1,1,3,0,1
D63C22000000006,Campania,092,064,064092,In Corso,ESECUZIONE LAVORI,SCUOLE MATERNE,Esecuzione lavori,0,0,0,2023-03-20,,2026-08-31,2023.0,0,RISTRUTTURAZIONE CON EFFICIENTAMENTO ENERGETICO,Ristrutturazione/recupero,868000.0,868000.0,2,1,1,1,1,0,1
D63C22000020006,Campania,051,062,062051,In Corso,ESECUZIONE LAVORI,SCUOLE MATERNE,Esecuzione lavori,0,0,0,2023-04-12,,2026-07-31,2023.0,0,RISTRUTTURAZIONE CON EFFICIENTAMENTO ENERGETICO,Ristrutturazione/recupero,549682.0,549682.0,4,4,1,1,3,0,1
D63C25000140006,Basilicata,012,076,076012,In Corso,PUBBLICAZIONE BANDO DI GARA,ASILI NIDO,Prima dell'esecuzione,0,0,0,2025-09-05,,2026-06-30,2025.0,0,RISTRUTTURAZIONE CON EFFICIENTAMENTO ENERGETICO,Ristrutturazione/recupero,400000.0,400000.0,1,1,1,0,1,0,1
D64E22000120006,Abruzzo,041,068,068041,In Corso,COLLAUDO,SCUOLE MATERNE,Collaudo non concluso,0,1,0,2023-01-17,,2026-06-30,2023.0,0,AMPLIAMENTO (COMPRESA SOPRAELEVAZIONE) O POTENZIAMENTO,Ampliamento,1150967.99,1150967.99,3,4,1,1,2,0,1
D65D25000030006,Basilicata,084,076,076084,In Corso,ESECUZIONE LAVORI,SERVIZI PER L'INFANZIA,Esecuzione lavori,0,0,0,2025-04-30,,2026-06-13,2025.0,0,MANUTENZIONE STRAORDINARIA DI ADEGUAMENTO IMPIANTISTICA E O ANTINCENDIO,Altro,312000.0,260000.0,3,2,1,1,2,0,1
D65E22000010006,Puglia,015,075,075015,In Corso,COLLAUDO,ASILI NIDO,Collaudo non concluso,0,1,0,2022-02-14,,2026-06-30,2022.0,0,NUOVA REALIZZAZIONE,Nuova realizzazione,1550000.0,1330000.0,3,4,1,1,3,1,1
D65E22000040006,Puglia,041,071,071041,In Corso,COLLAUDO,ASILI NIDO,Collaudo non concluso,0,1,0,2022-11-15,,2026-06-30,2022.0,0,NUOVA REALIZZAZIONE,Nuova realizzazione,499365.76,460000.0,3,3,1,1,2,0,1
D65E22000050006,Lombardia,050,019,019050,In Corso,COLLAUDO,ASILI NIDO,Collaudo non concluso,0,1,0,2023-01-25,,2026-06-30,2023.0,0,NUOVA REALIZZAZIONE,Nuova realizzazione,575000.0,433000.0,4,3,1,1,2,0,1
D65E22000080006,Basilicata,048,076,076048,In Corso,COLLAUDO,SCUOLE MATERNE,Collaudo non concluso,0,1,0,2023-01-26,,2026-06-30,2023.0,0,NUOVA REALIZZAZIONE,Nuova realizzazione,2124277.6,1794277.6,5,4,1,1,4,0,1
D65E22000120001,Friuli-Venezia Giulia,043,030,030043,In Corso,COLLAUDO,ASILI NIDO,Collaudo non concluso,0,1,0,2023-01-20,,2026-06-30,2023.0,0,NUOVA REALIZZAZIONE,Nuova realizzazione,2078830.02,1080000.0,8,8,1,1,5,0,1
D65E22000170006,Abruzzo,041,068,068041,Concluso,COLLAUDO,ASILI NIDO,Concluso,1,1,1,2023-01-11,2025-12-04,2025-12-04,2023.0,0,NUOVA REALIZZAZIONE,Nuova realizzazione,1550000.0,1400000.0,3,3,1,1,2,0,1
D65E22000180006,Sicilia,015,087,087015,In Corso,ESECUZIONE LAVORI,ASILI NIDO,Esecuzione lavori,0,0,0,2022-11-17,,2026-07-31,2022.0,0,NUOVA REALIZZAZIONE,Nuova realizzazione,2310000.0,2100000.0,3,1,1,1,1,0,1
D65E22000190006,Sardegna,089,090,090089,In Corso,ESECUZIONE LAVORI,ASILI NIDO,Esecuzione lavori,0,0,0,2023-01-26,,2026-06-30,2023.0,0,NUOVA REALIZZAZIONE,Nuova realizzazione,850000.0,850000.0,2,1,1,1,1,0,1
D65E22000200006,Basilicata,048,076,076048,In Corso,COLLAUDO,ASILI NIDO,Collaudo non concluso,0,1,0,2023-01-26,,2026-06-30,2023.0,0,NUOVA REALIZZAZIONE,Nuova realizzazione,2546000.0,2160000.0,5,3,1,1,4,0,1
D65E22000210006,Basilicata,048,076,076048,In Corso,COLLAUDO,ASILI NIDO,Collaudo non concluso,0,1,0,2023-01-26,,2026-06-30,2023.0,0,NUOVA REALIZZAZIONE,Nuova realizzazione,1249999.25,1079999.25,6,5,1,1,5,0,1
D65E24000030006,Calabria,023,079,079023,In Corso,ESECUZIONE LAVORI,ASILI NIDO,Esecuzione lavori,0,0,0,2024-09-23,,2026-06-30,2024.0,0,NUOVA REALIZZAZIONE,Nuova realizzazione,1920000.0,1920000.0,7,7,1,1,6,0,1
D65E24000040006,Campania,053,061,061053,In Corso,ESECUZIONE LAVORI,ASILI NIDO,Esecuzione lavori,0,0,0,2024-08-29,,2026-08-30,2024.0,0,NUOVA REALIZZAZIONE,Nuova realizzazione,1848000.0,1848000.0,6,5,1,1,5,0,1
D65E24000050006,Campania,092,064,064092,In Corso,COLLAUDO/REGOLARE ESECUZIONE,ASILI NIDO,Collaudo non concluso,0,1,0,2025-01-31,,2026-03-31,2025.0,0,NUOVA REALIZZAZIONE,Nuova realizzazione,960000.0,960000.0,2,1,1,1,1,0,1
D65E24000080006,Sicilia,015,087,087015,In Corso,ESECUZIONE LAVORI,ASILI NIDO,Esecuzione lavori,0,0,0,2024-09-06,,2026-07-31,2024.0,0,NUOVA REALIZZAZIONE,Nuova realizzazione,1440000.0,1440000.0,1,0,1,1,0,0,1
D65E24000090006,Campania,067,063,063067,In Corso,ESECUZIONE LAVORI,ASILI NIDO,Esecuzione lavori,0,0,0,2024-05-30,,2026-08-30,2024.0,0,NUOVA REALIZZAZIONE,Nuova realizzazione,1440000.0,1440000.0,5,5,1,1,4,1,1
D65E25000010006,Sicilia,019,085,085019,In Corso,ESECUZIONE LAVORI,ASILI NIDO,Esecuzione lavori,0,0,0,2025-12-08,,2026-06-30,2025.0,0,NUOVA REALIZZAZIONE,Nuova realizzazione,672000.0,672000.0,3,2,1,1,2,0,1
D65E25000020006,Calabria,023,079,079023,In Corso,Fase non disponibile,ASILI NIDO,Fase non disponibile,0,0,0,,,,,0,NUOVA REALIZZAZIONE,Nuova realizzazione,1440000.0,1440000.0,0,0,0,0,0,0,1
D65E25000030006,Campania,009,065,065009,In Corso,COLLAUDO,ASILI NIDO,Collaudo non concluso,0,1,0,2025-08-04,,2026-09-30,2025.0,0,NUOVA REALIZZAZIONE,Nuova realizzazione,480000.0,480000.0,5,5,1,1,4,0,1
D66F22000130007,Calabria,023,079,079023,In Corso,COLLAUDO,ASILI NIDO,Collaudo non concluso,0,1,0,2023-02-01,,2026-06-30,2023.0,0,DEMOLIZIONE,Demolizione/ricostruzione,1492110.87,1492110.87,5,3,1,1,4,0,1
D66F22000140006,Sicilia,019,085,085019,In Corso,ESECUZIONE LAVORI,ASILI NIDO,Esecuzione lavori,0,0,0,2023-05-03,,2026-06-30,2023.0,0,DEMOLIZIONE,Demolizione/ricostruzione,1079968.7,1079968.7,5,5,1,1,4,0,1
D67G22000060006,Campania,011,064,064011,In Corso,COLLAUDO,ASILI NIDO,Collaudo non concluso,0,1,0,2022-11-29,,2026-06-30,2022.0,0,NUOVA REALIZZAZIONE,Nuova realizzazione,594000.0,540000.0,7,6,1,1,6,0,1
D67G22000090006,Lazio,058,060,060058,In Corso,ESECUZIONE LAVORI,ASILI NIDO,Esecuzione lavori,0,0,0,2022-12-13,,2026-06-30,2022.0,0,RECUPERO,Ristrutturazione/recupero,1038180.0,943800.0,3,3,1,1,2,0,1
D68H21000140006,Campania,067,063,063067,In Corso,COLLAUDO,ASILI NIDO,Collaudo non concluso,0,1,0,2022-09-08,,2026-06-30,2022.0,0,RISTRUTTURAZIONE (PER CAMBIO DI DESTINAZIONE D'USO),Ristrutturazione/recupero,953700.0,867000.0,3,7,1,1,2,0,1
D68H21000150006,Veneto,003,028,028003,In Corso,COLLAUDO,ASILI NIDO,Collaudo non concluso,0,1,0,2022-02-09,,2026-06-30,2022.0,0,AMPLIAMENTO (COMPRESA SOPRAELEVAZIONE) O POTENZIAMENTO,Ampliamento,425000.0,288000.0,5,5,1,1,4,0,1
D68H22000080005,Lazio,039,056,056039,Concluso,COLLAUDO,ASILI NIDO,Concluso,1,1,1,2022-02-28,2024-03-15,2025-12-31,2022.0,0,AMPLIAMENTO (COMPRESA SOPRAELEVAZIONE) O POTENZIAMENTO,Ampliamento,344699.0,344699.0,7,6,1,1,6,0,1
D68H24000600006,Calabria,023,079,079023,In Corso,ESECUZIONE LAVORI,ASILI NIDO,Esecuzione lavori,0,0,0,2024-09-23,,2026-06-30,2024.0,0,RISTRUTTURAZIONE (PER CAMBIO DI DESTINAZIONE D'USO),Ristrutturazione/recupero,560000.0,560000.0,2,2,1,1,1,0,1
D68H24000620006,Lazio,012,056,056012,In Corso,ESECUZIONE LAVORI,ASILI NIDO,Esecuzione lavori,0,0,0,2024-07-31,,2026-08-31,2024.0,0,AMPLIAMENTO (COMPRESA SOPRAELEVAZIONE) O POTENZIAMENTO,Ampliamento,480000.0,480000.0,6,5,1,1,5,0,1
D68H24000640006,Sicilia,015,087,087015,In Corso,ESECUZIONE LAVORI,ASILI NIDO,Esecuzione lavori,0,0,0,2024-09-06,,2026-09-30,2024.0,0,AMPLIAMENTO (COMPRESA SOPRAELEVAZIONE) O POTENZIAMENTO,Ampliamento,1200000.0,1200000.0,1,0,1,1,0,0,1
D68H24000650006,Sicilia,015,087,087015,In Corso,COLLAUDO,ASILI NIDO,Collaudo non concluso,0,1,0,2024-09-06,,2026-08-31,2024.0,0,RISTRUTTURAZIONE (PER CAMBIO DI DESTINAZIONE D'USO),Ristrutturazione/recupero,1200000.0,1200000.0,1,0,1,1,0,0,1
D68H24000660006,Sicilia,015,087,087015,In Corso,COLLAUDO,ASILI NIDO,Collaudo non concluso,0,1,0,2024-09-06,,2026-06-30,2024.0,0,RISTRUTTURAZIONE (PER CAMBIO DI DESTINAZIONE D'USO),Ristrutturazione/recupero,1200000.0,1200000.0,1,1,1,1,0,0,1
D68H24000680006,Sicilia,077,083,083077,In Corso,COLLAUDO,ASILI NIDO,Collaudo non concluso,0,1,0,2025-07-17,,2026-06-30,2025.0,0,RISTRUTTURAZIONE (PER CAMBIO DI DESTINAZIONE D'USO),Ristrutturazione/recupero,500000.0,500000.0,2,2,1,1,1,0,1
D68H25000370006,Friuli-Venezia Giulia,016,030,030016,In Corso,COLLAUDO,ASILI NIDO,Collaudo non concluso,0,1,0,2025-08-01,,2026-06-30,2025.0,0,RISTRUTTURAZIONE (PER CAMBIO DI DESTINAZIONE D'USO),Ristrutturazione/recupero,400000.0,400000.0,2,1,1,1,1,0,1
D68H25000530006,Lombardia,180,017,017180,In Corso,ESECUZIONE LAVORI,ASILI NIDO,Esecuzione lavori,0,0,0,2025-12-30,,2026-06-30,2025.0,0,AMPLIAMENTO (COMPRESA SOPRAELEVAZIONE) O POTENZIAMENTO,Ampliamento,600000.0,360000.0,4,3,1,1,3,0,1
D68I21000190001,Puglia,078,075,075078,In Corso,ESECUZIONE LAVORI,SCUOLE MATERNE,Esecuzione lavori,0,0,0,2022-09-27,,2026-06-30,2022.0,1,RISTRUTTURAZIONE CON EFFICIENTAMENTO ENERGETICO,Ristrutturazione/recupero,2200000.0,2200000.0,8,7,1,1,7,0,1
D71B21001460001,Campania,050,063,063050,In Corso,ESECUZIONE LAVORI,ASILI NIDO,Esecuzione lavori,0,0,0,2021-05-31,,2026-06-30,2021.0,1,MANUTENZIONE STRAORDINARIA DI ADEGUAMENTO SISMICO,Altro,1200000.0,1200000.0,6,5,1,1,5,0,1
D71B22000630006,Lombardia,100,017,017100,In Corso,ESECUZIONE LAVORI,SCUOLE MATERNE,Esecuzione lavori,0,0,0,2023-05-26,,2026-01-31,2023.0,0,NUOVA REALIZZAZIONE,Nuova realizzazione,2786696.23,2310000.0,21,4,1,1,19,0,1
D71B22001020006,Lazio,081,058,058081,In Corso,ESECUZIONE LAVORI,ASILI NIDO,Esecuzione lavori,0,0,0,2022-09-08,,2026-06-30,2022.0,0,NUOVA REALIZZAZIONE,Nuova realizzazione,1078000.0,980000.0,7,4,1,1,6,0,1
D71B22001040006,Sicilia,053,082,082053,In Corso,ESECUZIONE LAVORI,ASILI NIDO,Esecuzione lavori,0,0,0,2022-10-20,,2026-06-30,2022.0,0,NUOVA REALIZZAZIONE,Nuova realizzazione,838542.12,762311.02,3,5,1,1,2,1,1
D71B22001080006,Lazio,009,058,058009,In Corso,ESECUZIONE LAVORI,ASILI NIDO,Esecuzione lavori,0,0,0,2022-09-08,,2026-06-30,2022.0,0,NUOVA REALIZZAZIONE,Nuova realizzazione,1846500.0,1846500.0,3,3,1,1,2,0,1
D71B22001100006,Lazio,009,058,058009,In Corso,COLLAUDO,ASILI NIDO,Collaudo non concluso,0,1,0,2022-09-08,,2026-06-30,2022.0,0,NUOVA REALIZZAZIONE,Nuova realizzazione,1846500.0,1846500.0,3,3,1,1,2,0,1
D71B22001160006,Piemonte,112,003,003112,In Corso,ESECUZIONE LAVORI,ASILI NIDO,Esecuzione lavori,0,0,0,2022-09-08,,2026-03-31,2022.0,0,NUOVA REALIZZAZIONE,Nuova realizzazione,1380000.0,870000.0,6,2,1,1,5,0,1
D71B22001170006,Piemonte,115,006,006115,In Corso,ESECUZIONE LAVORI,ASILI NIDO,Esecuzione lavori,0,0,0,2023-03-10,,2026-06-30,2023.0,0,NUOVA REALIZZAZIONE,Nuova realizzazione,445000.0,429500.0,2,2,1,1,1,0,1
D72C21000530001,Marche,044,041,041044,In Corso,COLLAUDO,SCUOLE MATERNE,Collaudo non concluso,0,1,0,2021-03-22,,2026-06-30,2021.0,1,NUOVA REALIZZAZIONE,Nuova realizzazione,3770000.0,3000000.0,16,16,1,1,13,1,1
D73C22000010006,Friuli-Venezia Giulia,044,030,030044,In Corso,COLLAUDO,ASILI NIDO,Collaudo non concluso,0,1,0,2023-03-02,,2026-06-30,2023.0,0,RISTRUTTURAZIONE CON EFFICIENTAMENTO ENERGETICO,Ristrutturazione/recupero,943281.28,852800.0,2,2,1,1,1,0,1
D73C22000510006,Campania,154,065,065154,In Corso,ESECUZIONE LAVORI,SCUOLE MATERNE,Esecuzione lavori,0,0,0,2023-02-28,,2026-06-30,2023.0,0,RISTRUTTURAZIONE CON EFFICIENTAMENTO ENERGETICO,Ristrutturazione/recupero,1510000.0,1510000.0,5,2,1,1,4,0,1
D73C24000660006,Calabria,049,080,080049,In Corso,ESECUZIONE LAVORI,ASILI NIDO,Esecuzione lavori,0,0,0,2024-10-07,,2026-08-31,2024.0,0,RISTRUTTURAZIONE CON EFFICIENTAMENTO ENERGETICO,Ristrutturazione/recupero,988750.0,560000.0,4,6,1,1,3,0,1
D74D22000100001,Puglia,002,073,073002,Concluso,COLLAUDO,SCUOLE MATERNE,Concluso,1,1,1,2022-09-08,2026-04-15,2025-12-31,2022.0,0,MANUTENZIONE STRAORDINARIA CON EFFICIENTAMENTO ENERGETICO,Altro,734818.02,734818.02,3,3,1,1,2,0,1
D74E21000190001,Campania,127,065,065127,In Corso,COLLAUDO,"EDIFICI SOCIALI, CULTURALI E ASSISTENZIALI",Collaudo non concluso,0,1,0,2021-04-17,,2026-06-30,2021.0,0,RISTRUTTURAZIONE (PER CAMBIO DI DESTINAZIONE D'USO),Ristrutturazione/recupero,1725872.5,1635553.91,6,4,1,1,5,0,1
D74E22000110006,Campania,082,065,065082,Concluso,COLLAUDO,ASILI NIDO,Concluso,1,1,1,2023-01-26,2025-06-25,2026-06-30,2023.0,0,AMPLIAMENTO (COMPRESA SOPRAELEVAZIONE) O POTENZIAMENTO,Ampliamento,467576.56,425069.6,5,6,1,1,4,0,1
D74E22000200006,Sicilia,053,082,082053,In Corso,ESECUZIONE LAVORI,ASILI NIDO,Esecuzione lavori,0,0,0,2023-01-24,,2026-06-30,2023.0,0,RISTRUTTURAZIONE (PER CAMBIO DI DESTINAZIONE D'USO),Ristrutturazione/recupero,570930.72,570930.72,2,4,1,1,1,0,1
D74E22000230006,Sicilia,053,082,082053,In Corso,COLLAUDO,SCUOLE MATERNE,Collaudo non concluso,0,1,0,2022-10-20,,2026-06-30,2022.0,0,RISTRUTTURAZIONE (PER CAMBIO DI DESTINAZIONE D'USO),Ristrutturazione/recupero,787070.9,715519.0,4,2,1,1,4,1,1
D75E21000070001,Liguria,013,009,009013,In Corso,ESECUZIONE LAVORI,SCUOLE MATERNE,Esecuzione lavori,0,0,0,2022-12-05,,2026-06-30,2022.0,0,NUOVA REALIZZAZIONE,Nuova realizzazione,1696013.64,537000.0,8,9,1,1,8,1,1
D75E21000080004,Veneto,058,028,028058,In Corso,COLLAUDO,ASILI NIDO,Collaudo non concluso,0,1,0,2022-11-16,,2026-06-30,2022.0,0,NUOVA REALIZZAZIONE,Nuova realizzazione,1740000.0,635713.85,4,4,1,1,3,0,1
D75E22000040006,Molise,055,070,070055,In Corso,ESECUZIONE LAVORI,ASILI NIDO,Esecuzione lavori,0,0,0,2022-10-21,,2025-12-31,2022.0,0,NUOVA REALIZZAZIONE,Nuova realizzazione,2376000.0,2160000.0,7,5,1,1,5,0,1
D75E22000130006,Campania,019,065,065019,In Corso,ESECUZIONE LAVORI,SCUOLE MATERNE,Esecuzione lavori,0,0,0,2023-02-20,,2026-06-30,2023.0,0,NUOVA REALIZZAZIONE,Nuova realizzazione,4472732.62,4472732.62,10,10,1,1,9,0,1
D75E22000200006,Sicilia,034,087,087034,In Corso,ESECUZIONE LAVORI,ASILI NIDO,Esecuzione lavori,0,0,0,2022-02-25,,2026-06-30,2022.0,0,NUOVA REALIZZAZIONE,Nuova realizzazione,1123122.0,1021020.0,3,3,1,1,3,1,1
D75E22000210006,Sicilia,034,087,087034,In Corso,ESECUZIONE LAVORI,SCUOLE MATERNE,Esecuzione lavori,0,0,0,2022-02-25,,2026-06-30,2022.0,0,NUOVA REALIZZAZIONE,Nuova realizzazione,1689586.8,1535988.0,3,3,1,1,2,1,1
D75E22000300006,Lazio,054,058,058054,Concluso,COLLAUDO,ASILI NIDO,Concluso,1,1,1,2022-09-08,2025-03-03,2025-03-03,2022.0,0,NUOVA REALIZZAZIONE,Nuova realizzazione,259000.0,259000.0,4,5,1,1,3,0,1
D75E22000310006,Sicilia,053,082,082053,In Corso,ESECUZIONE LAVORI,ASILI NIDO,Esecuzione lavori,0,0,0,2022-10-20,,2026-06-30,2022.0,0,NUOVA REALIZZAZIONE,Nuova realizzazione,838864.4,762604.0,3,5,1,1,2,1,1
D75E22000330006,Molise,025,094,094025,In Corso,ESECUZIONE LAVORI,ASILI NIDO,Esecuzione lavori,0,0,0,2023-05-19,,2025-12-31,2023.0,0,NUOVA REALIZZAZIONE,Nuova realizzazione,641884.65,641884.65,3,1,1,1,2,0,1
D75E22000340006,Sicilia,053,082,082053,In Corso,ESECUZIONE LAVORI,ASILI NIDO,Esecuzione lavori,0,0,0,2022-10-20,,2026-06-30,2022.0,0,NUOVA REALIZZAZIONE,Nuova realizzazione,838864.06,762603.69,3,8,1,1,2,1,1
D75E22000350006,Sicilia,053,082,082053,In Corso,ESECUZIONE LAVORI,ASILI NIDO,Esecuzione lavori,0,0,0,2022-10-20,,2026-06-30,2022.0,0,NUOVA REALIZZAZIONE,Nuova realizzazione,844284.32,767531.2,3,6,1,1,2,1,1
D75E22000360006,Sicilia,053,082,082053,In Corso,STIPULA CONTRATTO,ASILI NIDO,Prima dell'esecuzione,0,0,0,2022-10-20,,2026-12-31,2022.0,0,NUOVA REALIZZAZIONE,Nuova realizzazione,1053476.05,957705.5,2,3,1,0,2,0,1
D75E22000370006,Puglia,088,075,075088,In Corso,COLLAUDO,ASILI NIDO,Collaudo non concluso,0,1,0,2023-02-28,,2026-06-30,2023.0,0,NUOVA REALIZZAZIONE,Nuova realizzazione,2453000.0,2230000.0,7,6,1,1,5,1,1
D75E22000380006,Sicilia,053,082,082053,In Corso,ESECUZIONE LAVORI,ASILI NIDO,Esecuzione lavori,0,0,0,2022-10-20,,2026-12-31,2022.0,0,NUOVA REALIZZAZIONE,Nuova realizzazione,844284.32,767531.2,3,6,1,1,2,1,1
D75E22000390006,Puglia,009,074,074009,In Corso,COLLAUDO,ASILI NIDO,Collaudo non concluso,0,1,0,2022-03-28,,2026-06-30,2022.0,0,NUOVA REALIZZAZIONE,Nuova realizzazione,1442100.0,1311000.0,6,1,1,1,5,0,1
D75E22000400006,Sicilia,053,082,082053,In Corso,ESECUZIONE LAVORI,ASILI NIDO,Esecuzione lavori,0,0,0,2022-10-26,,2026-06-30,2022.0,0,NUOVA REALIZZAZIONE,Nuova realizzazione,3053591.81,2775992.55,4,4,1,1,4,1,1
D75E22000430006,Sicilia,053,082,082053,In Corso,ESECUZIONE LAVORI,SCUOLE MATERNE,Esecuzione lavori,0,0,0,2022-10-28,,2026-06-30,2022.0,0,NUOVA REALIZZAZIONE,Nuova realizzazione,771571.9,701429.0,4,2,1,1,4,1,1
D75E22000730006,Lazio,009,058,058009,In Corso,ESECUZIONE LAVORI,ASILI NIDO,Esecuzione lavori,0,0,0,2025-10-27,,2026-06-30,2025.0,0,NUOVA REALIZZAZIONE,Nuova realizzazione,1080000.0,1080000.0,4,4,1,1,3,0,1
D75E24000050002,Veneto,085,028,028085,In Corso,COLLAUDO,ASILI NIDO,Collaudo non concluso,0,1,0,2024-06-26,,2026-06-30,2024.0,0,NUOVA REALIZZAZIONE,Nuova realizzazione,1600000.0,864000.0,12,11,1,1,11,0,1
D75E24000060006,Lazio,117,058,058117,In Corso,ESECUZIONE LAVORI,ASILI NIDO,Esecuzione lavori,0,0,0,2024-07-29,,2026-06-30,2024.0,0,NUOVA REALIZZAZIONE,Nuova realizzazione,1317000.0,792000.0,11,9,1,1,10,1,1
D75E24000070006,Lazio,117,058,058117,In Corso,ESECUZIONE LAVORI,ASILI NIDO,Esecuzione lavori,0,0,0,2024-07-29,,2026-06-30,2024.0,0,NUOVA REALIZZAZIONE,Nuova realizzazione,1960000.0,1224000.0,5,5,1,1,4,0,1
D75E24000080006,Marche,044,041,041044,In Corso,ESECUZIONE LAVORI,ASILI NIDO,Esecuzione lavori,0,0,0,2024-08-06,,2026-07-31,2024.0,0,NUOVA REALIZZAZIONE,Nuova realizzazione,2460000.0,2160000.0,9,10,1,1,8,0,1
D75E24000090006,Sicilia,034,087,087034,In Corso,ESECUZIONE LAVORI,ASILI NIDO,Esecuzione lavori,0,0,0,2024-05-29,,2026-06-30,2024.0,0,NUOVA REALIZZAZIONE,Nuova realizzazione,864000.0,864000.0,2,3,1,1,2,1,1
D75E24000100006,Sicilia,053,082,082053,In Corso,STIPULA CONTRATTO,ASILI NIDO,Prima dell'esecuzione,0,0,0,2024-09-05,,2026-12-31,2024.0,0,NUOVA REALIZZAZIONE,Nuova realizzazione,960000.0,960000.0,1,1,1,0,1,0,1
D75E24000120006,Sicilia,053,082,082053,In Corso,PROGETTO ESECUTIVO (ART. 41 DLGS 36/2023 E PRECEDENTI VERSIONI DEL CODICE),ASILI NIDO,Prima dell'esecuzione,0,0,0,2024-09-05,,2026-12-31,2024.0,0,NUOVA REALIZZAZIONE,Nuova realizzazione,1440000.0,1440000.0,0,0,0,0,0,0,1
D75E24000150006,Marche,033,042,042033,In Corso,ESECUZIONE LAVORI,ASILI NIDO,Esecuzione lavori,0,0,0,2024-11-05,,2026-06-30,2024.0,0,NUOVA REALIZZAZIONE,Nuova realizzazione,1032000.0,1032000.0,6,6,1,1,5,0,1
D75E25000020006,Puglia,031,072,072031,In Corso,ESECUZIONE LAVORI,ASILI NIDO,Esecuzione lavori,0,0,0,2025-09-17,,2026-08-31,2025.0,0,NUOVA REALIZZAZIONE,Nuova realizzazione,1920000.0,1920000.0,4,4,1,1,4,2,1
D75E25000030006,Calabria,049,080,080049,In Corso,ESECUZIONE LAVORI,ASILI NIDO,Esecuzione lavori,0,0,0,2025-05-23,,2026-08-31,2025.0,0,NUOVA REALIZZAZIONE,Nuova realizzazione,672000.0,672000.0,4,3,1,1,3,1,1
D75E25000050006,Puglia,002,073,073002,In Corso,COLLAUDO,ASILI NIDO,Collaudo non concluso,0,1,0,2025-05-23,,2026-12-31,2025.0,0,NUOVA REALIZZAZIONE,Nuova realizzazione,672000.0,672000.0,2,2,1,1,1,0,1
D75E25000060006,Puglia,009,074,074009,In Corso,Fase non disponibile,ASILI NIDO,Fase non disponibile,0,0,0,,,,,0,NUOVA REALIZZAZIONE,Nuova realizzazione,1008000.0,1008000.0,0,0,0,0,0,0,1
D75F21000470001,Campania,154,065,065154,In Corso,ESECUZIONE LAVORI,"EDIFICI SOCIALI, CULTURALI E ASSISTENZIALI",Esecuzione lavori,0,0,0,2023-04-30,,2026-06-30,2023.0,1,LAVORI SOCIALMENTE UTILI,Altro,3000000.0,3000000.0,6,4,1,1,5,0,1
D76F22000000006,Sicilia,053,082,082053,In Corso,ESECUZIONE LAVORI,SCUOLE MATERNE,Esecuzione lavori,0,0,0,2022-10-22,,2026-12-31,2022.0,0,DEMOLIZIONE,Demolizione/ricostruzione,1306105.24,1187368.4,2,3,1,1,1,1,1
D76F22000020006,Piemonte,098,001,001098,In Corso,COLLAUDO,ASILI NIDO,Collaudo non concluso,0,1,0,2023-01-17,,2025-12-31,2023.0,0,DEMOLIZIONE,Demolizione/ricostruzione,950400.0,864000.0,2,5,1,1,2,1,1
D76F22000040006,Puglia,031,072,072031,In Corso,COLLAUDO,SCUOLE MATERNE,Collaudo non concluso,0,1,0,2022-11-24,,2026-06-30,2022.0,0,DEMOLIZIONE,Demolizione/ricostruzione,2352000.0,2352000.0,8,8,1,1,7,0,1
D76F24000020006,Sicilia,053,082,082053,In Corso,ESECUZIONE LAVORI,ASILI NIDO,Esecuzione lavori,0,0,0,2024-09-05,,2026-12-31,2024.0,0,DEMOLIZIONE,Demolizione/ricostruzione,600000.0,600000.0,0,0,0,0,0,0,1
D76F25000040006,Calabria,004,080,080004,In Corso,ESECUZIONE LAVORI,ASILI NIDO,Esecuzione lavori,0,0,0,2025-09-22,,2026-09-30,2025.0,0,DEMOLIZIONE,Demolizione/ricostruzione,576000.0,576000.0,5,5,1,1,4,0,1
D77G24000050006,Lazio,023,060,060023,In Corso,COLLAUDO,ASILI NIDO,Collaudo non concluso,0,1,0,2024-09-27,,2025-12-31,2024.0,0,RECUPERO,Ristrutturazione/recupero,480000.0,480000.0,4,3,1,1,3,0,1
D78H22000000006,Lombardia,120,016,016120,In Corso,COLLAUDO,ASILI NIDO,Collaudo non concluso,0,1,0,2022-10-26,,2026-06-30,2022.0,0,AMPLIAMENTO (COMPRESA SOPRAELEVAZIONE) O POTENZIAMENTO,Ampliamento,623964.0,567240.0,4,5,1,1,3,0,1
D78H24000750006,Puglia,031,072,072031,In Corso,COLLAUDO,ASILI NIDO,Collaudo non concluso,0,1,0,2024-07-24,,2026-06-30,2024.0,0,RISTRUTTURAZIONE (PER CAMBIO DI DESTINAZIONE D'USO),Ristrutturazione/recupero,600000.0,600000.0,2,2,1,1,1,0,1
D78H24000800006,Lazio,014,060,060014,In Corso,COLLAUDO/REGOLARE ESECUZIONE,ASILI NIDO,Collaudo non concluso,0,1,0,2024-09-05,,2026-06-30,2024.0,0,AMPLIAMENTO (COMPRESA SOPRAELEVAZIONE) O POTENZIAMENTO,Ampliamento,480000.0,480000.0,5,5,1,1,4,0,1
D78H24000810006,Calabria,032,102,102032,In Corso,ESECUZIONE LAVORI,ASILI NIDO,Esecuzione lavori,0,0,0,2024-08-19,,2026-06-30,2024.0,0,AMPLIAMENTO (COMPRESA SOPRAELEVAZIONE) O POTENZIAMENTO,Ampliamento,480000.0,480000.0,5,5,1,1,4,1,1
D78H24000820006,Campania,050,063,063050,In Corso,ESECUZIONE LAVORI,ASILI NIDO,Esecuzione lavori,0,0,0,2024-07-05,,2026-06-30,2024.0,0,RISTRUTTURAZIONE (PER CAMBIO DI DESTINAZIONE D'USO),Ristrutturazione/recupero,1080000.0,1080000.0,2,3,1,1,1,0,1
D78H24000830006,Campania,050,063,063050,In Corso,ESECUZIONE LAVORI,ASILI NIDO,Esecuzione lavori,0,0,0,2024-07-05,,2026-06-30,2024.0,0,AMPLIAMENTO (COMPRESA SOPRAELEVAZIONE) O POTENZIAMENTO,Ampliamento,1120000.0,720000.0,3,3,1,1,2,0,1
D78H24000840001,Sicilia,053,082,082053,In Corso,PROGETTO DI FATTIBILITÀ TECNICO ECONOMICA (ART. 41 DLGS 36/2023 E PRECEDENTI VERSIONI DEL CODICE),ASILI NIDO,Prima dell'esecuzione,0,0,0,2024-09-05,,2026-12-31,2024.0,0,RISTRUTTURAZIONE (PER CAMBIO DI DESTINAZIONE D'USO),Ristrutturazione/recupero,963879.0,500000.0,0,0,0,0,0,0,1
D78H24000850006,Piemonte,116,001,001116,Concluso,COLLAUDO,ASILI NIDO,Concluso,1,1,1,2024-07-30,2026-03-28,2026-06-30,2024.0,0,RISTRUTTURAZIONE (PER CAMBIO DI DESTINAZIONE D'USO),Ristrutturazione/recupero,560000.0,560000.0,3,3,1,1,2,0,1
D78H25000240006,Emilia-Romagna,004,040,040004,In Corso,ESECUZIONE LAVORI,ASILI NIDO,Esecuzione lavori,0,0,0,2025-06-30,,2026-06-30,2025.0,0,RISTRUTTURAZIONE (PER CAMBIO DI DESTINAZIONE D'USO),Ristrutturazione/recupero,400000.0,400000.0,4,5,1,1,3,0,1
D78H25000580006,Calabria,049,080,080049,In Corso,ESECUZIONE LAVORI,ASILI NIDO,Esecuzione lavori,0,0,0,2025-09-26,,2026-06-30,2025.0,0,AMPLIAMENTO (COMPRESA SOPRAELEVAZIONE) O POTENZIAMENTO,Ampliamento,528000.0,528000.0,7,6,1,1,6,0,1
D81B21001910001,Campania,049,064,064049,In Corso,ESECUZIONE LAVORI,ALTRE INFRASTRUTTURE,Esecuzione lavori,0,0,0,2021-04-29,,2026-12-31,2021.0,1,NUOVA REALIZZAZIONE,Nuova realizzazione,2324949.35,2324949.35,5,3,1,1,4,0,1
D81B21002060001,Puglia,098,075,075098,In Corso,COLLAUDO,SCUOLE MATERNE,Collaudo non concluso,0,1,0,2021-03-22,,2026-06-30,2021.0,1,MANUTENZIONE STRAORDINARIA DI ADEGUAMENTO SISMICO,Altro,2601023.61,2408355.2,5,2,1,1,4,0,1
D81B22000220006,Lombardia,031,097,097031,In Corso,COLLAUDO,SCUOLE MATERNE,Collaudo non concluso,0,1,0,2022-01-18,,2026-04-29,2022.0,0,NUOVA REALIZZAZIONE,Nuova realizzazione,3666095.0,2472000.0,14,15,1,1,14,1,1
D81B22001020006,Campania,083,065,065083,In Corso,COLLAUDO,ASILI NIDO,Collaudo non concluso,0,1,0,2022-02-10,,2026-05-30,2022.0,0,NUOVA REALIZZAZIONE,Nuova realizzazione,1257946.67,861000.0,6,6,1,1,5,0,1
D81B22001060006,Campania,082,061,061082,In Corso,ESECUZIONE LAVORI,SCUOLE MATERNE,Esecuzione lavori,0,0,0,2023-01-24,,2026-06-30,2023.0,0,NUOVA REALIZZAZIONE,Nuova realizzazione,1107000.0,1007000.0,9,10,1,1,9,2,1
D82F22000060001,Calabria,050,080,080050,In Corso,COLLAUDO,ALTRE INFRASTRUTTURE,Collaudo non concluso,0,1,0,2022-10-26,,2026-06-30,2022.0,0,MANUTENZIONE STRAORDINARIA,Altro,569200.0,569200.0,4,1,1,1,2,0,1
D83C21000050006,Emilia-Romagna,001,033,033001,Concluso,COLLAUDO,ASILI NIDO,Concluso,1,1,1,2022-09-08,2025-12-11,2025-12-11,2022.0,0,RISTRUTTURAZIONE CON EFFICIENTAMENTO ENERGETICO,Ristrutturazione/recupero,250000.0,250000.0,6,5,1,1,6,0,1
D83C25000280006,Campania,026,062,062026,In Corso,ESECUZIONE LAVORI,ASILI NIDO,Esecuzione lavori,0,0,0,2025-07-30,,2026-08-31,2025.0,0,RISTRUTTURAZIONE CON EFFICIENTAMENTO ENERGETICO,Ristrutturazione/recupero,479900.0,479900.0,4,3,1,1,2,0,1
D84E22000030006,Lombardia,025,019,019025,Concluso,COLLAUDO,SCUOLE MATERNE,Concluso,1,1,1,2022-09-09,2025-12-01,2025-12-31,2022.0,0,AMPLIAMENTO (COMPRESA SOPRAELEVAZIONE) O POTENZIAMENTO,Ampliamento,927203.5,720000.0,14,14,1,1,13,0,1
D84E22000480006,Molise,002,070,070002,Concluso,COLLAUDO,ASILI NIDO,Concluso,1,1,1,2023-05-11,2026-04-30,2026-04-30,2023.0,0,RISTRUTTURAZIONE (PER CAMBIO DI DESTINAZIONE D'USO),Ristrutturazione/recupero,1000010.21,1000010.21,10,2,1,1,9,0,1
D85E21000070006,Piemonte,147,004,004147,In Corso,COLLAUDO,ASILI NIDO,Collaudo non concluso,0,1,0,2023-02-10,,2025-12-31,2023.0,0,NUOVA REALIZZAZIONE,Nuova realizzazione,1362108.83,1300600.0,6,7,1,1,5,0,1
D85E22000140006,Campania,026,062,062026,In Corso,COLLAUDO,ASILI NIDO,Collaudo non concluso,0,1,0,2022-11-14,,2026-06-30,2022.0,0,NUOVA REALIZZAZIONE,Nuova realizzazione,706200.0,642000.0,9,9,1,1,8,0,1
D85E22000150007,Lombardia,072,018,018072,In Corso,ESECUZIONE LAVORI,ASILI NIDO,Esecuzione lavori,0,0,0,2023-11-10,,2025-12-31,2023.0,0,NUOVA REALIZZAZIONE,Nuova realizzazione,1660000.0,600000.0,3,2,1,1,2,0,1
D85E24000100006,Sicilia,054,082,082054,In Corso,ESECUZIONE LAVORI,ASILI NIDO,Esecuzione lavori,0,0,0,2024-04-30,,2026-06-30,2024.0,0,NUOVA REALIZZAZIONE,Nuova realizzazione,1728000.0,1728000.0,4,4,1,1,4,1,1
D85E24000110002,Piemonte,068,003,003068,In Corso,COLLAUDO,ASILI NIDO,Collaudo non concluso,0,1,0,2024-09-05,,2026-06-30,2024.0,0,NUOVA REALIZZAZIONE,Nuova realizzazione,1150000.0,720000.0,2,2,1,1,1,0,1
D85E24000120006,Calabria,014,080,080014,In Corso,Fase non disponibile,ASILI NIDO,Fase non disponibile,0,0,0,,,,,0,NUOVA REALIZZAZIONE,Nuova realizzazione,576000.0,576000.0,0,0,0,0,0,0,1
D85E24000130006,Puglia,041,072,072041,In Corso,ESECUZIONE LAVORI,ASILI NIDO,Esecuzione lavori,0,0,0,2024-09-10,,2026-06-30,2024.0,0,NUOVA REALIZZAZIONE,Nuova realizzazione,1928000.0,1728000.0,4,4,1,1,3,0,1
D85E24000140006,Campania,049,064,064049,In Corso,ESECUZIONE LAVORI,ASILI NIDO,Esecuzione lavori,0,0,0,2024-10-30,,2026-06-30,2024.0,0,NUOVA REALIZZAZIONE,Nuova realizzazione,600000.0,600000.0,1,1,1,0,0,0,1
D85E25000060006,Calabria,014,080,080014,In Corso,AGGIUDICAZIONE,ASILI NIDO,Prima dell'esecuzione,0,0,0,2025-10-16,,2026-05-25,2025.0,0,NUOVA REALIZZAZIONE,Nuova realizzazione,576000.0,576000.0,3,4,1,0,3,0,1
D85E25000090006,Calabria,042,102,102042,In Corso,ESECUZIONE LAVORI,ASILI NIDO,Esecuzione lavori,0,0,0,2025-10-16,,2026-08-31,2025.0,0,NUOVA REALIZZAZIONE,Nuova realizzazione,576000.0,576000.0,3,2,1,1,2,0,1
D87G22000150006,Sicilia,054,082,082054,In Corso,COLLAUDO,SCUOLE MATERNE,Collaudo non concluso,0,1,0,2022-05-25,,2026-06-30,2022.0,0,RECUPERO,Ristrutturazione/recupero,475733.5,432485.0,1,1,1,1,0,0,1
D87G24000120006,Calabria,023,080,080023,In Corso,ESECUZIONE LAVORI,ASILI NIDO,Esecuzione lavori,0,0,0,2024-09-16,,2026-08-31,2024.0,0,RECUPERO,Ristrutturazione/recupero,560000.0,560000.0,6,7,1,1,5,0,1
D88H22000100006,Lazio,021,057,057021,In Corso,ESECUZIONE LAVORI,ASILI NIDO,Esecuzione lavori,0,0,0,2023-01-05,,2025-12-31,2023.0,0,RISTRUTTURAZIONE (PER CAMBIO DI DESTINAZIONE D'USO),Ristrutturazione/recupero,227500.0,227500.0,2,1,1,1,1,0,1
D88H22000270006,Lazio,050,056,056050,Concluso,COLLAUDO,ASILI NIDO,Concluso,1,1,1,2022-02-15,2026-04-23,2026-05-29,2022.0,0,AMPLIAMENTO (COMPRESA SOPRAELEVAZIONE) O POTENZIAMENTO,Ampliamento,747997.33,679997.57,4,4,1,1,3,0,1
D88H24000800006,Lombardia,025,019,019025,Concluso,COLLAUDO,ASILI NIDO,Concluso,1,1,1,2024-06-14,2026-05-06,2026-06-15,2024.0,0,AMPLIAMENTO (COMPRESA SOPRAELEVAZIONE) O POTENZIAMENTO,Ampliamento,547000.0,480000.0,9,9,1,1,8,0,1
D88H24000810006,Puglia,098,075,075098,In Corso,COLLAUDO/REGOLARE ESECUZIONE,ASILI NIDO,Collaudo non concluso,0,1,0,2024-10-09,,2026-06-30,2024.0,0,RISTRUTTURAZIONE (PER CAMBIO DI DESTINAZIONE D'USO),Ristrutturazione/recupero,560000.0,560000.0,3,3,1,1,2,0,1
D88H24000850006,Marche,012,044,044012,In Corso,COLLAUDO/REGOLARE ESECUZIONE,ASILI NIDO,Collaudo non concluso,0,1,0,2024-12-24,,2026-06-30,2024.0,0,RISTRUTTURAZIONE (PER CAMBIO DI DESTINAZIONE D'USO),Ristrutturazione/recupero,800000.0,800000.0,3,3,1,1,2,0,1
D88H25000380006,Puglia,025,071,071025,In Corso,ESECUZIONE LAVORI,ASILI NIDO,Esecuzione lavori,0,0,0,,,,,0,RISTRUTTURAZIONE (PER CAMBIO DI DESTINAZIONE D'USO),Ristrutturazione/recupero,480000.0,480000.0,3,3,1,1,2,0,1
D88H25000400006,Campania,146,065,065146,In Corso,ESECUZIONE LAVORI,ASILI NIDO,Esecuzione lavori,0,0,0,2026-03-05,,2026-07-31,2026.0,0,RISTRUTTURAZIONE (PER CAMBIO DI DESTINAZIONE D'USO),Ristrutturazione/recupero,360000.0,360000.0,3,3,1,1,3,0,1
D88H25000410006,Lazio,069,060,060069,In Corso,ESECUZIONE LAVORI,ASILI NIDO,Esecuzione lavori,0,0,0,2025-08-02,,2026-06-30,2025.0,0,RISTRUTTURAZIONE (PER CAMBIO DI DESTINAZIONE D'USO),Ristrutturazione/recupero,400000.0,400000.0,3,3,1,1,2,0,1
D88H25000720006,Campania,026,062,062026,In Corso,ESECUZIONE LAVORI,ASILI NIDO,Esecuzione lavori,0,0,0,2025-08-08,,2026-08-31,2025.0,0,AMPLIAMENTO (COMPRESA SOPRAELEVAZIONE) O POTENZIAMENTO,Ampliamento,399899.0,399899.0,2,2,1,1,1,0,1
D88I22000120006,Campania,026,062,062026,In Corso,COLLAUDO,SCUOLE MATERNE,Collaudo non concluso,0,1,0,2023-01-16,,2026-06-30,2023.0,0,RISTRUTTURAZIONE CON EFFICIENTAMENTO ENERGETICO,Ristrutturazione/recupero,1099269.6,999336.0,9,8,1,1,8,0,1
D89J20002740009,Campania,026,062,062026,In Corso,COLLAUDO,SCUOLE MATERNE,Collaudo non concluso,0,1,0,2022-10-12,,2026-06-30,2022.0,1,MANUTENZIONE STRAORDINARIA CON EFFICIENTAMENTO ENERGETICO,Altro,1219238.75,1108398.86,15,14,1,1,14,0,1
D91B21001520001,Campania,079,063,063079,In Corso,COLLAUDO,ASILI NIDO,Collaudo non concluso,0,1,0,2022-10-07,,2026-06-30,2022.0,1,NUOVA REALIZZAZIONE,Nuova realizzazione,2895200.0,2632000.0,8,3,1,1,7,0,1
D91B21005460004,Trentino-Alto Adige,021,021,021021,Concluso,COLLAUDO,SCUOLE MATERNE,Concluso,1,1,1,2018-01-01,2024-11-07,2026-03-31,2018.0,0,NUOVA REALIZZAZIONE,Nuova realizzazione,5885498.31,2983200.0,4,2,1,1,3,0,1
D91B22000620006,Emilia-Romagna,023,036,036023,In Corso,COLLAUDO,SCUOLE MATERNE,Collaudo non concluso,0,1,0,2022-11-29,,2026-06-30,2022.0,0,NUOVA REALIZZAZIONE,Nuova realizzazione,3387660.0,2400000.0,11,10,1,1,10,0,1
D91B22000630006,Emilia-Romagna,023,036,036023,In Corso,COLLAUDO,ASILI NIDO,Collaudo non concluso,0,1,0,2022-01-02,,2026-06-30,2022.0,0,NUOVA REALIZZAZIONE,Nuova realizzazione,3268024.38,2271600.0,13,8,1,1,13,1,1
D91B22000840006,Molise,057,070,070057,In Corso,ESECUZIONE LAVORI,ASILI NIDO,Esecuzione lavori,0,0,0,2022-12-15,,2026-09-30,2022.0,0,NUOVA REALIZZAZIONE,Nuova realizzazione,1147580.01,1043254.55,4,4,1,1,3,0,1
D91B22000850006,Lazio,067,057,057067,In Corso,ESECUZIONE LAVORI,ASILI NIDO,Esecuzione lavori,0,0,0,2022-10-27,,2026-08-31,2022.0,0,NUOVA REALIZZAZIONE,Nuova realizzazione,894476.0,813160.0,4,4,1,1,3,0,1
D92C21001140001,Campania,156,065,065156,In Corso,ESECUZIONE LAVORI,ALTRI EDIFICI SCOLASTICI,Esecuzione lavori,0,0,0,2023-03-13,,2025-12-31,2023.0,1,DEMOLIZIONE,Demolizione/ricostruzione,1387546.31,1300646.31,7,6,1,1,6,0,1
D93C21000070006,Calabria,060,080,080060,In Corso,ESECUZIONE LAVORI,SCUOLE MATERNE,Esecuzione lavori,0,0,0,2023-01-18,,2026-06-30,2023.0,0,RISTRUTTURAZIONE CON EFFICIENTAMENTO ENERGETICO,Ristrutturazione/recupero,450000.0,450000.0,2,0,1,1,0,1,1
D93C22000020006,Lazio,024,056,056024,In Corso,ESECUZIONE LAVORI,ASILI NIDO,Esecuzione lavori,0,0,0,2022-11-17,,2025-12-31,2022.0,0,RISTRUTTURAZIONE CON EFFICIENTAMENTO ENERGETICO,Ristrutturazione/recupero,654456.45,600000.0,2,1,1,1,1,0,1
D93C22000040002,Veneto,046,026,026046,Concluso,COLLAUDO,ASILI NIDO,Concluso,1,1,1,2022-11-08,2025-01-28,2026-06-30,2022.0,0,RISTRUTTURAZIONE CON EFFICIENTAMENTO ENERGETICO,Ristrutturazione/recupero,1968741.0,1357741.0,8,6,1,1,6,0,1
D93D21003110001,Campania,057,065,065057,In Corso,ESECUZIONE LAVORI,"EDIFICI SOCIALI, CULTURALI E ASSISTENZIALI",Esecuzione lavori,0,0,0,2022-07-26,,2026-05-13,2022.0,1,RECUPERO,Ristrutturazione/recupero,550000.0,550000.0,5,5,1,1,4,0,1
D94E21000340001,Campania,030,065,065030,In Corso,COLLAUDO,"EDIFICI SOCIALI, CULTURALI E ASSISTENZIALI",Collaudo non concluso,0,1,0,2021-05-13,,2026-06-30,2021.0,1,RISTRUTTURAZIONE (PER CAMBIO DI DESTINAZIONE D'USO),Ristrutturazione/recupero,2000000.0,2000000.0,8,7,1,1,7,0,1
D94E22000070006,Lombardia,140,016,016140,Concluso,COLLAUDO,ASILI NIDO,Concluso,1,1,1,2022-09-08,2026-02-20,2026-06-30,2022.0,0,AMPLIAMENTO (COMPRESA SOPRAELEVAZIONE) O POTENZIAMENTO,Ampliamento,1075000.0,1000000.0,5,5,1,1,4,0,1
D94E22000260006,Lombardia,037,018,018037,Concluso,COLLAUDO,ASILI NIDO,Concluso,1,1,1,2023-01-01,2023-09-29,2025-12-31,2023.0,0,AMPLIAMENTO (COMPRESA SOPRAELEVAZIONE) O POTENZIAMENTO,Ampliamento,144000.0,144000.0,2,2,1,1,2,0,1
D95E21000040006,Calabria,055,078,078055,In Corso,COLLAUDO,ASILI NIDO,Collaudo non concluso,0,1,0,2022-11-14,,2026-06-30,2022.0,0,NUOVA REALIZZAZIONE,Nuova realizzazione,1976634.0,1796940.0,4,4,1,1,3,0,1
D95E22000000006,Lombardia,027,014,014027,In Corso,COLLAUDO,ASILI NIDO,Collaudo non concluso,0,1,0,2023-01-17,,2026-06-30,2023.0,0,NUOVA REALIZZAZIONE,Nuova realizzazione,1150600.0,1046174.0,8,4,1,1,7,0,1
D95E22000020006,Campania,003,065,065003,In Corso,COLLAUDO,SCUOLE MATERNE,Collaudo non concluso,0,1,0,2023-01-19,,2026-06-30,2023.0,0,NUOVA REALIZZAZIONE,Nuova realizzazione,4423369.09,4021244.63,4,2,1,1,2,0,1
D95E22000200006,Umbria,057,054,054057,In Corso,COLLAUDO,ASILI NIDO,Collaudo non concluso,0,1,0,2023-11-27,,2026-06-30,2023.0,0,NUOVA REALIZZAZIONE,Nuova realizzazione,1107323.79,1038400.0,2,1,1,1,1,0,1
D95E22000240006,Trentino-Alto Adige,057,021,021057,Concluso,COLLAUDO,ASILI NIDO,Concluso,1,1,1,2023-04-30,2025-12-15,2025-12-31,2023.0,0,NUOVA REALIZZAZIONE,Nuova realizzazione,1716016.43,1376404.0,8,4,1,1,4,0,1
D95E22000260006,Liguria,017,008,008017,In Corso,ESECUZIONE LAVORI,ASILI NIDO,Esecuzione lavori,0,0,0,2022-12-23,,2026-06-30,2022.0,0,NUOVA REALIZZAZIONE,Nuova realizzazione,1897047.52,1725000.0,14,12,1,1,13,0,1
D95E22000320006,Campania,043,063,063043,In Corso,COLLAUDO,ASILI NIDO,Collaudo non concluso,0,1,0,2022-11-10,,2026-06-30,2022.0,0,NUOVA REALIZZAZIONE,Nuova realizzazione,2245054.9,2040959.0,7,5,1,1,7,1,1
D95E22000330006,Abruzzo,102,066,066102,In Corso,ESECUZIONE LAVORI,ASILI NIDO,Esecuzione lavori,0,0,0,2023-06-12,,2026-06-30,2023.0,0,NUOVA REALIZZAZIONE,Nuova realizzazione,395815.2,359832.0,3,5,1,1,2,0,1
D95E22000340006,Toscana,017,052,052017,In Corso,COLLAUDO,ASILI NIDO,Collaudo non concluso,0,1,0,2022-11-10,,2026-06-30,2022.0,0,NUOVA REALIZZAZIONE,Nuova realizzazione,1703602.75,1323000.0,5,7,1,1,4,0,1
D95E22000350006,Sicilia,009,087,087009,In Corso,COLLAUDO,ASILI NIDO,Collaudo non concluso,0,1,0,2022-09-08,,2026-06-30,2022.0,0,NUOVA REALIZZAZIONE,Nuova realizzazione,1337500.0,1125000.0,5,5,1,1,3,0,1
D95E24000590006,Campania,079,063,063079,In Corso,COLLAUDO,ASILI NIDO,Collaudo non concluso,0,1,0,2024-08-01,,2026-06-30,2024.0,0,NUOVA REALIZZAZIONE,Nuova realizzazione,1728000.0,1728000.0,3,3,1,1,1,0,1
D95E24000610006,Campania,043,063,063043,In Corso,COLLAUDO,ASILI NIDO,Collaudo non concluso,0,1,0,2024-06-13,,2026-06-30,2024.0,0,NUOVA REALIZZAZIONE,Nuova realizzazione,1728000.0,1728000.0,9,10,1,1,9,1,1
D95E24000620006,Campania,003,065,065003,In Corso,COLLAUDO,ASILI NIDO,Collaudo non concluso,0,1,0,2024-04-30,,2026-06-30,2024.0,0,NUOVA REALIZZAZIONE,Nuova realizzazione,576000.0,576000.0,3,3,1,1,2,0,1
D95E24000640006,Sicilia,009,087,087009,In Corso,COLLAUDO,ASILI NIDO,Collaudo non concluso,0,1,0,2024-05-15,,2026-06-30,2024.0,0,NUOVA REALIZZAZIONE,Nuova realizzazione,864000.0,864000.0,2,1,1,1,1,0,1
D95E25000560006,Basilicata,022,077,077022,In Corso,ESECUZIONE LAVORI,ASILI NIDO,Esecuzione lavori,0,0,0,2025-08-08,,2026-06-30,2025.0,0,NUOVA REALIZZAZIONE,Nuova realizzazione,480000.0,480000.0,1,1,1,0,1,0,1
D95E25000570006,Calabria,127,078,078127,In Corso,COLLAUDO,ASILI NIDO,Collaudo non concluso,0,1,0,2025-09-04,,2026-08-31,2025.0,0,NUOVA REALIZZAZIONE,Nuova realizzazione,480000.0,480000.0,6,6,1,1,5,0,1
D95E25000580006,Veneto,006,028,028006,In Corso,ESECUZIONE LAVORI,ASILI NIDO,Esecuzione lavori,0,0,0,2025-09-17,,2026-08-31,2025.0,0,NUOVA REALIZZAZIONE,Nuova realizzazione,770000.0,528000.0,5,5,1,1,4,0,1
D95E25000600006,Lombardia,064,018,018064,In Corso,Fase non disponibile,ASILI NIDO,Fase non disponibile,0,0,0,,,,,0,NUOVA REALIZZAZIONE,Nuova realizzazione,1350000.0,1350000.0,0,0,0,0,0,0,1
D95E25000630006,Calabria,143,079,079143,In Corso,Fase non disponibile,ASILI NIDO,Fase non disponibile,0,0,0,,,,,0,NUOVA REALIZZAZIONE,Nuova realizzazione,1248000.0,1248000.0,0,0,0,0,0,0,1
D96F22000000006,Abruzzo,019,067,067019,In Corso,ESECUZIONE LAVORI,ASILI NIDO,Esecuzione lavori,0,0,0,2022-10-20,,2026-06-30,2022.0,0,DEMOLIZIONE,Demolizione/ricostruzione,1036359.5,942145.0,5,5,1,1,4,0,1
D96F22000180006,Abruzzo,039,066,066039,In Corso,COLLAUDO,ASILI NIDO,Collaudo non concluso,0,1,0,2022-09-13,,2026-06-30,2022.0,0,DEMOLIZIONE,Demolizione/ricostruzione,378854.0,315000.0,5,5,1,1,4,0,1
D96F24000090006,Calabria,069,080,080069,In Corso,ESECUZIONE LAVORI,ASILI NIDO,Esecuzione lavori,0,0,0,2024-06-19,,2026-06-30,2024.0,0,DEMOLIZIONE,Demolizione/ricostruzione,1226500.0,1008000.0,3,3,1,1,2,0,1
D97G22000010006,Trentino-Alto Adige,012,021,021012,In Corso,COLLAUDO,ASILI NIDO,Collaudo non concluso,0,1,0,2022-02-22,,2026-06-30,2022.0,0,RECUPERO,Ristrutturazione/recupero,1928480.64,729990.07,7,9,1,1,6,0,1
D97G24000070006,Campania,156,065,065156,In Corso,ESECUZIONE LAVORI,ASILI NIDO,Esecuzione lavori,0,0,0,2025-10-30,,2026-06-30,2025.0,0,RECUPERO,Ristrutturazione/recupero,400000.0,400000.0,1,0,1,1,0,0,1
D98E18000080001,Umbria,028,055,055028,In Corso,ESECUZIONE LAVORI,SCUOLE MATERNE,Esecuzione lavori,0,0,0,2021-03-22,,2026-12-31,2021.0,1,NUOVA REALIZZAZIONE,Nuova realizzazione,1183600.0,1076000.0,6,6,1,1,5,0,1
D98H22000000006,Sardegna,063,091,091063,In Corso,ESECUZIONE LAVORI,ASILI NIDO,Esecuzione lavori,0,0,0,2022-10-24,,2026-12-31,2022.0,0,AMPLIAMENTO (COMPRESA SOPRAELEVAZIONE) O POTENZIAMENTO,Ampliamento,1056000.0,960000.0,3,4,1,1,3,1,1
D98H22000060006,Trentino-Alto Adige,057,021,021057,Concluso,ESECUZIONE LAVORI,SCUOLE MATERNE,Concluso,1,1,1,2022-12-12,2025-12-15,2025-12-31,2022.0,0,AMPLIAMENTO (COMPRESA SOPRAELEVAZIONE) O POTENZIAMENTO,Ampliamento,1930430.71,1119664.0,8,8,1,1,4,0,1
D98H22000420006,Basilicata,096,076,076096,In Corso,ESECUZIONE LAVORI,ASILI NIDO,Esecuzione lavori,0,0,0,2022-11-17,,2026-07-31,2022.0,0,RISTRUTTURAZIONE (PER CAMBIO DI DESTINAZIONE D'USO),Ristrutturazione/recupero,767004.0,767004.0,4,2,1,1,3,0,1
D98H22000440006,Basilicata,060,076,076060,Concluso,COLLAUDO,ASILI NIDO,Concluso,1,1,1,2023-05-25,2025-01-31,2025-01-31,2023.0,0,RISTRUTTURAZIONE (PER CAMBIO DI DESTINAZIONE D'USO),Ristrutturazione/recupero,203500.0,185000.0,5,4,1,1,5,0,1
D98H24000660006,Abruzzo,102,066,066102,In Corso,ESECUZIONE LAVORI,ASILI NIDO,Esecuzione lavori,0,0,0,2025-08-13,,2026-06-30,2025.0,0,AMPLIAMENTO (COMPRESA SOPRAELEVAZIONE) O POTENZIAMENTO,Ampliamento,480000.0,480000.0,4,3,1,1,3,0,1
D98H24000680006,Sicilia,064,082,082064,Concluso,COLLAUDO,ASILI NIDO,Concluso,1,1,1,2024-07-19,2026-05-04,2026-05-04,2024.0,0,RISTRUTTURAZIONE (PER CAMBIO DI DESTINAZIONE D'USO),Ristrutturazione/recupero,640000.0,640000.0,3,3,1,1,1,0,1
D98H24000720006,Lombardia,013,012,012013,In Corso,ESECUZIONE LAVORI,ASILI NIDO,Esecuzione lavori,0,0,0,2024-08-29,,2026-06-30,2024.0,0,RISTRUTTURAZIONE (PER CAMBIO DI DESTINAZIONE D'USO),Ristrutturazione/recupero,480000.0,480000.0,2,2,1,1,1,0,1
D98H25000340006,Lombardia,054,014,014054,In Corso,COLLAUDO,ASILI NIDO,Collaudo non concluso,0,1,0,2025-06-30,,2026-06-30,2025.0,0,RISTRUTTURAZIONE (PER CAMBIO DI DESTINAZIONE D'USO),Ristrutturazione/recupero,52000.0,52000.0,5,4,1,1,5,0,1
D98H25000600006,Lombardia,013,012,012013,In Corso,ESECUZIONE LAVORI,ASILI NIDO,Esecuzione lavori,0,0,0,2024-10-02,,2026-06-30,2024.0,0,RISTRUTTURAZIONE (PER CAMBIO DI DESTINAZIONE D'USO),Ristrutturazione/recupero,320000.0,320000.0,7,7,1,1,7,0,1
D98H25000610006,Campania,003,065,065003,In Corso,ESECUZIONE LAVORI,ASILI NIDO,Esecuzione lavori,0,0,0,2026-04-15,,2026-06-30,2026.0,0,RISTRUTTURAZIONE (PER CAMBIO DI DESTINAZIONE D'USO),Ristrutturazione/recupero,480000.0,480000.0,2,2,1,1,1,0,1
D98I22000270006,Campania,079,063,063079,In Corso,COLLAUDO,SCUOLE MATERNE,Collaudo non concluso,0,1,0,2023-01-10,,2026-06-30,2023.0,0,RISTRUTTURAZIONE CON EFFICIENTAMENTO ENERGETICO,Ristrutturazione/recupero,1912579.93,1738709.03,7,5,1,1,6,0,1
E11B21001820005,Toscana,014,045,045014,In Corso,COLLAUDO,SCUOLE MATERNE,Collaudo non concluso,0,1,0,2021-05-13,,2026-06-30,2021.0,1,NUOVA REALIZZAZIONE,Nuova realizzazione,1234530.38,1071053.75,6,6,1,1,5,0,1
E11B21002090001,Lazio,026,060,060026,In Corso,ESECUZIONE LAVORI,"EDIFICI SOCIALI, CULTURALI E ASSISTENZIALI",Esecuzione lavori,0,0,0,2023-01-18,,2026-06-30,2023.0,1,NUOVA REALIZZAZIONE,Nuova realizzazione,2530000.0,2300000.0,6,5,1,1,5,0,1
E11B21002170001,Lombardia,006,016,016006,In Corso,COLLAUDO,SCUOLE MATERNE,Collaudo non concluso,0,1,0,2022-09-27,,2026-06-30,2022.0,1,NUOVA REALIZZAZIONE,Nuova realizzazione,3289000.0,2990000.0,16,10,1,1,15,0,1
E11B21002180005,Liguria,059,010,010059,In Corso,COLLAUDO,ALTRI EDIFICI SCOLASTICI,Collaudo non concluso,0,1,0,2021-05-12,,2026-06-30,2021.0,1,NUOVA REALIZZAZIONE,Nuova realizzazione,3285000.0,2850000.0,15,13,1,1,14,1,1
E11B21002360001,Calabria,081,079,079081,In Corso,ESECUZIONE LAVORI,"EDIFICI SOCIALI, CULTURALI E ASSISTENZIALI",Esecuzione lavori,0,0,0,2023-01-17,,2026-06-30,2023.0,1,NUOVA REALIZZAZIONE,Nuova realizzazione,2808068.11,2808068.11,7,7,1,1,6,0,1
E11B21013930006,Campania,024,064,064024,In Corso,COLLAUDO,ASILI NIDO,Collaudo non concluso,0,1,0,2022-10-28,,2026-06-30,2022.0,0,NUOVA REALIZZAZIONE,Nuova realizzazione,1400000.0,1400000.0,8,9,1,1,7,0,1
E11B22000440006,Emilia-Romagna,021,033,033021,In Corso,ESECUZIONE LAVORI,ASILI NIDO,Esecuzione lavori,0,0,0,2022-10-20,,2026-06-30,2022.0,0,NUOVA REALIZZAZIONE,Nuova realizzazione,1830000.0,1300000.0,8,1,1,1,7,0,1
E11B22000470006,Campania,012,061,061012,Concluso,COLLAUDO,ASILI NIDO,Concluso,1,1,1,2022-01-01,2025-11-10,2025-11-10,2022.0,0,NUOVA REALIZZAZIONE,Nuova realizzazione,1703956.61,1544400.0,10,6,1,1,8,0,1
E11B22001410006,Piemonte,104,004,004104,Concluso,COLLAUDO,ASILI NIDO,Concluso,1,1,1,2022-10-31,2024-07-25,2026-06-30,2022.0,0,NUOVA REALIZZAZIONE,Nuova realizzazione,330000.0,300000.0,4,4,1,1,3,0,1
E11B22001880006,Trentino-Alto Adige,013,021,021013,Concluso,COLLAUDO,ASILI NIDO,Concluso,1,1,1,2022-02-21,2023-10-19,2023-10-19,2022.0,0,NUOVA REALIZZAZIONE,Nuova realizzazione,372737.78,254209.0,7,3,1,1,6,0,1
E11B22001920006,Puglia,005,073,073005,Concluso,COLLAUDO,SCUOLE MATERNE,Concluso,1,1,1,2022-11-14,2025-12-16,2026-06-30,2022.0,0,NUOVA REALIZZAZIONE,Nuova realizzazione,1650000.0,1650000.0,4,5,1,1,3,0,1
E13C22000050001,Trentino-Alto Adige,022,021,021022,Concluso,COLLAUDO,SCUOLE MATERNE,Concluso,1,1,1,2023-01-18,2025-02-04,2025-12-31,2023.0,0,RISTRUTTURAZIONE CON EFFICIENTAMENTO ENERGETICO,Ristrutturazione/recupero,2029907.65,1845370.59,7,7,1,1,6,0,1
E13C22000470007,Campania,058,065,065058,Concluso,COLLAUDO,ASILI NIDO,Concluso,1,1,1,2022-11-16,2026-02-03,2026-02-03,2022.0,0,RISTRUTTURAZIONE CON EFFICIENTAMENTO ENERGETICO,Ristrutturazione/recupero,652635.5,593305.0,2,1,1,1,1,0,1
E13D22000220001,Piemonte,212,004,004212,Concluso,COLLAUDO,ASILI NIDO,Concluso,1,1,1,2022-02-09,2025-08-01,2025-08-01,2022.0,0,RECUPERO,Ristrutturazione/recupero,727935.51,300000.0,3,3,1,1,2,0,1
E14E21000900005,Lombardia,006,016,016006,Concluso,COLLAUDO,ASILI NIDO,Concluso,1,1,1,2022-10-18,2025-03-24,2025-12-31,2022.0,1,AMPLIAMENTO (COMPRESA SOPRAELEVAZIONE) O POTENZIAMENTO,Ampliamento,766500.0,665000.0,3,3,1,1,2,0,1
E14E21001140001,Umbria,002,055,055002,In Corso,COLLAUDO,"EDIFICI SOCIALI, CULTURALI E ASSISTENZIALI",Collaudo non concluso,0,1,0,2021-03-22,,2026-06-30,2021.0,1,RISTRUTTURAZIONE (PER CAMBIO DI DESTINAZIONE D'USO),Ristrutturazione/recupero,715630.08,617500.0,2,3,1,1,1,0,1
E14E22000600006,Trentino-Alto Adige,031,021,021031,Concluso,COLLAUDO,ASILI NIDO,Concluso,1,1,1,2022-02-21,2023-10-25,2023-08-11,2022.0,0,RISTRUTTURAZIONE (PER CAMBIO DI DESTINAZIONE D'USO),Ristrutturazione/recupero,144250.0,127500.0,5,5,1,1,5,0,1
E14E22000610006,Veneto,015,024,024015,In Corso,COLLAUDO,SCUOLE MATERNE,Collaudo non concluso,0,1,0,2023-01-18,,2026-06-30,2023.0,0,AMPLIAMENTO (COMPRESA SOPRAELEVAZIONE) O POTENZIAMENTO,Ampliamento,1460000.0,1150000.0,9,11,1,1,8,0,1
E15E22000100006,Liguria,027,008,008027,In Corso,COLLAUDO,SCUOLE MATERNE,Collaudo non concluso,0,1,0,2022-09-08,,2026-06-30,2022.0,0,NUOVA REALIZZAZIONE,Nuova realizzazione,2444254.45,2222222.19,6,7,1,1,5,0,1
E15E22000120006,Liguria,027,008,008027,In Corso,ESECUZIONE LAVORI,ASILI NIDO,Esecuzione lavori,0,0,0,2022-09-08,,2026-06-30,2022.0,0,NUOVA REALIZZAZIONE,Nuova realizzazione,1327053.2,1206412.0,7,16,1,1,6,0,1
E15E22000180006,Lazio,026,060,060026,In Corso,ESECUZIONE LAVORI,ASILI NIDO,Esecuzione lavori,0,0,0,2022-10-20,,2026-06-30,2022.0,0,NUOVA REALIZZAZIONE,Nuova realizzazione,1513545.0,1375950.0,3,2,1,1,2,0,1
E15E22000200006,Lazio,025,056,056025,In Corso,COLLAUDO,ASILI NIDO,Collaudo non concluso,0,1,0,2023-01-16,,2026-06-30,2023.0,0,NUOVA REALIZZAZIONE,Nuova realizzazione,880000.0,800000.0,10,7,1,1,9,0,1
E15E22000210006,Calabria,081,079,079081,In Corso,ESECUZIONE LAVORI,ASILI NIDO,Esecuzione lavori,0,0,0,2022-02-03,,2026-06-30,2022.0,0,NUOVA REALIZZAZIONE,Nuova realizzazione,1870000.0,1870000.0,5,1,1,1,4,0,1
E15E22000690006,Trentino-Alto Adige,067,021,021067,In Corso,Fase non disponibile,ASILI NIDO,Fase non disponibile,0,0,0,,,,,0,NUOVA REALIZZAZIONE,Nuova realizzazione,1968443.77,576000.0,0,0,0,0,0,0,1
E15E24000270006,Sicilia,010,087,087010,In Corso,COLLAUDO,ASILI NIDO,Collaudo non concluso,0,1,0,2024-08-07,,2026-06-30,2024.0,0,NUOVA REALIZZAZIONE,Nuova realizzazione,672000.0,672000.0,5,5,1,1,4,0,1
E15E24000280006,Calabria,056,078,078056,In Corso,ESECUZIONE LAVORI,ASILI NIDO,Esecuzione lavori,0,0,0,2024-09-05,,2026-12-31,2024.0,0,NUOVA REALIZZAZIONE,Nuova realizzazione,480000.0,480000.0,5,5,1,1,4,0,1
E15E25000100006,Calabria,081,079,079081,In Corso,ESECUZIONE LAVORI,ASILI NIDO,Esecuzione lavori,0,0,0,2025-08-04,,2026-06-30,2025.0,0,NUOVA REALIZZAZIONE,Nuova realizzazione,1410929.0,1410929.0,8,8,1,1,7,0,1
E16F24000040006,Campania,012,061,061012,In Corso,COLLAUDO,ASILI NIDO,Collaudo non concluso,0,1,0,2025-03-18,,2026-07-30,2025.0,0,DEMOLIZIONE,Demolizione/ricostruzione,1450000.0,1440000.0,8,7,1,1,7,0,1
E17G22000070006,Sicilia,010,087,087010,In Corso,COLLAUDO,SCUOLE MATERNE,Collaudo non concluso,0,1,0,2022-12-05,,2026-06-30,2022.0,0,RECUPERO,Ristrutturazione/recupero,1186900.0,1079000.0,3,3,1,1,2,0,1
E17G22000090007,Campania,058,065,065058,Concluso,COLLAUDO,SCUOLE MATERNE,Concluso,1,1,1,2022-12-01,2025-08-01,2025-08-01,2022.0,0,RECUPERO,Ristrutturazione/recupero,1068100.0,971000.0,5,3,1,1,4,0,1
E17G24000300001,Toscana,014,045,045014,In Corso,ESECUZIONE LAVORI,ASILI NIDO,Esecuzione lavori,0,0,0,2026-01-26,,2026-08-26,2026.0,0,RECUPERO,Ristrutturazione/recupero,900000.0,600000.0,5,4,1,1,4,0,1
E17G25000130006,Toscana,014,045,045014,In Corso,Fase non disponibile,ASILI NIDO,Fase non disponibile,0,0,0,,,,,0,RECUPERO,Ristrutturazione/recupero,700000.0,600000.0,0,0,0,0,0,0,1
E17G25000180006,Campania,004,065,065004,In Corso,ESECUZIONE LAVORI,ASILI NIDO,Esecuzione lavori,0,0,0,2025-09-25,,2026-06-30,2025.0,0,RECUPERO,Ristrutturazione/recupero,179000.0,179000.0,1,1,1,1,1,0,1
E18G24000020006,Campania,080,063,063080,In Corso,COLLAUDO,SERVIZI PER L'INFANZIA,Collaudo non concluso,0,1,0,2024-06-13,,2026-12-31,2024.0,0,MANUTENZIONE STRAORDINARIA,Altro,857763.56,600000.0,2,1,1,1,1,0,1
E18H22000000006,Emilia-Romagna,039,033,033039,In Corso,COLLAUDO,ASILI NIDO,Collaudo non concluso,0,1,0,2022-11-10,,2026-06-30,2022.0,0,AMPLIAMENTO (COMPRESA SOPRAELEVAZIONE) O POTENZIAMENTO,Ampliamento,1387084.0,1387084.0,6,1,1,1,5,0,1
E18H22000090006,Lombardia,146,018,018146,Concluso,COLLAUDO,ASILI NIDO,Concluso,1,1,1,2023-01-27,2024-10-29,2026-06-30,2023.0,0,RISTRUTTURAZIONE (PER CAMBIO DI DESTINAZIONE D'USO),Ristrutturazione/recupero,425000.0,385000.0,2,2,1,1,1,0,1
E18H22000100006,Calabria,101,078,078101,In Corso,ESECUZIONE LAVORI,ASILI NIDO,Esecuzione lavori,0,0,0,2022-12-23,,2026-06-30,2022.0,0,AMPLIAMENTO (COMPRESA SOPRAELEVAZIONE) O POTENZIAMENTO,Ampliamento,1224000.0,1224000.0,4,5,1,1,3,0,1
E18H22000110006,Basilicata,097,076,076097,In Corso,COLLAUDO,ASILI NIDO,Collaudo non concluso,0,1,0,2022-02-25,,2026-06-30,2022.0,0,RISTRUTTURAZIONE (PER CAMBIO DI DESTINAZIONE D'USO),Ristrutturazione/recupero,1045000.0,950000.0,6,6,1,1,5,3,1
E18H24000440006,Sardegna,047,095,095047,In Corso,ESECUZIONE LAVORI,ASILI NIDO,Esecuzione lavori,0,0,0,2024-09-23,,2026-06-30,2024.0,0,AMPLIAMENTO (COMPRESA SOPRAELEVAZIONE) O POTENZIAMENTO,Ampliamento,480000.0,480000.0,4,4,1,1,2,0,1
E18H24000460006,Lombardia,031,098,098031,In Corso,COLLAUDO,ASILI NIDO,Collaudo non concluso,0,1,0,2024-08-23,,2026-08-31,2024.0,0,RISTRUTTURAZIONE (PER CAMBIO DI DESTINAZIONE D'USO),Ristrutturazione/recupero,1685000.0,1200000.0,6,6,1,1,5,0,1
E18H24000510006,Sicilia,011,082,082011,In Corso,ESECUZIONE LAVORI,ASILI NIDO,Esecuzione lavori,0,0,0,2024-04-30,,2026-08-31,2024.0,0,RISTRUTTURAZIONE (PER CAMBIO DI DESTINAZIONE D'USO),Ristrutturazione/recupero,600000.0,600000.0,2,2,1,1,1,0,1
E18H24000520006,Campania,037,062,062037,In Corso,COLLAUDO,ASILI NIDO,Collaudo non concluso,0,1,0,2024-10-22,,2026-08-31,2024.0,0,AMPLIAMENTO (COMPRESA SOPRAELEVAZIONE) O POTENZIAMENTO,Ampliamento,480000.0,480000.0,1,1,1,0,0,0,1
E18H25000210006,Campania,031,065,065031,In Corso,Fase non disponibile,ASILI NIDO,Fase non disponibile,0,0,0,,,,,0,RISTRUTTURAZIONE (PER CAMBIO DI DESTINAZIONE D'USO),Ristrutturazione/recupero,560000.0,560000.0,0,0,0,0,0,0,1
E18I22000170006,Friuli-Venezia Giulia,083,030,030083,Concluso,COLLAUDO,ASILI NIDO,Concluso,1,1,1,2022-11-14,2025-03-19,2026-06-30,2022.0,0,RISTRUTTURAZIONE CON EFFICIENTAMENTO ENERGETICO,Ristrutturazione/recupero,155000.0,155000.0,2,2,1,1,2,0,1
E21B21001860001,Lombardia,079,016,016079,In Corso,COLLAUDO,ASILI NIDO,Collaudo non concluso,0,1,0,2022-10-25,,2026-06-30,2022.0,1,NUOVA REALIZZAZIONE,Nuova realizzazione,3284264.64,2985695.13,3,3,1,1,2,0,1
E21B21001880001,Abruzzo,053,069,069053,In Corso,ESECUZIONE LAVORI,ASILI NIDO,Esecuzione lavori,0,0,0,2021-05-12,,2026-06-30,2021.0,1,NUOVA REALIZZAZIONE,Nuova realizzazione,1196866.46,1088060.42,3,3,1,1,2,0,1
E21B21010990006,Sardegna,067,090,090067,Concluso,COLLAUDO,ASILI NIDO,Concluso,1,1,1,2022-01-10,2025-09-05,2025-09-05,2022.0,0,NUOVA REALIZZAZIONE,Nuova realizzazione,813546.97,807000.0,3,3,1,1,2,0,1
E21B22000290006,Piemonte,168,004,004168,Concluso,COLLAUDO,ASILI NIDO,Concluso,1,1,1,2022-11-16,2026-01-14,2026-03-31,2022.0,0,NUOVA REALIZZAZIONE,Nuova realizzazione,1094500.0,995000.0,6,4,1,1,5,0,1
E21B22000930006,Campania,158,065,065158,Concluso,COLLAUDO,ASILI NIDO,Concluso,1,1,1,2022-10-21,2025-03-06,2026-06-30,2022.0,0,NUOVA REALIZZAZIONE,Nuova realizzazione,869913.0,790830.0,6,6,1,1,5,0,1
E21B22001090006,Basilicata,024,077,077024,In Corso,ESECUZIONE LAVORI,ASILI NIDO,Esecuzione lavori,0,0,0,2023-05-05,,2026-12-31,2023.0,0,NUOVA REALIZZAZIONE,Nuova realizzazione,1000000.0,1000000.0,1,0,1,1,0,0,1
E21B22001510006,Friuli-Venezia Giulia,057,030,030057,Concluso,COLLAUDO,SCUOLE MATERNE,Concluso,1,1,1,2023-01-24,2024-12-19,2024-12-19,2023.0,0,NUOVA REALIZZAZIONE,Nuova realizzazione,1057874.55,916700.0,4,1,1,1,3,0,1
E23C21000050006,Sicilia,017,084,084017,In Corso,COLLAUDO,SCUOLE MATERNE,Collaudo non concluso,0,1,0,2022-10-20,,2026-06-30,2022.0,0,RISTRUTTURAZIONE CON EFFICIENTAMENTO ENERGETICO,Ristrutturazione/recupero,910715.94,827923.64,4,5,1,1,4,1,1
E23C22000160006,Lombardia,070,097,097070,In Corso,ESECUZIONE LAVORI,ASILI NIDO,Esecuzione lavori,0,0,0,2023-04-28,,2026-03-31,2023.0,0,RISTRUTTURAZIONE CON EFFICIENTAMENTO ENERGETICO,Ristrutturazione/recupero,254000.0,254000.0,3,3,1,1,1,0,1
E23C22000170006,Sicilia,017,084,084017,In Corso,COLLAUDO,ASILI NIDO,Collaudo non concluso,0,1,0,2023-01-13,,2026-06-30,2023.0,0,RISTRUTTURAZIONE CON EFFICIENTAMENTO ENERGETICO,Ristrutturazione/recupero,649146.85,590133.5,6,6,1,1,6,1,1
E24E21000360005,Veneto,006,029,029006,Concluso,COLLAUDO,ASILI NIDO,Concluso,1,1,1,2022-11-15,2023-12-22,2023-12-22,2022.0,1,AMPLIAMENTO (COMPRESA SOPRAELEVAZIONE) O POTENZIAMENTO,Ampliamento,247500.0,225000.0,1,2,1,1,0,0,1
E24E22000090006,Calabria,048,078,078048,In Corso,COLLAUDO,ASILI NIDO,Collaudo non concluso,0,1,0,2023-05-08,,2026-06-30,2023.0,0,AMPLIAMENTO (COMPRESA SOPRAELEVAZIONE) O POTENZIAMENTO,Ampliamento,1000000.0,1000000.0,4,5,1,1,3,0,1
E25E22000010006,Veneto,027,023,023027,In Corso,COLLAUDO,SCUOLE MATERNE,Collaudo non concluso,0,1,0,2023-01-24,,2026-06-30,2023.0,0,NUOVA REALIZZAZIONE,Nuova realizzazione,6082454.47,4713622.4,16,17,1,1,15,0,1
E25E22000110006,Veneto,052,024,024052,Concluso,COLLAUDO,ASILI NIDO,Concluso,1,1,1,2022-12-22,2025-04-02,2026-03-02,2022.0,0,NUOVA REALIZZAZIONE,Nuova realizzazione,2310000.0,2100000.0,7,9,1,1,4,0,1
E25E22000120006,Sardegna,034,111,111034,Concluso,COLLAUDO,ASILI NIDO,Concluso,1,1,1,2022-11-09,2025-02-25,2025-12-31,2022.0,0,NUOVA REALIZZAZIONE,Nuova realizzazione,929848.0,929848.0,4,4,1,1,2,0,1
E25E22000130006,Calabria,102,078,078102,In Corso,COLLAUDO,ASILI NIDO,Collaudo non concluso,0,1,0,2023-01-19,,2026-06-30,2023.0,0,NUOVA REALIZZAZIONE,Nuova realizzazione,3036000.0,2760000.0,8,3,1,1,5,0,1
E25E22000140006,Friuli-Venezia Giulia,138,030,030138,In Corso,COLLAUDO,ASILI NIDO,Collaudo non concluso,0,1,0,2022-03-30,,2025-12-31,2022.0,0,NUOVA REALIZZAZIONE,Nuova realizzazione,648000.0,648000.0,4,3,1,1,3,0,1
E25E24000020006,Calabria,066,078,078066,In Corso,ESECUZIONE LAVORI,ASILI NIDO,Esecuzione lavori,0,0,0,2024-07-22,,2026-06-30,2024.0,0,NUOVA REALIZZAZIONE,Nuova realizzazione,672000.0,672000.0,7,8,1,1,6,0,1
E25E24000030006,Campania,158,065,065158,In Corso,COLLAUDO/REGOLARE ESECUZIONE,ASILI NIDO,Collaudo non concluso,0,1,0,2024-09-05,,2026-06-30,2024.0,0,NUOVA REALIZZAZIONE,Nuova realizzazione,1100000.0,864000.0,6,6,1,1,5,0,1
E25E24000040006,Sicilia,017,084,084017,In Corso,ESECUZIONE LAVORI,ASILI NIDO,Esecuzione lavori,0,0,0,2024-09-23,,2026-06-30,2024.0,0,NUOVA REALIZZAZIONE,Nuova realizzazione,1440000.0,1440000.0,4,4,1,1,4,1,1
E25E24000050006,Sicilia,047,087,087047,In Corso,ESECUZIONE LAVORI,ASILI NIDO,Esecuzione lavori,0,0,0,2024-09-01,,2026-06-30,2024.0,0,NUOVA REALIZZAZIONE,Nuova realizzazione,768000.0,768000.0,3,2,1,1,2,0,1
E25E25000020006,Lombardia,041,098,098041,In Corso,ESECUZIONE LAVORI,ASILI NIDO,Esecuzione lavori,0,0,0,,,,,0,NUOVA REALIZZAZIONE,Nuova realizzazione,730000.0,480000.0,6,6,1,1,5,0,1
E25E25000030006,Calabria,066,078,078066,In Corso,ESECUZIONE LAVORI,ASILI NIDO,Esecuzione lavori,0,0,0,2025-07-31,,2026-06-30,2025.0,0,NUOVA REALIZZAZIONE,Nuova realizzazione,480000.0,480000.0,7,6,1,1,6,0,1
E25E25000040006,Puglia,010,071,071010,In Corso,ESECUZIONE LAVORI,ASILI NIDO,Esecuzione lavori,0,0,0,2025-11-11,,2026-06-19,2025.0,0,NUOVA REALIZZAZIONE,Nuova realizzazione,672000.0,672000.0,3,3,1,1,2,0,1
E25E25000060006,Calabria,102,078,078102,In Corso,ESECUZIONE LAVORI,ASILI NIDO,Esecuzione lavori,0,0,0,2025-10-30,,2026-07-31,2025.0,0,NUOVA REALIZZAZIONE,Nuova realizzazione,720000.0,720000.0,4,3,1,1,3,0,1
E25E25000090006,Lazio,031,058,058031,In Corso,ESECUZIONE LAVORI,ASILI NIDO,Esecuzione lavori,0,0,0,2026-01-19,,2026-06-30,2026.0,0,NUOVA REALIZZAZIONE,Nuova realizzazione,580000.0,580000.0,5,5,1,1,5,0,1
E25E25000110006,Campania,088,064,064088,In Corso,ESECUZIONE LAVORI,ASILI NIDO,Esecuzione lavori,0,0,0,2025-07-25,,2026-10-30,2025.0,0,NUOVA REALIZZAZIONE,Nuova realizzazione,552000.0,552000.0,5,5,1,1,4,0,1
E26F22000040006,Sardegna,007,111,111007,In Corso,STIPULA CONTRATTO,ASILI NIDO,Prima dell'esecuzione,0,0,0,,,2026-03-30,,0,DEMOLIZIONE,Demolizione/ricostruzione,1056000.0,960000.0,0,0,0,0,0,0,1
E27G25000040006,Lazio,027,060,060027,In Corso,ESECUZIONE LAVORI,ASILI NIDO,Esecuzione lavori,0,0,0,2025-06-17,,2026-08-31,2025.0,0,RECUPERO,Ristrutturazione/recupero,260000.0,260000.0,3,3,1,1,2,0,1
E28H22000000006,Lombardia,158,017,017158,In Corso,COLLAUDO,SCUOLE MATERNE,Collaudo non concluso,0,1,0,2022-11-28,,2026-06-30,2022.0,0,AMPLIAMENTO (COMPRESA SOPRAELEVAZIONE) O POTENZIAMENTO,Ampliamento,1825712.0,1214400.0,6,3,1,1,5,0,1
E28H22000020006,Marche,002,109,109002,In Corso,COLLAUDO,SCUOLE MATERNE,Collaudo non concluso,0,1,0,2022-11-24,,2026-06-30,2022.0,0,AMPLIAMENTO (COMPRESA SOPRAELEVAZIONE) O POTENZIAMENTO,Ampliamento,790835.0,790835.0,14,14,1,1,13,0,1
E28H24000350006,Veneto,093,026,026093,In Corso,ESECUZIONE LAVORI,ASILI NIDO,Esecuzione lavori,0,0,0,2024-09-05,,2026-12-31,2024.0,0,AMPLIAMENTO (COMPRESA SOPRAELEVAZIONE) O POTENZIAMENTO,Ampliamento,950000.0,720000.0,8,8,1,1,7,0,1
E28H24000380006,Lombardia,070,097,097070,In Corso,ESECUZIONE LAVORI,ASILI NIDO,Esecuzione lavori,0,0,0,2024-10-28,,2026-06-30,2024.0,0,AMPLIAMENTO (COMPRESA SOPRAELEVAZIONE) O POTENZIAMENTO,Ampliamento,480000.0,480000.0,4,4,1,1,4,0,1
E28H25000170006,Calabria,048,078,078048,In Corso,ESECUZIONE LAVORI,ASILI NIDO,Esecuzione lavori,0,0,0,2025-03-17,,2026-06-30,2025.0,0,RISTRUTTURAZIONE (PER CAMBIO DI DESTINAZIONE D'USO),Ristrutturazione/recupero,480000.0,480000.0,2,2,1,1,1,0,1
E28H25000180006,Campania,058,061,061058,In Corso,COLLAUDO,ASILI NIDO,Collaudo non concluso,0,1,0,2025-09-30,,2026-06-30,2025.0,0,RISTRUTTURAZIONE (PER CAMBIO DI DESTINAZIONE D'USO),Ristrutturazione/recupero,480000.0,480000.0,5,6,1,1,4,0,1
E28H25000300006,Abruzzo,021,067,067021,In Corso,ESECUZIONE LAVORI,ASILI NIDO,Esecuzione lavori,0,0,0,2025-10-29,,2026-12-31,2025.0,0,AMPLIAMENTO (COMPRESA SOPRAELEVAZIONE) O POTENZIAMENTO,Ampliamento,384000.0,384000.0,1,1,1,1,0,0,1
E28H25000470006,Calabria,062,080,080062,In Corso,ESECUZIONE LAVORI,ASILI NIDO,Esecuzione lavori,0,0,0,2025-04-07,,2026-06-30,2025.0,0,RISTRUTTURAZIONE (PER CAMBIO DI DESTINAZIONE D'USO),Ristrutturazione/recupero,1320000.0,1320000.0,0,0,0,0,0,0,1
E29J21001150001,Campania,058,061,061058,In Corso,COLLAUDO,ASILI NIDO,Collaudo non concluso,0,1,0,2023-05-21,,2026-06-30,2023.0,1,ALTRO,Altro,1083275.25,1083275.25,4,5,1,1,3,0,1
E31B21002120005,Veneto,013,026,026013,In Corso,COLLAUDO,SCUOLE MATERNE,Collaudo non concluso,0,1,0,2022-10-21,,2026-06-30,2022.0,1,NUOVA REALIZZAZIONE,Nuova realizzazione,5530000.0,3000000.0,3,4,1,1,2,0,1
E31B21002450001,Calabria,148,078,078148,In Corso,ESECUZIONE LAVORI,ASILI NIDO,Esecuzione lavori,0,0,0,2023-01-01,,2026-06-30,2023.0,1,NUOVA REALIZZAZIONE,Nuova realizzazione,1010000.0,1010000.0,7,6,1,1,5,0,1
E31B21014470006,Marche,002,042,042002,In Corso,COLLAUDO,ASILI NIDO,Collaudo non concluso,0,1,0,2022-11-29,,2026-06-30,2022.0,0,NUOVA REALIZZAZIONE,Nuova realizzazione,2035000.0,1477343.64,8,11,1,1,8,4,1
E31B22001800006,Marche,002,042,042002,In Corso,COLLAUDO,ASILI NIDO,Collaudo non concluso,0,1,0,2022-10-26,,2026-06-30,2022.0,0,NUOVA REALIZZAZIONE,Nuova realizzazione,1690000.0,1100000.0,5,7,1,1,5,3,1
E31B22002220006,Piemonte,016,004,004016,In Corso,ESECUZIONE LAVORI,SCUOLE MATERNE,Esecuzione lavori,0,0,0,2023-03-03,,2026-06-30,2023.0,0,NUOVA REALIZZAZIONE,Nuova realizzazione,5574442.5,4431375.0,13,10,1,1,12,1,1
E32C22000160001,Emilia-Romagna,032,033,033032,In Corso,COLLAUDO,SCUOLE MATERNE,Collaudo non concluso,0,1,0,2022-10-28,,2026-06-30,2022.0,0,DEMOLIZIONE,Demolizione/ricostruzione,1503870.94,1253633.0,3,3,1,1,2,0,1
E33C24000250006,Sicilia,024,081,081024,In Corso,COLLAUDO/REGOLARE ESECUZIONE,ASILI NIDO,Collaudo non concluso,0,1,0,2024-12-04,,2026-06-30,2024.0,0,RISTRUTTURAZIONE CON EFFICIENTAMENTO ENERGETICO,Ristrutturazione/recupero,576000.0,576000.0,2,2,1,1,1,0,1
E33C25000160006,Lombardia,060,017,017060,In Corso,COLLAUDO,ASILI NIDO,Collaudo non concluso,0,1,0,2025-06-19,,2026-06-30,2025.0,0,RISTRUTTURAZIONE CON EFFICIENTAMENTO ENERGETICO,Ristrutturazione/recupero,560000.0,560000.0,2,2,1,0,1,0,1
E33C25000170006,Campania,141,065,065141,In Corso,ESECUZIONE LAVORI,ASILI NIDO,Esecuzione lavori,0,0,0,2025-05-23,,2026-06-30,2025.0,0,RISTRUTTURAZIONE CON EFFICIENTAMENTO ENERGETICO,Ristrutturazione/recupero,300000.0,300000.0,2,2,1,1,1,0,1
E33C25000270006,Calabria,067,078,078067,In Corso,Fase non disponibile,ASILI NIDO,Fase non disponibile,0,0,0,,,,,0,RISTRUTTURAZIONE CON EFFICIENTAMENTO ENERGETICO,Ristrutturazione/recupero,2000000.0,2000000.0,0,0,0,0,0,0,1
E34E21000200004,Lombardia,181,015,015181,In Corso,ESECUZIONE LAVORI,SCUOLE MATERNE,Esecuzione lavori,0,0,0,2021-05-06,,2026-06-30,2021.0,1,RISTRUTTURAZIONE (PER CAMBIO DI DESTINAZIONE D'USO),Ristrutturazione/recupero,770000.0,700000.0,5,5,1,1,4,0,1
E34E21050130006,Emilia-Romagna,032,033,033032,In Corso,COLLAUDO,ASILI NIDO,Collaudo non concluso,0,1,0,2023-02-08,,2026-06-30,2023.0,0,AMPLIAMENTO (COMPRESA SOPRAELEVAZIONE) O POTENZIAMENTO,Ampliamento,1550000.0,1279019.86,5,14,1,1,5,1,1
E34E21050140006,Emilia-Romagna,032,033,033032,In Corso,COLLAUDO,ASILI NIDO,Collaudo non concluso,0,1,0,2023-02-08,,2026-06-30,2023.0,0,AMPLIAMENTO (COMPRESA SOPRAELEVAZIONE) O POTENZIAMENTO,Ampliamento,2400000.0,2001367.59,4,14,1,1,3,1,1
E34E22000210006,Trentino-Alto Adige,105,021,021105,In Corso,COLLAUDO,SCUOLE MATERNE,Collaudo non concluso,0,1,0,2023-02-15,,2026-06-30,2023.0,0,AMPLIAMENTO (COMPRESA SOPRAELEVAZIONE) O POTENZIAMENTO,Ampliamento,2668888.69,1561224.0,16,15,1,1,14,0,1
E35E21001370006,Abruzzo,031,067,067031,In Corso,ESECUZIONE LAVORI,SCUOLE MATERNE,Esecuzione lavori,0,0,0,2022-11-16,,2026-06-30,2022.0,0,NUOVA REALIZZAZIONE,Nuova realizzazione,2750000.0,2500000.0,6,6,1,1,4,0,1
E35E22000000006,Marche,013,041,041013,In Corso,COLLAUDO,ASILI NIDO,Collaudo non concluso,0,1,0,2022-12-14,,2026-12-31,2022.0,0,NUOVA REALIZZAZIONE,Nuova realizzazione,2034683.37,1392382.46,7,11,1,1,6,3,1
E35E22000030006,Marche,013,041,041013,In Corso,COLLAUDO,ASILI NIDO,Collaudo non concluso,0,1,0,2022-11-22,,2026-12-31,2022.0,0,NUOVA REALIZZAZIONE,Nuova realizzazione,1936150.36,1312808.4,10,12,1,1,9,2,1
E35E22000040006,Veneto,038,027,027038,In Corso,COLLAUDO,ASILI NIDO,Collaudo non concluso,0,1,0,2022-10-20,,2026-06-30,2022.0,0,NUOVA REALIZZAZIONE,Nuova realizzazione,1602942.17,1200000.0,5,5,1,1,4,0,1
E35E22000050006,Sardegna,035,111,111035,In Corso,ESECUZIONE LAVORI,ASILI NIDO,Esecuzione lavori,0,0,0,2022-10-26,,2026-06-29,2022.0,0,NUOVA REALIZZAZIONE,Nuova realizzazione,3696000.0,3360000.0,7,7,1,1,6,0,1
E35E22000060006,Marche,002,042,042002,In Corso,COLLAUDO,ASILI NIDO,Collaudo non concluso,0,1,0,2022-11-28,,2026-06-30,2022.0,0,NUOVA REALIZZAZIONE,Nuova realizzazione,4150000.0,3050000.0,7,13,1,1,7,4,1
E35E22000110006,Campania,048,062,062048,In Corso,ESECUZIONE LAVORI,ASILI NIDO,Esecuzione lavori,0,0,0,2023-01-21,,2026-12-31,2023.0,0,NUOVA REALIZZAZIONE,Nuova realizzazione,1568253.96,1452087.0,4,1,1,1,3,0,1
E35E22000130007,Calabria,067,078,078067,In Corso,ESECUZIONE LAVORI,ASILI NIDO,Esecuzione lavori,0,0,0,2023-03-29,,2026-12-31,2023.0,0,NUOVA REALIZZAZIONE,Nuova realizzazione,544960.0,544960.0,7,1,1,1,6,0,1
E35E22000190001,Marche,016,044,044016,In Corso,COLLAUDO,ASILI NIDO,Collaudo non concluso,0,1,0,2023-11-29,,2025-12-31,2023.0,0,NUOVA REALIZZAZIONE,Nuova realizzazione,324730.0,324730.0,2,1,1,1,1,0,1
E35E22000250006,Lombardia,053,016,016053,In Corso,COLLAUDO,ASILI NIDO,Collaudo non concluso,0,1,0,2023-12-29,,2026-06-30,2023.0,0,NUOVA REALIZZAZIONE,Nuova realizzazione,2316000.0,1625000.0,20,14,1,1,19,0,1
E35E22000280006,Sardegna,023,090,090023,In Corso,COLLAUDO,ASILI NIDO,Collaudo non concluso,0,1,0,2023-06-27,,2026-06-26,2023.0,0,NUOVA REALIZZAZIONE,Nuova realizzazione,1050084.0,972300.0,2,3,1,1,1,1,1
E35E24000030006,Campania,077,061,061077,In Corso,COLLAUDO,ASILI NIDO,Collaudo non concluso,0,1,0,2024-09-12,,2026-06-30,2024.0,0,NUOVA REALIZZAZIONE,Nuova realizzazione,1008000.0,1008000.0,6,6,1,1,5,0,1
E35E24000050006,Toscana,040,051,051040,In Corso,COLLAUDO,ASILI NIDO,Collaudo non concluso,0,1,0,2024-08-14,,2026-06-30,2024.0,0,NUOVA REALIZZAZIONE,Nuova realizzazione,580000.0,480000.0,4,3,1,0,3,0,1
E35E24000060006,Sardegna,031,095,095031,In Corso,COLLAUDO,ASILI NIDO,Collaudo non concluso,0,1,0,2024-10-28,,2026-03-31,2024.0,0,NUOVA REALIZZAZIONE,Nuova realizzazione,576000.0,576000.0,2,2,1,0,2,0,1
E35E25000020006,Sicilia,057,087,087057,In Corso,Fase non disponibile,ASILI NIDO,Fase non disponibile,0,0,0,,,,,0,NUOVA REALIZZAZIONE,Nuova realizzazione,672000.0,672000.0,0,0,0,0,0,0,1
E35E25000030006,Campania,068,061,061068,In Corso,ESECUZIONE LAVORI,ASILI NIDO,Esecuzione lavori,0,0,0,2025-08-29,,2026-06-30,2025.0,0,NUOVA REALIZZAZIONE,Nuova realizzazione,480000.0,480000.0,4,4,1,1,3,0,1
E35E25000040006,Calabria,148,078,078148,In Corso,ESECUZIONE LAVORI,ASILI NIDO,Esecuzione lavori,0,0,0,2025-08-25,,2026-08-31,2025.0,0,NUOVA REALIZZAZIONE,Nuova realizzazione,480000.0,480000.0,5,5,1,1,4,0,1
E35E25000060006,Sicilia,029,083,083029,In Corso,ESECUZIONE LAVORI,ASILI NIDO,Esecuzione lavori,0,0,0,2025-09-03,,2026-06-30,2025.0,0,NUOVA REALIZZAZIONE,Nuova realizzazione,576000.0,576000.0,5,5,1,1,4,0,1
E35E25000100006,Toscana,040,051,051040,In Corso,ESECUZIONE LAVORI,ASILI NIDO,Esecuzione lavori,0,0,0,2026-01-08,,2026-06-30,2026.0,0,NUOVA REALIZZAZIONE,Nuova realizzazione,500000.0,480000.0,6,5,1,1,4,0,1
E35E25000140006,Calabria,148,078,078148,In Corso,ESECUZIONE LAVORI,ASILI NIDO,Esecuzione lavori,0,0,0,2025-12-31,,2026-08-31,2025.0,0,NUOVA REALIZZAZIONE,Nuova realizzazione,1248000.0,1248000.0,6,7,1,1,5,0,1
E35E25000170006,Toscana,040,051,051040,In Corso,ESECUZIONE LAVORI,ASILI NIDO,Esecuzione lavori,0,0,0,2026-01-08,,2026-06-30,2026.0,0,NUOVA REALIZZAZIONE,Nuova realizzazione,560000.0,480000.0,7,6,1,1,5,0,1
E37B17000220004,Marche,013,041,041013,In Corso,ESECUZIONE LAVORI,SCUOLE MATERNE,Esecuzione lavori,0,0,0,2022-11-15,,2026-12-31,2022.0,1,NUOVA REALIZZAZIONE,Nuova realizzazione,5430000.0,3000000.0,9,6,1,1,5,1,1
E37G24000090006,Calabria,020,079,079020,In Corso,COLLAUDO/REGOLARE ESECUZIONE,ASILI NIDO,Collaudo non concluso,0,1,0,2025-01-18,,2026-06-30,2025.0,0,RECUPERO,Ristrutturazione/recupero,480000.0,480000.0,6,6,1,1,5,0,1
E37G25000070006,Lazio,068,058,058068,In Corso,COLLAUDO,ASILI NIDO,Collaudo non concluso,0,1,0,2025-08-19,,2026-06-30,2025.0,0,RECUPERO,Ristrutturazione/recupero,400000.0,400000.0,2,2,1,1,1,0,1
E38H22000420006,Campania,046,063,063046,In Corso,ESECUZIONE LAVORI,ASILI NIDO,Esecuzione lavori,0,0,0,2022-04-01,,2026-09-30,2022.0,0,RISTRUTTURAZIONE (PER CAMBIO DI DESTINAZIONE D'USO),Ristrutturazione/recupero,823745.21,799500.0,2,2,1,1,1,0,1
E38H24000480006,Campania,104,061,061104,In Corso,COLLAUDO,ASILI NIDO,Collaudo non concluso,0,1,0,2024-05-28,,2026-06-30,2024.0,0,RISTRUTTURAZIONE (PER CAMBIO DI DESTINAZIONE D'USO),Ristrutturazione/recupero,500000.0,500000.0,4,3,1,1,3,0,1
E38H24000500006,Sicilia,029,083,083029,In Corso,COLLAUDO,ASILI NIDO,Collaudo non concluso,0,1,0,2024-09-09,,2026-06-30,2024.0,0,AMPLIAMENTO (COMPRESA SOPRAELEVAZIONE) O POTENZIAMENTO,Ampliamento,480000.0,480000.0,5,5,1,1,4,0,1
E38H24000540006,Calabria,067,078,078067,In Corso,COLLAUDO/REGOLARE ESECUZIONE,ASILI NIDO,Collaudo non concluso,0,1,0,2025-02-13,,2026-06-30,2025.0,0,AMPLIAMENTO (COMPRESA SOPRAELEVAZIONE) O POTENZIAMENTO,Ampliamento,400000.0,400000.0,2,1,1,1,1,0,1
E38H25000240006,Sicilia,011,083,083011,In Corso,ESECUZIONE LAVORI,ASILI NIDO,Esecuzione lavori,0,0,0,2025-08-09,,2026-06-30,2025.0,0,RISTRUTTURAZIONE (PER CAMBIO DI DESTINAZIONE D'USO),Ristrutturazione/recupero,400000.0,400000.0,3,3,1,1,2,0,1
E38H25000400006,Toscana,040,051,051040,In Corso,COLLAUDO,ASILI NIDO,Collaudo non concluso,0,1,0,,,,,0,AMPLIAMENTO (COMPRESA SOPRAELEVAZIONE) O POTENZIAMENTO,Ampliamento,180000.0,180000.0,1,1,1,1,0,0,1
E38H25000410006,Lombardia,181,015,015181,In Corso,ESECUZIONE LAVORI,ASILI NIDO,Esecuzione lavori,0,0,0,2025-06-26,,2026-06-30,2025.0,0,AMPLIAMENTO (COMPRESA SOPRAELEVAZIONE) O POTENZIAMENTO,Ampliamento,864000.0,864000.0,3,5,1,1,2,0,1
E38H25000420006,Puglia,057,075,075057,In Corso,Fase non disponibile,ASILI NIDO,Fase non disponibile,0,0,0,,,,,0,AMPLIAMENTO (COMPRESA SOPRAELEVAZIONE) O POTENZIAMENTO,Ampliamento,480000.0,480000.0,0,0,0,0,0,0,1
E38I22000030006,Campania,077,061,061077,In Corso,COLLAUDO,ASILI NIDO,Collaudo non concluso,0,1,0,2022-02-07,,2026-06-30,2022.0,0,RISTRUTTURAZIONE CON EFFICIENTAMENTO ENERGETICO,Ristrutturazione/recupero,1085700.0,987000.0,6,4,1,1,5,0,1
E38I22000080006,Marche,002,042,042002,In Corso,COLLAUDO,ASILI NIDO,Collaudo non concluso,0,1,0,2022-02-17,,2026-06-30,2022.0,0,RISTRUTTURAZIONE CON EFFICIENTAMENTO ENERGETICO,Ristrutturazione/recupero,3120000.0,2184000.0,10,12,1,1,10,4,1
E39H18000210002,Campania,077,061,061077,In Corso,COLLAUDO,ASILI NIDO,Collaudo non concluso,0,1,0,2021-05-20,,2026-06-30,2021.0,1,NUOVA REALIZZAZIONE,Nuova realizzazione,1530455.12,1391322.84,6,3,1,1,5,0,1
E41B21003640002,Calabria,011,102,102011,In Corso,ESECUZIONE LAVORI,"EDIFICI SOCIALI, CULTURALI E ASSISTENZIALI",Esecuzione lavori,0,0,0,2021-09-01,,2026-06-30,2021.0,1,NUOVA REALIZZAZIONE,Nuova realizzazione,2257500.0,2150000.0,4,7,1,1,3,0,1
E41B21017420006,Piemonte,170,004,004170,In Corso,COLLAUDO,SCUOLE MATERNE,Collaudo non concluso,0,1,0,2022-11-14,,2026-06-30,2022.0,0,NUOVA REALIZZAZIONE,Nuova realizzazione,3100000.0,2550000.0,10,10,1,1,9,0,1
E41B22002040006,Calabria,077,078,078077,In Corso,COLLAUDO,ASILI NIDO,Collaudo non concluso,0,1,0,2022-12-28,,2026-06-30,2022.0,0,NUOVA REALIZZAZIONE,Nuova realizzazione,288000.0,288000.0,6,7,1,1,5,0,1
E41B22002080006,Piemonte,071,103,103071,In Corso,COLLAUDO,SCUOLE MATERNE,Collaudo non concluso,0,1,0,2023-01-16,,2026-06-30,2023.0,0,NUOVA REALIZZAZIONE,Nuova realizzazione,1179479.4,900000.0,13,13,1,1,12,0,1
E41B22002230006,Abruzzo,100,069,069100,In Corso,COLLAUDO,ASILI NIDO,Collaudo non concluso,0,1,0,2023-05-17,,2026-06-30,2023.0,0,NUOVA REALIZZAZIONE,Nuova realizzazione,880000.0,800000.0,6,6,1,1,5,0,1
E41B22003610006,Lazio,074,060,060074,In Corso,ESECUZIONE LAVORI,ASILI NIDO,Esecuzione lavori,0,0,0,2022-10-21,,2026-06-30,2022.0,0,NUOVA REALIZZAZIONE,Nuova realizzazione,1075152.1,977411.0,8,3,1,1,7,0,1
E42E20000080007,Veneto,036,024,024036,In Corso,COLLAUDO,SCUOLE MATERNE,Collaudo non concluso,0,1,0,2020-02-01,,2026-06-30,2020.0,1,NUOVA REALIZZAZIONE,Nuova realizzazione,4116150.0,2311550.0,13,16,1,1,12,0,1
E43C22000380006,Campania,022,062,062022,In Corso,COLLAUDO,ASILI NIDO,Collaudo non concluso,0,1,0,2022-09-22,,2026-06-30,2022.0,0,RISTRUTTURAZIONE CON EFFICIENTAMENTO ENERGETICO,Ristrutturazione/recupero,456500.0,415000.0,3,1,1,1,2,0,1
E43C22000390006,Campania,097,065,065097,Concluso,COLLAUDO,ASILI NIDO,Concluso,1,1,1,2022-10-20,2026-01-15,2026-01-15,2022.0,0,RISTRUTTURAZIONE CON EFFICIENTAMENTO ENERGETICO,Ristrutturazione/recupero,805234.13,700000.0,3,4,1,1,2,1,1
E43C22000420006,Campania,067,062,062067,In Corso,COLLAUDO,ASILI NIDO,Collaudo non concluso,0,1,0,2022-10-31,,2026-05-31,2022.0,1,RISTRUTTURAZIONE CON EFFICIENTAMENTO ENERGETICO,Ristrutturazione/recupero,1082400.0,984000.0,3,4,1,1,2,0,1
E43C22000430006,Lombardia,040,014,014040,Concluso,COLLAUDO,ASILI NIDO,Concluso,1,1,1,2023-02-28,2025-09-22,2025-09-22,2023.0,0,RISTRUTTURAZIONE CON EFFICIENTAMENTO ENERGETICO,Ristrutturazione/recupero,1079398.1,981271.0,8,7,1,1,8,1,1
E43C22000440006,Sicilia,011,088,088011,In Corso,COLLAUDO,ASILI NIDO,Collaudo non concluso,0,1,0,2023-01-09,,2026-12-31,2023.0,0,RISTRUTTURAZIONE CON EFFICIENTAMENTO ENERGETICO,Ristrutturazione/recupero,428957.1,389961.0,4,4,1,1,3,0,1
E43C22000450006,Sardegna,072,111,111072,In Corso,ESECUZIONE LAVORI,ASILI NIDO,Esecuzione lavori,0,0,0,2023-02-14,,2026-06-30,2023.0,0,RISTRUTTURAZIONE CON EFFICIENTAMENTO ENERGETICO,Ristrutturazione/recupero,515000.0,515000.0,1,1,1,1,0,0,1
E43C22000540006,Campania,049,062,062049,In Corso,COLLAUDO,SCUOLE MATERNE,Collaudo non concluso,0,1,0,2022-05-23,,2026-02-27,2022.0,0,RISTRUTTURAZIONE CON EFFICIENTAMENTO ENERGETICO,Ristrutturazione/recupero,160218.0,160218.0,1,1,1,0,1,0,1
E43C24000330006,Basilicata,008,077,077008,In Corso,COLLAUDO,ASILI NIDO,Collaudo non concluso,0,1,0,2024-07-26,,2026-06-30,2024.0,0,RISTRUTTURAZIONE CON EFFICIENTAMENTO ENERGETICO,Ristrutturazione/recupero,560000.0,560000.0,2,2,1,1,1,0,1
E43C25000100006,Puglia,028,072,072028,In Corso,COLLAUDO,ASILI NIDO,Collaudo non concluso,0,1,0,2025-08-19,,2026-06-30,2025.0,0,RISTRUTTURAZIONE CON EFFICIENTAMENTO ENERGETICO,Ristrutturazione/recupero,864000.0,864000.0,1,1,1,1,0,0,1
E43D21007150006,Toscana,022,047,047022,Concluso,COLLAUDO,ASILI NIDO,Concluso,1,1,1,2023-01-25,2024-07-09,2024-07-09,2023.0,0,RECUPERO,Ristrutturazione/recupero,190000.0,190000.0,2,2,1,1,2,0,1
E44E21000250001,Veneto,086,026,026086,In Corso,COLLAUDO,SCUOLE MATERNE,Collaudo non concluso,0,1,0,2021-04-15,,2026-06-30,2021.0,1,AMPLIAMENTO (COMPRESA SOPRAELEVAZIONE) O POTENZIAMENTO,Ampliamento,1090198.64,525000.0,4,4,1,1,3,0,1
E44E21000550001,Campania,067,062,062067,In Corso,COLLAUDO,"EDIFICI SOCIALI, CULTURALI E ASSISTENZIALI",Collaudo non concluso,0,1,0,2022-05-12,,2026-05-30,2022.0,1,RISTRUTTURAZIONE (PER CAMBIO DI DESTINAZIONE D'USO),Ristrutturazione/recupero,1353539.86,1230490.78,4,6,1,1,3,0,1
E44E22000170006,Lombardia,198,016,016198,In Corso,COLLAUDO,ASILI NIDO,Collaudo non concluso,0,1,0,2022-11-20,,2026-06-30,2022.0,0,RISTRUTTURAZIONE (PER CAMBIO DI DESTINAZIONE D'USO),Ristrutturazione/recupero,2305000.0,1687972.0,8,11,1,1,5,4,1
E44E22000180006,Lombardia,198,016,016198,In Corso,COLLAUDO,SCUOLE MATERNE,Collaudo non concluso,0,1,0,2022-12-23,,2026-12-31,2022.0,0,AMPLIAMENTO (COMPRESA SOPRAELEVAZIONE) O POTENZIAMENTO,Ampliamento,3770663.0,2914000.0,16,18,1,1,13,5,1
E45E22000000006,Liguria,001,009,009001,In Corso,COLLAUDO,SCUOLE MATERNE,Collaudo non concluso,0,1,0,2023-01-17,,2026-06-30,2023.0,0,NUOVA REALIZZAZIONE,Nuova realizzazione,1773192.38,1423200.0,3,3,1,1,2,0,1
E45E22000110006,Calabria,047,102,102047,In Corso,ESECUZIONE LAVORI,ASILI NIDO,Esecuzione lavori,0,0,0,2022-01-15,,2026-06-30,2022.0,0,NUOVA REALIZZAZIONE,Nuova realizzazione,1584000.0,1440000.0,6,7,1,1,6,1,1
E45E22000160006,Emilia-Romagna,004,034,034004,In Corso,ESECUZIONE LAVORI,SCUOLE MATERNE,Esecuzione lavori,0,0,0,2023-04-13,,2026-08-31,2023.0,0,NUOVA REALIZZAZIONE,Nuova realizzazione,2310000.0,2100000.0,5,5,1,1,5,1,1
E45E22000180006,Calabria,047,102,102047,In Corso,COLLAUDO,ASILI NIDO,Collaudo non concluso,0,1,0,2022-01-15,,2026-06-30,2022.0,0,NUOVA REALIZZAZIONE,Nuova realizzazione,2750000.0,2500000.0,4,3,1,1,3,1,1
E45E22000190006,Basilicata,010,076,076010,In Corso,ESECUZIONE LAVORI,ASILI NIDO,Esecuzione lavori,0,0,0,2023-04-07,,2026-06-30,2023.0,0,NUOVA REALIZZAZIONE,Nuova realizzazione,1028020.58,921000.0,6,1,1,1,5,0,1
E45E22000230006,Liguria,001,009,009001,In Corso,COLLAUDO,ASILI NIDO,Collaudo non concluso,0,1,0,2022-12-13,,2026-09-30,2022.0,0,NUOVA REALIZZAZIONE,Nuova realizzazione,636000.0,636000.0,4,4,1,1,2,0,1
E45E22000240006,Calabria,011,102,102011,In Corso,ESECUZIONE LAVORI,SCUOLE MATERNE,Esecuzione lavori,0,0,0,2023-03-13,,2026-06-30,2023.0,0,NUOVA REALIZZAZIONE,Nuova realizzazione,2000000.0,2000000.0,3,4,1,1,2,0,1
E45E22000250006,Veneto,100,028,028100,In Corso,COLLAUDO,ASILI NIDO,Collaudo non concluso,0,1,0,2022-11-17,,2026-06-30,2022.0,0,NUOVA REALIZZAZIONE,Nuova realizzazione,1736000.0,1620000.0,3,3,1,1,1,0,1
E45E22000260006,Sicilia,011,088,088011,In Corso,COLLAUDO,ASILI NIDO,Collaudo non concluso,0,1,0,2023-01-09,,2026-12-31,2023.0,0,NUOVA REALIZZAZIONE,Nuova realizzazione,1187842.1,1079856.45,4,4,1,1,3,1,1
E45E22000320006,Calabria,047,102,102047,In Corso,COLLAUDO,ASILI NIDO,Collaudo non concluso,0,1,0,2022-01-15,,2026-08-30,2022.0,0,NUOVA REALIZZAZIONE,Nuova realizzazione,1584000.0,1440000.0,6,7,1,1,6,1,1
E45E24000080001,Piemonte,248,001,001248,In Corso,COLLAUDO,ASILI NIDO,Collaudo non concluso,0,1,0,2024-07-24,,2026-06-30,2024.0,0,NUOVA REALIZZAZIONE,Nuova realizzazione,1260000.0,720000.0,15,15,1,1,14,0,1
E45E24000100006,Veneto,003,027,027003,In Corso,ESECUZIONE LAVORI,ASILI NIDO,Esecuzione lavori,0,0,0,2024-04-30,,2026-06-30,2024.0,0,NUOVA REALIZZAZIONE,Nuova realizzazione,982038.67,720000.0,3,3,1,1,2,1,1
E45E24000110006,Campania,099,064,064099,In Corso,ESECUZIONE LAVORI,ASILI NIDO,Esecuzione lavori,0,0,0,2024-08-19,,2026-06-30,2024.0,0,NUOVA REALIZZAZIONE,Nuova realizzazione,760127.6,672000.0,4,5,1,1,3,0,1
E45E24000130006,Puglia,004,075,075004,In Corso,ESECUZIONE LAVORI,ASILI NIDO,Esecuzione lavori,0,0,0,2024-09-05,,2026-12-31,2024.0,0,NUOVA REALIZZAZIONE,Nuova realizzazione,480000.0,480000.0,6,6,1,1,5,0,1
E45E24000140006,Lazio,074,060,060074,In Corso,COLLAUDO,SCUOLE MATERNE,Collaudo non concluso,0,1,0,2024-09-05,,2026-06-30,2024.0,0,NUOVA REALIZZAZIONE,Nuova realizzazione,1440000.0,1440000.0,5,5,1,1,4,0,1
E45E25000070006,Puglia,058,075,075058,In Corso,ESECUZIONE LAVORI,ASILI NIDO,Esecuzione lavori,0,0,0,,,2026-06-30,,0,NUOVA REALIZZAZIONE,Nuova realizzazione,480000.0,480000.0,5,6,1,1,4,0,1
E45E25000080006,Puglia,004,075,075004,In Corso,ESECUZIONE LAVORI,ASILI NIDO,Esecuzione lavori,0,0,0,2025-10-02,,2026-06-30,2025.0,0,NUOVA REALIZZAZIONE,Nuova realizzazione,768000.0,768000.0,5,7,1,1,3,0,1
E46F22000000006,Lazio,083,060,060083,In Corso,COLLAUDO,ASILI NIDO,Collaudo non concluso,0,1,0,2022-02-25,,2026-06-30,2022.0,0,DEMOLIZIONE,Demolizione/ricostruzione,1424550.0,955500.0,6,4,1,1,5,0,1
E48H21000050006,Lazio,013,059,059013,In Corso,COLLAUDO,ASILI NIDO,Collaudo non concluso,0,1,0,2014-08-05,,2026-03-31,2014.0,0,AMPLIAMENTO (COMPRESA SOPRAELEVAZIONE) O POTENZIAMENTO,Ampliamento,915326.8,915326.8,7,6,1,1,6,0,1
E48H22000430005,Sardegna,031,091,091031,In Corso,ESECUZIONE LAVORI,ASILI NIDO,Esecuzione lavori,0,0,0,2022-10-26,,2026-12-31,2022.0,0,AMPLIAMENTO (COMPRESA SOPRAELEVAZIONE) O POTENZIAMENTO,Ampliamento,480000.0,480000.0,4,3,1,1,1,0,1
E48H24000460006,Sicilia,058,087,087058,In Corso,ESECUZIONE LAVORI,ASILI NIDO,Esecuzione lavori,0,0,0,2024-08-21,,2026-07-20,2024.0,0,AMPLIAMENTO (COMPRESA SOPRAELEVAZIONE) O POTENZIAMENTO,Ampliamento,480000.0,480000.0,2,2,1,1,1,0,1
E48H24000470006,Sicilia,023,082,082023,In Corso,ESECUZIONE LAVORI,ASILI NIDO,Esecuzione lavori,0,0,0,2024-09-06,,2026-06-30,2024.0,0,AMPLIAMENTO (COMPRESA SOPRAELEVAZIONE) O POTENZIAMENTO,Ampliamento,1008000.0,1008000.0,3,3,1,1,2,0,1
E48H24000480006,Lombardia,034,017,017034,In Corso,COLLAUDO/REGOLARE ESECUZIONE,ASILI NIDO,Collaudo non concluso,0,1,0,2024-09-06,,2026-06-30,2024.0,0,AMPLIAMENTO (COMPRESA SOPRAELEVAZIONE) O POTENZIAMENTO,Ampliamento,672000.0,672000.0,1,1,1,1,0,0,1
E48H24000490006,Sicilia,011,088,088011,In Corso,COLLAUDO,ASILI NIDO,Collaudo non concluso,0,1,0,2024-03-10,,2026-06-30,2024.0,0,AMPLIAMENTO (COMPRESA SOPRAELEVAZIONE) O POTENZIAMENTO,Ampliamento,1440000.0,1440000.0,2,1,1,0,1,0,1
E48H24000510006,Sicilia,032,082,082032,Concluso,COLLAUDO,ASILI NIDO,Concluso,1,1,1,2024-10-10,2025-12-22,2025-12-22,2024.0,0,MANUTENZIONE STRAORDINARIA DI ADEGUAMENTO IMPIANTISTICA E O ANTINCENDIO,Altro,560000.0,560000.0,2,1,1,1,1,0,1
E48H25000350006,Piemonte,116,004,004116,In Corso,COLLAUDO,ASILI NIDO,Collaudo non concluso,0,1,0,2025-09-25,,2026-06-30,2025.0,0,RISTRUTTURAZIONE (PER CAMBIO DI DESTINAZIONE D'USO),Ristrutturazione/recupero,480000.0,480000.0,4,3,1,1,2,0,1
E48H25000410006,Toscana,030,052,052030,In Corso,COLLAUDO,ASILI NIDO,Collaudo non concluso,0,1,0,2025-05-26,,2026-06-30,2025.0,0,AMPLIAMENTO (COMPRESA SOPRAELEVAZIONE) O POTENZIAMENTO,Ampliamento,572000.0,480000.0,10,10,1,1,9,0,1
E48H25000420006,Calabria,005,078,078005,In Corso,ESECUZIONE LAVORI,ASILI NIDO,Esecuzione lavori,0,0,0,2025-04-30,,2026-06-30,2025.0,0,RISTRUTTURAZIONE (PER CAMBIO DI DESTINAZIONE D'USO),Ristrutturazione/recupero,600000.0,600000.0,3,3,1,1,2,0,1
E48H25000630006,Campania,115,065,065115,In Corso,ESECUZIONE LAVORI,ASILI NIDO,Esecuzione lavori,0,0,0,2025-09-16,,2026-08-31,2025.0,0,AMPLIAMENTO (COMPRESA SOPRAELEVAZIONE) O POTENZIAMENTO,Ampliamento,200000.0,200000.0,6,6,1,1,6,0,1
E48I21000110001,Abruzzo,064,069,069064,In Corso,ESECUZIONE LAVORI,ALTRE STRUTTURE SOCIALI,Esecuzione lavori,0,0,0,2023-09-01,,2026-06-30,2023.0,1,RISTRUTTURAZIONE CON EFFICIENTAMENTO ENERGETICO,Ristrutturazione/recupero,980000.0,980000.0,8,0,1,1,7,0,1
E48I21000160001,Campania,022,062,062022,In Corso,COLLAUDO,"EDIFICI SOCIALI, CULTURALI E ASSISTENZIALI",Collaudo non concluso,0,1,0,2022-10-11,,2026-06-30,2022.0,1,RISTRUTTURAZIONE CON EFFICIENTAMENTO ENERGETICO,Ristrutturazione/recupero,1094343.36,994857.6,4,4,1,1,3,0,1
E48I22000050006,Piemonte,073,003,003073,In Corso,ESECUZIONE LAVORI,ASILI NIDO,Esecuzione lavori,0,0,0,2023-11-30,,2026-06-30,2023.0,0,RISTRUTTURAZIONE CON EFFICIENTAMENTO ENERGETICO,Ristrutturazione/recupero,498149.0,498149.0,2,2,1,1,1,0,1
E51B21001520001,Sicilia,010,089,089010,In Corso,ESECUZIONE LAVORI,SCUOLE MATERNE,Esecuzione lavori,0,0,0,2021-05-19,,2026-06-30,2021.0,1,NUOVA REALIZZAZIONE,Nuova realizzazione,3000000.0,3000000.0,3,3,1,1,2,0,1
E51B21009680001,Toscana,030,048,048030,In Corso,ESECUZIONE LAVORI,SCUOLE MATERNE,Esecuzione lavori,0,0,0,2021-11-23,,2026-12-31,2021.0,0,NUOVA REALIZZAZIONE,Nuova realizzazione,5236732.92,4662952.0,13,12,1,1,13,1,1
E51B22001530006,Puglia,058,071,071058,In Corso,ESECUZIONE LAVORI,SCUOLE MATERNE,Esecuzione lavori,0,0,0,2023-03-22,,2026-06-30,2023.0,0,NUOVA REALIZZAZIONE,Nuova realizzazione,1305906.78,1305906.78,4,5,1,1,3,0,1
E52C19000140001,Campania,064,064,064064,In Corso,ESECUZIONE LAVORI,ALTRI IMPIANTI PRODUZIONE ENERGIE DA FONTI RINNOVABILI,Esecuzione lavori,0,0,0,2023-04-21,,2026-12-31,2023.0,0,MANUTENZIONE STRAORDINARIA CON EFFICIENTAMENTO ENERGETICO,Altro,873828.65,873828.65,2,2,1,1,1,0,1
E52C22000090006,Campania,066,063,063066,Concluso,COLLAUDO,ASILI NIDO,Concluso,1,1,1,2022-02-10,2026-03-06,2026-06-30,2022.0,0,DEMOLIZIONE,Demolizione/ricostruzione,868065.0,789150.0,7,4,1,1,5,1,1
E53C22000050001,Puglia,027,073,073027,In Corso,COLLAUDO,ASILI NIDO,Collaudo non concluso,0,1,0,2022-11-09,,2026-06-30,2022.0,0,RISTRUTTURAZIONE CON EFFICIENTAMENTO ENERGETICO,Ristrutturazione/recupero,1708130.0,781300.0,3,8,1,1,2,0,1
E53C22000060001,Puglia,027,073,073027,In Corso,COLLAUDO,SCUOLE MATERNE,Collaudo non concluso,0,1,0,2022-11-09,,2026-06-30,2022.0,0,RISTRUTTURAZIONE CON EFFICIENTAMENTO ENERGETICO,Ristrutturazione/recupero,2297500.0,975000.0,3,3,1,1,2,0,1
E53C22000100006,Calabria,033,078,078033,In Corso,ESECUZIONE LAVORI,SCUOLE MATERNE,Esecuzione lavori,0,0,0,2023-01-18,,2026-08-30,2023.0,0,RISTRUTTURAZIONE CON EFFICIENTAMENTO ENERGETICO,Ristrutturazione/recupero,1626800.0,1626800.0,4,4,1,1,2,0,1
E53C22000380006,Puglia,002,072,072002,Concluso,ESECUZIONE LAVORI,SCUOLE MATERNE,Concluso,1,1,1,2023-03-29,2026-03-31,2026-03-31,2023.0,0,RISTRUTTURAZIONE CON EFFICIENTAMENTO ENERGETICO,Ristrutturazione/recupero,2144076.44,1949160.4,5,1,1,1,4,0,1
E55E21000850006,Lombardia,002,020,020002,Concluso,COLLAUDO,ASILI NIDO,Concluso,1,1,1,2023-11-17,2025-04-04,2026-06-30,2023.0,0,NUOVA REALIZZAZIONE,Nuova realizzazione,980000.0,980000.0,4,5,1,1,3,0,1
E55E22000020006,Piemonte,024,001,001024,In Corso,COLLAUDO,SCUOLE MATERNE,Collaudo non concluso,0,1,0,2022-11-17,,2026-06-30,2022.0,0,NUOVA REALIZZAZIONE,Nuova realizzazione,3373889.49,2400000.0,10,9,1,1,9,0,1
E55E22000040006,Piemonte,027,004,004027,In Corso,COLLAUDO,ASILI NIDO,Collaudo non concluso,0,1,0,2022-02-20,,2026-06-30,2022.0,0,NUOVA REALIZZAZIONE,Nuova realizzazione,1145000.0,1145000.0,11,10,1,1,9,0,1
E55E22000060006,Lombardia,002,020,020002,Concluso,COLLAUDO,SCUOLE MATERNE,Concluso,1,1,1,2023-11-17,2025-10-24,2026-06-30,2023.0,0,NUOVA REALIZZAZIONE,Nuova realizzazione,652392.78,650000.0,4,4,1,1,3,0,1
E55E22000070006,Umbria,015,055,055015,In Corso,ESECUZIONE LAVORI,ASILI NIDO,Esecuzione lavori,0,0,0,2022-09-08,,2026-06-30,2022.0,0,NUOVA REALIZZAZIONE,Nuova realizzazione,1175000.0,900000.0,4,4,1,1,1,0,1
E55E22000090006,Piemonte,025,005,005025,In Corso,ESECUZIONE LAVORI,ASILI NIDO,Esecuzione lavori,0,0,0,2022-12-04,,2026-06-30,2022.0,0,NUOVA REALIZZAZIONE,Nuova realizzazione,1955000.0,1760000.0,6,6,1,1,5,0,1
E55E22000170007,Calabria,033,078,078033,In Corso,ESECUZIONE LAVORI,ASILI NIDO,Esecuzione lavori,0,0,0,2022-09-08,,2026-09-15,2022.0,0,NUOVA REALIZZAZIONE,Nuova realizzazione,840000.0,840000.0,6,7,1,1,5,0,1
E55E22000180006,Sardegna,095,091,091095,In Corso,ESECUZIONE LAVORI,ASILI NIDO,Esecuzione lavori,0,0,0,,,,,0,NUOVA REALIZZAZIONE,Nuova realizzazione,1980000.0,1800000.0,4,2,1,1,4,1,1
E55E22000200006,Piemonte,024,001,001024,In Corso,COLLAUDO,ASILI NIDO,Collaudo non concluso,0,1,0,2023-03-20,,2026-06-30,2023.0,0,NUOVA REALIZZAZIONE,Nuova realizzazione,2608231.43,2400000.0,7,4,1,1,6,0,1
E55E22000210006,Umbria,008,054,054008,In Corso,ESECUZIONE LAVORI,ASILI NIDO,Esecuzione lavori,0,0,0,2022-10-20,,2026-06-30,2022.0,0,NUOVA REALIZZAZIONE,Nuova realizzazione,704467.85,640425.32,6,7,1,1,5,0,1
E55E22000220006,Lazio,106,058,058106,In Corso,COLLAUDO,ASILI NIDO,Collaudo non concluso,0,1,0,2022-09-08,,2026-06-30,2022.0,0,NUOVA REALIZZAZIONE,Nuova realizzazione,884400.0,804000.0,6,1,1,1,5,0,1
E55E22000240006,Sicilia,008,081,081008,In Corso,COLLAUDO,ASILI NIDO,Collaudo non concluso,0,1,0,2023-05-01,,2026-06-30,2023.0,0,NUOVA REALIZZAZIONE,Nuova realizzazione,1677900.0,1677900.0,5,3,1,1,4,0,1
E55E24000020006,Campania,066,063,063066,In Corso,COLLAUDO,ASILI NIDO,Collaudo non concluso,0,1,0,2024-05-21,,2026-06-30,2024.0,0,NUOVA REALIZZAZIONE,Nuova realizzazione,864000.0,864000.0,5,5,1,1,5,1,1
E55E24000060006,Sicilia,023,087,087023,In Corso,ESECUZIONE LAVORI,ASILI NIDO,Esecuzione lavori,0,0,0,2024-10-01,,2026-06-30,2024.0,0,NUOVA REALIZZAZIONE,Nuova realizzazione,1152000.0,1152000.0,5,5,1,1,4,0,1
E55E24000070006,Sicilia,010,089,089010,In Corso,ESECUZIONE LAVORI,ASILI NIDO,Esecuzione lavori,0,0,0,2023-06-03,,2026-06-30,2023.0,0,NUOVA REALIZZAZIONE,Nuova realizzazione,1579661.67,1152000.0,3,4,1,1,2,0,1
E55E25000030006,Sicilia,010,089,089010,In Corso,Fase non disponibile,ASILI NIDO,Fase non disponibile,0,0,0,,,,,0,NUOVA REALIZZAZIONE,Nuova realizzazione,1152000.0,1152000.0,0,0,0,0,0,0,1
E55E25000040006,Campania,071,065,065071,In Corso,ESECUZIONE LAVORI,ASILI NIDO,Esecuzione lavori,0,0,0,2025-07-30,,2026-08-31,2025.0,0,RECUPERO,Ristrutturazione/recupero,480000.0,480000.0,2,2,1,1,1,0,1
E55E25000060006,Puglia,041,075,075041,In Corso,Fase non disponibile,ASILI NIDO,Fase non disponibile,0,0,0,,,,,0,NUOVA REALIZZAZIONE,Nuova realizzazione,720000.0,720000.0,0,0,0,0,0,0,1
E58H22000030006,Emilia-Romagna,050,034,034050,In Corso,ESECUZIONE LAVORI,ASILI NIDO,Esecuzione lavori,0,0,0,2022-10-20,,2026-06-30,2022.0,0,AMPLIAMENTO (COMPRESA SOPRAELEVAZIONE) O POTENZIAMENTO,Ampliamento,1043013.07,951952.0,4,3,1,1,4,1,1
E58H24000290006,Campania,100,064,064100,In Corso,ESECUZIONE LAVORI,ASILI NIDO,Esecuzione lavori,0,0,0,2024-05-24,,2026-06-30,2024.0,0,RISTRUTTURAZIONE (PER CAMBIO DI DESTINAZIONE D'USO),Ristrutturazione/recupero,400000.0,400000.0,3,2,1,1,2,0,1
E58H24000300006,Toscana,030,048,048030,In Corso,COLLAUDO,ASILI NIDO,Collaudo non concluso,0,1,0,2024-09-05,,2026-06-30,2024.0,0,RISTRUTTURAZIONE (PER CAMBIO DI DESTINAZIONE D'USO),Ristrutturazione/recupero,620191.0,600000.0,4,5,1,1,4,1,1
E58H24000330006,Lombardia,046,016,016046,In Corso,ESECUZIONE LAVORI,ASILI NIDO,Esecuzione lavori,0,0,0,2024-09-05,,2026-06-30,2024.0,0,AMPLIAMENTO (COMPRESA SOPRAELEVAZIONE) O POTENZIAMENTO,Ampliamento,576000.0,576000.0,2,2,1,0,1,0,1
E58H24000340006,Sicilia,008,081,081008,In Corso,COLLAUDO/REGOLARE ESECUZIONE,ASILI NIDO,Collaudo non concluso,0,1,0,2024-06-13,,2026-06-30,2024.0,0,RISTRUTTURAZIONE (PER CAMBIO DI DESTINAZIONE D'USO),Ristrutturazione/recupero,1728000.0,1728000.0,2,3,1,1,1,0,1
E58H24000350006,Lombardia,028,016,016028,In Corso,COLLAUDO,ASILI NIDO,Collaudo non concluso,0,1,0,2024-06-13,,2025-12-31,2024.0,0,RISTRUTTURAZIONE (PER CAMBIO DI DESTINAZIONE D'USO),Ristrutturazione/recupero,480000.0,480000.0,3,3,1,1,2,0,1
E58I22000010006,Veneto,006,026,026006,In Corso,COLLAUDO,ASILI NIDO,Collaudo non concluso,0,1,0,2021-07-21,,2026-06-30,2021.0,0,RISTRUTTURAZIONE CON EFFICIENTAMENTO ENERGETICO,Ristrutturazione/recupero,4290097.47,3000000.0,19,17,1,1,16,0,1
E61B21001780004,Piemonte,158,002,002158,In Corso,COLLAUDO,SCUOLE MATERNE,Collaudo non concluso,0,1,0,2021-03-31,,2026-06-30,2021.0,1,NUOVA REALIZZAZIONE,Nuova realizzazione,2720000.0,1743000.0,8,8,1,1,7,0,1
E61B21002140001,Campania,031,063,063031,In Corso,ESECUZIONE LAVORI,ASILI NIDO,Esecuzione lavori,0,0,0,2022-09-22,,2026-06-30,2022.0,1,NUOVA REALIZZAZIONE,Nuova realizzazione,1550009.97,1409099.97,3,4,1,1,3,1,1
E61B22001300006,Calabria,093,080,080093,In Corso,ESECUZIONE LAVORI,ASILI NIDO,Esecuzione lavori,0,0,0,2022-09-08,,2026-06-30,2022.0,0,NUOVA REALIZZAZIONE,Nuova realizzazione,2400000.0,2400000.0,4,5,1,1,3,1,1
E61B22001330006,Campania,031,063,063031,In Corso,ESECUZIONE LAVORI,SCUOLE MATERNE,Esecuzione lavori,0,0,0,2022-09-08,,2026-06-30,2022.0,0,NUOVA REALIZZAZIONE,Nuova realizzazione,1957846.44,1779860.44,6,8,1,1,6,1,1
E61B22001500006,Lazio,024,059,059024,In Corso,COLLAUDO,ASILI NIDO,Collaudo non concluso,0,1,0,2022-11-09,,2026-06-30,2022.0,0,NUOVA REALIZZAZIONE,Nuova realizzazione,1647171.38,995000.0,9,8,1,1,8,0,1
E61B22001510006,Lazio,024,059,059024,In Corso,COLLAUDO,ASILI NIDO,Collaudo non concluso,0,1,0,2022-02-19,,2026-06-30,2022.0,0,NUOVA REALIZZAZIONE,Nuova realizzazione,1513423.4,800000.0,8,5,1,1,7,0,1
E62C22000090006,Calabria,093,080,080093,In Corso,ESECUZIONE LAVORI,ASILI NIDO,Esecuzione lavori,0,0,0,2022-09-08,,2026-06-30,2022.0,0,DEMOLIZIONE,Demolizione/ricostruzione,1700000.0,1700000.0,6,7,1,1,5,1,1
E63C25000400006,Lombardia,144,017,017144,In Corso,ESECUZIONE LAVORI,ASILI NIDO,Esecuzione lavori,0,0,0,2025-08-04,,2026-08-31,2025.0,0,NUOVA REALIZZAZIONE,Nuova realizzazione,990000.0,480000.0,1,1,1,1,0,0,1
E64E21000260005,Veneto,013,023,023013,Concluso,COLLAUDO,ALTRE INFRASTRUTTURE,Concluso,1,1,1,2022-09-27,2025-12-16,2025-12-31,2022.0,1,RISTRUTTURAZIONE (PER CAMBIO DI DESTINAZIONE D'USO),Ristrutturazione/recupero,1757373.24,1501605.0,3,2,1,1,1,0,1
E64E22000890006,Liguria,010,010,010010,In Corso,ESECUZIONE LAVORI,ASILI NIDO,Esecuzione lavori,0,0,0,2023-04-27,,2026-06-30,2023.0,0,AMPLIAMENTO (COMPRESA SOPRAELEVAZIONE) O POTENZIAMENTO,Ampliamento,137560.0,105600.0,3,3,1,1,2,0,1
E64E22000920006,Liguria,026,011,011026,In Corso,COLLAUDO,SCUOLE MATERNE,Collaudo non concluso,0,1,0,2021-05-19,,2026-06-30,2021.0,0,AMPLIAMENTO (COMPRESA SOPRAELEVAZIONE) O POTENZIAMENTO,Ampliamento,425000.0,400000.0,5,1,1,1,4,0,1
E64E22000960006,Lazio,024,059,059024,In Corso,COLLAUDO,ASILI NIDO,Collaudo non concluso,0,1,0,2022-11-09,,2026-06-30,2022.0,0,RISTRUTTURAZIONE (PER CAMBIO DI DESTINAZIONE D'USO),Ristrutturazione/recupero,346541.61,220000.0,4,3,1,1,3,0,1
E65E22000070001,Lombardia,166,015,015166,In Corso,ESECUZIONE LAVORI,ASILI NIDO,Esecuzione lavori,0,0,0,2023-01-10,,2026-06-30,2023.0,0,NUOVA REALIZZAZIONE,Nuova realizzazione,3100764.79,2010000.0,4,6,1,1,4,1,1
E65E22000120006,Puglia,019,073,073019,In Corso,COLLAUDO,ASILI NIDO,Collaudo non concluso,0,1,0,2022-11-08,,2026-06-30,2022.0,0,NUOVA REALIZZAZIONE,Nuova realizzazione,1891540.93,1487000.0,4,4,1,1,3,0,1
E65E22000130006,Piemonte,158,002,002158,In Corso,COLLAUDO,ASILI NIDO,Collaudo non concluso,0,1,0,2022-03-21,,2026-06-30,2022.0,0,NUOVA REALIZZAZIONE,Nuova realizzazione,2350000.0,2045000.0,7,6,1,1,6,0,1
E65E22000190006,Toscana,025,051,051025,In Corso,COLLAUDO,ASILI NIDO,Collaudo non concluso,0,1,0,2022-09-08,,2026-06-30,2022.0,0,NUOVA REALIZZAZIONE,Nuova realizzazione,1752000.0,1320000.0,3,2,1,1,2,0,1
E65E22000200006,Emilia-Romagna,011,099,099011,Concluso,COLLAUDO,ASILI NIDO,Concluso,1,1,1,2022-09-01,2025-06-30,2026-06-30,2022.0,0,NUOVA REALIZZAZIONE,Nuova realizzazione,531532.94,480000.0,2,2,1,1,1,0,1
E65E22000210006,Lazio,116,058,058116,In Corso,ESECUZIONE LAVORI,ASILI NIDO,Esecuzione lavori,0,0,0,2023-11-24,,2026-12-31,2023.0,0,NUOVA REALIZZAZIONE,Nuova realizzazione,480000.0,480000.0,3,3,1,1,1,0,1
E65E24000030006,Sicilia,070,082,082070,In Corso,COLLAUDO,ASILI NIDO,Collaudo non concluso,0,1,0,2024-04-30,,2026-06-30,2024.0,0,NUOVA REALIZZAZIONE,Nuova realizzazione,2588960.0,2016000.0,6,7,1,1,4,0,1
E65E24000050006,Molise,072,070,070072,In Corso,ESECUZIONE LAVORI,ASILI NIDO,Esecuzione lavori,0,0,0,2024-05-17,,2026-06-30,2024.0,0,NUOVA REALIZZAZIONE,Nuova realizzazione,480000.0,480000.0,6,6,1,1,5,0,1
E65E24000060006,Sicilia,020,089,089020,In Corso,ESECUZIONE LAVORI,ASILI NIDO,Esecuzione lavori,0,0,0,2024-10-10,,2026-06-30,2024.0,0,NUOVA REALIZZAZIONE,Nuova realizzazione,576000.0,576000.0,2,2,1,1,1,0,1
E65E24000090006,Piemonte,070,001,001070,In Corso,ESECUZIONE LAVORI,ASILI NIDO,Esecuzione lavori,0,0,0,2024-09-06,,2026-06-30,2024.0,0,NUOVA REALIZZAZIONE,Nuova realizzazione,660000.0,480000.0,3,3,1,1,2,0,1
E65E25000030006,Abruzzo,030,069,069030,In Corso,ESECUZIONE LAVORI,ASILI NIDO,Esecuzione lavori,0,0,0,2025-08-02,,2026-06-30,2025.0,0,NUOVA REALIZZAZIONE,Nuova realizzazione,480000.0,480000.0,3,3,1,1,2,0,1
E65E25000050006,Molise,072,070,070072,In Corso,ESECUZIONE LAVORI,ASILI NIDO,Esecuzione lavori,0,0,0,2025-08-01,,2026-06-30,2025.0,0,NUOVA REALIZZAZIONE,Nuova realizzazione,480000.0,480000.0,7,7,1,1,6,0,1
E65E25000090006,Sicilia,068,083,083068,In Corso,ESECUZIONE LAVORI,ASILI NIDO,Esecuzione lavori,0,0,0,2025-07-20,,2026-08-28,2025.0,0,NUOVA REALIZZAZIONE,Nuova realizzazione,672000.0,672000.0,3,2,1,1,2,0,1
E65E25000100006,Calabria,075,080,080075,In Corso,ESECUZIONE LAVORI,ASILI NIDO,Esecuzione lavori,0,0,0,2025-12-22,,2026-06-30,2025.0,0,NUOVA REALIZZAZIONE,Nuova realizzazione,576000.0,576000.0,4,4,1,1,3,0,1
E65E25000130006,Calabria,093,080,080093,In Corso,ESECUZIONE LAVORI,ASILI NIDO,Esecuzione lavori,0,0,0,2025-08-25,,2026-07-31,2025.0,0,NUOVA REALIZZAZIONE,Nuova realizzazione,576000.0,576000.0,5,4,1,1,4,0,1
E68H22000030006,Campania,074,064,064074,Concluso,COLLAUDO,ASILI NIDO,Concluso,1,1,1,2023-02-06,2025-01-20,2025-12-31,2023.0,0,RISTRUTTURAZIONE (PER CAMBIO DI DESTINAZIONE D'USO),Ristrutturazione/recupero,345675.0,314250.0,2,3,1,1,1,0,1
E68H22000220006,Friuli-Venezia Giulia,052,093,093052,Concluso,COLLAUDO,SCUOLE MATERNE,Concluso,1,1,1,2023-06-13,2026-05-18,2026-03-21,2023.0,0,AMPLIAMENTO (COMPRESA SOPRAELEVAZIONE) O POTENZIAMENTO,Ampliamento,700000.0,700000.0,4,1,1,1,3,0,1
E68H24000370006,Veneto,040,023,023040,In Corso,ESECUZIONE LAVORI,ASILI NIDO,Esecuzione lavori,0,0,0,2024-06-13,,2026-06-30,2024.0,0,AMPLIAMENTO (COMPRESA SOPRAELEVAZIONE) O POTENZIAMENTO,Ampliamento,736000.0,720000.0,10,8,1,1,9,0,1
E68H24000390006,Sicilia,068,083,083068,In Corso,ESECUZIONE LAVORI,ASILI NIDO,Esecuzione lavori,0,0,0,2024-07-17,,2026-08-28,2024.0,0,AMPLIAMENTO (COMPRESA SOPRAELEVAZIONE) O POTENZIAMENTO,Ampliamento,576000.0,576000.0,5,5,1,1,4,0,1
E68H24000400006,Lombardia,162,017,017162,In Corso,ESECUZIONE LAVORI,SCUOLE MATERNE,Esecuzione lavori,0,0,0,2024-09-06,,2026-06-30,2024.0,0,AMPLIAMENTO (COMPRESA SOPRAELEVAZIONE) O POTENZIAMENTO,Ampliamento,576000.0,576000.0,1,1,1,1,0,0,1
E68H24000440006,Puglia,019,073,073019,In Corso,COLLAUDO/REGOLARE ESECUZIONE,ASILI NIDO,Collaudo non concluso,0,1,0,2024-09-23,,2026-06-30,2024.0,0,AMPLIAMENTO (COMPRESA SOPRAELEVAZIONE) O POTENZIAMENTO,Ampliamento,1563440.25,720000.0,3,4,1,1,2,0,1
E68H25000200006,Molise,036,070,070036,In Corso,ESECUZIONE LAVORI,ASILI NIDO,Esecuzione lavori,0,0,0,2025-08-11,,2026-09-30,2025.0,0,RISTRUTTURAZIONE (PER CAMBIO DI DESTINAZIONE D'USO),Ristrutturazione/recupero,400000.0,400000.0,2,1,1,1,1,0,1
E68H25000240006,Campania,031,063,063031,In Corso,ESECUZIONE LAVORI,ASILI NIDO,Esecuzione lavori,0,0,0,2025-05-23,,2026-06-30,2025.0,0,RISTRUTTURAZIONE (PER CAMBIO DI DESTINAZIONE D'USO),Ristrutturazione/recupero,720000.0,720000.0,7,8,1,1,6,0,1
E68H25000460006,Sicilia,030,084,084030,In Corso,Fase non disponibile,ASILI NIDO,Fase non disponibile,0,0,0,,,,,0,RISTRUTTURAZIONE (PER CAMBIO DI DESTINAZIONE D'USO),Ristrutturazione/recupero,864000.0,864000.0,0,0,0,0,0,0,1
E68I22000000006,Emilia-Romagna,054,037,037054,Concluso,COLLAUDO,ASILI NIDO,Concluso,1,1,1,2023-05-02,2024-03-29,2024-03-29,2023.0,0,RISTRUTTURAZIONE CON EFFICIENTAMENTO ENERGETICO,Ristrutturazione/recupero,537500.0,507500.0,9,15,1,1,9,3,1
E68I22000080006,Molise,072,070,070072,In Corso,COLLAUDO,SCUOLE MATERNE,Collaudo non concluso,0,1,0,2022-01-05,,2026-04-06,2022.0,0,RISTRUTTURAZIONE CON EFFICIENTAMENTO ENERGETICO,Ristrutturazione/recupero,913848.0,913848.0,3,3,1,1,2,0,1
E68I22000090006,Piemonte,158,002,002158,In Corso,COLLAUDO,SCUOLE MATERNE,Collaudo non concluso,0,1,0,2023-04-15,,2026-06-30,2023.0,0,RISTRUTTURAZIONE CON EFFICIENTAMENTO ENERGETICO,Ristrutturazione/recupero,980000.0,980000.0,3,3,1,1,2,0,1
E68I22000110006,Calabria,084,080,080084,Concluso,COLLAUDO,SCUOLE MATERNE,Concluso,1,1,1,2022-09-08,2025-12-15,2025-12-31,2022.0,0,RISTRUTTURAZIONE CON EFFICIENTAMENTO ENERGETICO,Ristrutturazione/recupero,280000.0,280000.0,4,4,1,1,3,0,1
E71B21001750005,Veneto,017,026,026017,In Corso,COLLAUDO,ASILI NIDO,Collaudo non concluso,0,1,0,2021-04-07,,2026-06-30,2021.0,1,NUOVA REALIZZAZIONE,Nuova realizzazione,1310000.0,1005000.0,3,3,1,1,2,0,1
E71B21001760005,Veneto,017,026,026017,In Corso,COLLAUDO,SCUOLE MATERNE,Collaudo non concluso,0,1,0,2021-04-07,,2026-06-30,2021.0,1,NUOVA REALIZZAZIONE,Nuova realizzazione,704500.0,545000.0,3,4,1,1,2,0,1
E71B21002070001,Toscana,026,051,051026,In Corso,ESECUZIONE LAVORI,SCUOLE MATERNE,Esecuzione lavori,0,0,0,2022-09-22,,2026-06-30,2022.0,1,NUOVA REALIZZAZIONE,Nuova realizzazione,3552000.0,2993250.0,19,18,1,1,18,0,1
E71B21011770009,Trentino-Alto Adige,161,022,022161,In Corso,COLLAUDO,SCUOLE MATERNE,Collaudo non concluso,0,1,0,2022-08-17,,2026-06-30,2022.0,0,NUOVA REALIZZAZIONE,Nuova realizzazione,8789000.0,2459500.0,12,18,1,1,10,0,1
E71B22001060006,Campania,099,061,061099,In Corso,ESECUZIONE LAVORI,ASILI NIDO,Esecuzione lavori,0,0,0,2021-09-27,,2026-03-15,2021.0,0,NUOVA REALIZZAZIONE,Nuova realizzazione,1529000.0,1390000.0,4,1,1,1,3,0,1
E71B22001430006,Abruzzo,008,067,067008,In Corso,COLLAUDO,ASILI NIDO,Collaudo non concluso,0,1,0,2022-11-14,,2026-06-30,2022.0,0,NUOVA REALIZZAZIONE,Nuova realizzazione,1269887.9,1199788.0,6,6,1,1,5,0,1
E71B22001730006,Abruzzo,033,068,068033,Concluso,COLLAUDO,ASILI NIDO,Concluso,1,1,1,2022-02-23,2026-04-13,2026-06-30,2022.0,0,NUOVA REALIZZAZIONE,Nuova realizzazione,1736569.8,1607935.0,5,6,1,1,4,0,1
E71B22001760006,Calabria,042,079,079042,In Corso,COLLAUDO,SCUOLE MATERNE,Collaudo non concluso,0,1,0,2023-01-09,,2026-06-30,2023.0,0,NUOVA REALIZZAZIONE,Nuova realizzazione,1088505.0,989550.0,4,3,1,1,4,1,1
E72C22000040006,Toscana,032,048,048032,In Corso,ESECUZIONE LAVORI,ASILI NIDO,Esecuzione lavori,0,0,0,2022-11-22,,2026-06-30,2022.0,0,DEMOLIZIONE,Demolizione/ricostruzione,1370000.0,1200000.0,8,8,1,1,7,0,1
E72J24000030005,Lombardia,055,098,098055,In Corso,ESECUZIONE LAVORI,SERVIZI PER L'INFANZIA,Esecuzione lavori,0,0,0,2024-11-07,,2026-06-30,2024.0,0,NUOVA REALIZZAZIONE,Nuova realizzazione,680000.0,480000.0,3,3,1,1,2,0,1
E73C22000000006,Marche,013,043,043013,In Corso,COLLAUDO,ASILI NIDO,Collaudo non concluso,0,1,0,2022-09-08,,2026-06-30,2022.0,0,RISTRUTTURAZIONE CON EFFICIENTAMENTO ENERGETICO,Ristrutturazione/recupero,2081500.0,1100000.0,9,10,1,1,8,0,1
E73C22000040006,Abruzzo,076,069,069076,Concluso,COLLAUDO,SCUOLE MATERNE,Concluso,1,1,1,2023-03-06,2025-09-24,2025-12-15,2023.0,0,RISTRUTTURAZIONE CON EFFICIENTAMENTO ENERGETICO,Ristrutturazione/recupero,1428000.0,1428000.0,6,6,1,1,5,0,1
E73C22000270006,Marche,013,043,043013,In Corso,COLLAUDO,ASILI NIDO,Collaudo non concluso,0,1,0,2022-10-26,,2026-06-30,2022.0,0,RISTRUTTURAZIONE CON EFFICIENTAMENTO ENERGETICO,Ristrutturazione/recupero,1400000.0,910000.0,7,7,1,1,6,0,1
E73C25000170006,Lazio,059,060,060059,In Corso,Fase non disponibile,ASILI NIDO,Fase non disponibile,0,0,0,,,,,0,RISTRUTTURAZIONE CON EFFICIENTAMENTO ENERGETICO,Ristrutturazione/recupero,660000.0,660000.0,0,0,0,0,0,0,1
E73D21000730001,Abruzzo,035,067,067035,In Corso,ESECUZIONE LAVORI,SCUOLE MATERNE,Esecuzione lavori,0,0,0,2022-10-05,,2026-06-30,2022.0,1,RECUPERO,Ristrutturazione/recupero,550000.0,500000.0,7,7,1,1,6,0,1
E73H19001230006,Lombardia,034,014,014034,Concluso,COLLAUDO,ALTRE STRUTTURE SOCIALI,Concluso,1,1,1,2022-11-02,2025-12-22,2025-12-22,2022.0,1,RISTRUTTURAZIONE (PER CAMBIO DI DESTINAZIONE D'USO),Ristrutturazione/recupero,2250495.29,1790518.39,9,9,1,1,9,1,1
E74E21000450005,Toscana,002,045,045002,In Corso,COLLAUDO,ASILI NIDO,Collaudo non concluso,0,1,0,2021-03-22,,2026-06-30,2021.0,1,AMPLIAMENTO (COMPRESA SOPRAELEVAZIONE) O POTENZIAMENTO,Ampliamento,604244.96,549313.6,4,4,1,1,3,0,1
E74E21000480001,Toscana,026,051,051026,In Corso,COLLAUDO,ASILI NIDO,Collaudo non concluso,0,1,0,2022-09-22,,2026-06-30,2022.0,1,MANUTENZIONE STRAORDINARIA DI ADEGUAMENTO IMPIANTISTICA E O ANTINCENDIO,Altro,387000.0,330000.0,11,10,1,1,10,1,1
E74E22000280006,Friuli-Venezia Giulia,188,030,030188,Concluso,COLLAUDO,ASILI NIDO,Concluso,1,1,1,2022-09-28,2025-04-18,2026-06-30,2022.0,0,AMPLIAMENTO (COMPRESA SOPRAELEVAZIONE) O POTENZIAMENTO,Ampliamento,643500.0,585000.0,3,4,1,1,2,0,1
E75E21000910006,Toscana,002,045,045002,In Corso,COLLAUDO,ASILI NIDO,Collaudo non concluso,0,1,0,2021-05-04,,2026-06-30,2021.0,0,NUOVA REALIZZAZIONE,Nuova realizzazione,660000.0,600000.0,5,5,1,1,4,0,1
E75E22000000006,Puglia,016,075,075016,In Corso,ESECUZIONE LAVORI,ASILI NIDO,Esecuzione lavori,0,0,0,2022-02-01,,2026-06-30,2022.0,0,NUOVA REALIZZAZIONE,Nuova realizzazione,2025102.0,2025102.0,5,6,1,1,3,0,1
E75E22000020006,Lombardia,052,014,014052,In Corso,COLLAUDO,ASILI NIDO,Collaudo non concluso,0,1,0,2023-04-19,,2026-06-30,2023.0,0,NUOVA REALIZZAZIONE,Nuova realizzazione,1077698.68,861484.0,5,4,1,1,4,0,1
E75E22000040006,Marche,013,043,043013,In Corso,COLLAUDO,ASILI NIDO,Collaudo non concluso,0,1,0,2022-10-26,,2026-06-30,2022.0,0,NUOVA REALIZZAZIONE,Nuova realizzazione,2850000.0,2268000.0,9,9,1,1,8,0,1
E75E22000080006,Molise,010,070,070010,In Corso,ESECUZIONE LAVORI,SCUOLE MATERNE,Esecuzione lavori,0,0,0,2023-04-21,,2026-09-30,2023.0,0,NUOVA REALIZZAZIONE,Nuova realizzazione,1380500.0,1255000.0,5,4,1,1,4,0,1
E75E22000090006,Molise,010,070,070010,In Corso,ESECUZIONE LAVORI,ASILI NIDO,Esecuzione lavori,0,0,0,2023-05-02,,2026-09-30,2023.0,0,NUOVA REALIZZAZIONE,Nuova realizzazione,1188000.0,1080000.0,5,5,1,1,4,0,1
E75E22000240001,Sicilia,078,083,083078,In Corso,ESECUZIONE LAVORI,ASILI NIDO,Esecuzione lavori,0,0,0,2022-10-26,,2026-08-24,2022.0,0,NUOVA REALIZZAZIONE,Nuova realizzazione,960000.0,960000.0,6,6,1,1,5,0,1
E75E22000250006,Campania,081,061,061081,In Corso,ESECUZIONE LAVORI,ASILI NIDO,Esecuzione lavori,0,0,0,2023-04-30,,2026-12-31,2023.0,0,NUOVA REALIZZAZIONE,Nuova realizzazione,1455450.0,1455450.0,6,6,1,1,5,0,1
E75E22000280006,Marche,013,043,043013,In Corso,COLLAUDO,ASILI NIDO,Collaudo non concluso,0,1,0,2022-12-29,,2026-06-30,2022.0,0,NUOVA REALIZZAZIONE,Nuova realizzazione,2450000.0,1344000.0,6,6,1,1,5,0,1
E75E22000340006,Campania,099,061,061099,In Corso,ESECUZIONE LAVORI,SCUOLE MATERNE,Esecuzione lavori,0,0,0,2021-12-15,,2025-12-31,2021.0,0,NUOVA REALIZZAZIONE,Nuova realizzazione,1675705.99,1523369.08,2,0,1,1,1,0,1
E75E22000350006,Molise,010,070,070010,In Corso,ESECUZIONE LAVORI,SCUOLE MATERNE,Esecuzione lavori,0,0,0,2023-05-02,,2026-09-30,2023.0,0,NUOVA REALIZZAZIONE,Nuova realizzazione,1188000.0,1080000.0,4,3,1,1,3,0,1
E75E22000360006,Abruzzo,035,067,067035,In Corso,ESECUZIONE LAVORI,SCUOLE MATERNE,Esecuzione lavori,0,0,0,2022-11-14,,2026-06-30,2022.0,0,NUOVA REALIZZAZIONE,Nuova realizzazione,1657700.0,1507000.0,9,12,1,1,8,0,1
E75E22000370006,Abruzzo,022,069,069022,In Corso,ESECUZIONE LAVORI,SCUOLE MATERNE,Esecuzione lavori,0,0,0,2022-09-08,,2026-06-30,2022.0,0,NUOVA REALIZZAZIONE,Nuova realizzazione,2000000.0,2000000.0,10,11,1,1,9,0,1
E75E24000040006,Puglia,025,075,075025,In Corso,ESECUZIONE LAVORI,ASILI NIDO,Esecuzione lavori,0,0,0,2024-10-18,,2026-06-30,2024.0,0,NUOVA REALIZZAZIONE,Nuova realizzazione,576000.0,576000.0,3,3,1,1,2,0,1
E75E24000050001,Veneto,033,027,027033,In Corso,COLLAUDO,ASILI NIDO,Collaudo non concluso,0,1,0,2024-05-15,,2026-06-30,2024.0,0,NUOVA REALIZZAZIONE,Nuova realizzazione,2728000.0,1728000.0,10,9,1,1,8,0,1
E75E24000060006,Calabria,087,079,079087,In Corso,ESECUZIONE LAVORI,ASILI NIDO,Esecuzione lavori,0,0,0,2024-04-30,,2026-06-30,2024.0,0,NUOVA REALIZZAZIONE,Nuova realizzazione,672000.0,672000.0,6,6,1,1,5,0,1
E75E24000080006,Lazio,005,060,060005,In Corso,COLLAUDO,ASILI NIDO,Collaudo non concluso,0,1,0,2024-08-22,,2026-06-30,2024.0,0,NUOVA REALIZZAZIONE,Nuova realizzazione,672000.0,672000.0,7,6,1,1,6,0,1
E75E24000090006,Lombardia,021,097,097021,In Corso,ESECUZIONE LAVORI,ASILI NIDO,Esecuzione lavori,0,0,0,2024-08-14,,2026-06-30,2024.0,0,NUOVA REALIZZAZIONE,Nuova realizzazione,480000.0,480000.0,5,5,1,1,5,0,1
E75E24000100007,Lazio,002,057,057002,In Corso,ESECUZIONE LAVORI,ASILI NIDO,Esecuzione lavori,0,0,0,2025-02-18,,2026-08-31,2025.0,0,NUOVA REALIZZAZIONE,Nuova realizzazione,480000.0,480000.0,2,2,1,0,2,0,1
E75E25000010006,Puglia,025,075,075025,In Corso,ESECUZIONE LAVORI,ASILI NIDO,Esecuzione lavori,0,0,0,2025-09-08,,2026-07-30,2025.0,0,NUOVA REALIZZAZIONE,Nuova realizzazione,576000.0,576000.0,2,5,1,1,1,0,1
E75E25000030006,Molise,046,070,070046,In Corso,ESECUZIONE LAVORI,ASILI NIDO,Esecuzione lavori,0,0,0,,,,,0,NUOVA REALIZZAZIONE,Nuova realizzazione,480000.0,480000.0,3,3,1,1,2,0,1
E75E25000040006,Calabria,087,079,079087,In Corso,ESECUZIONE LAVORI,ASILI NIDO,Esecuzione lavori,0,0,0,2025-05-23,,2026-06-30,2025.0,0,NUOVA REALIZZAZIONE,Nuova realizzazione,672000.0,672000.0,5,5,1,1,4,0,1
E75E25000060006,Abruzzo,008,067,067008,In Corso,ESECUZIONE LAVORI,ASILI NIDO,Esecuzione lavori,0,0,0,2025-10-03,,2026-06-30,2025.0,0,NUOVA REALIZZAZIONE,Nuova realizzazione,960000.0,960000.0,4,6,1,1,3,0,1
E76F22000020006,Basilicata,085,076,076085,In Corso,COLLAUDO,ASILI NIDO,Collaudo non concluso,0,1,0,2022-01-12,,2025-12-31,2022.0,0,DEMOLIZIONE,Demolizione/ricostruzione,1287000.0,1170000.0,6,3,1,1,5,0,1
E76F25000060006,Lazio,059,060,060059,In Corso,Fase non disponibile,ASILI NIDO,Fase non disponibile,0,0,0,,,,,0,DEMOLIZIONE,Demolizione/ricostruzione,960000.0,960000.0,0,0,0,0,0,0,1
E77G22000030006,Sicilia,009,086,086009,In Corso,COLLAUDO,SCUOLE MATERNE,Collaudo non concluso,0,1,0,2022-11-04,,2026-06-30,2022.0,0,RECUPERO,Ristrutturazione/recupero,306633.61,278811.0,5,5,1,1,4,0,1
E77G22000240006,Sicilia,009,086,086009,In Corso,COLLAUDO,SCUOLE MATERNE,Collaudo non concluso,0,1,0,2022-11-02,,2026-06-30,2022.0,0,RECUPERO,Ristrutturazione/recupero,2548125.8,2316478.0,8,8,1,1,8,1,1
E77G24000170006,Abruzzo,022,069,069022,In Corso,ESECUZIONE LAVORI,ASILI NIDO,Esecuzione lavori,0,0,0,2024-06-13,,2026-06-30,2024.0,0,RECUPERO,Ristrutturazione/recupero,1000000.0,1000000.0,6,5,1,1,5,0,1
E77G25000070006,Puglia,016,075,075016,In Corso,PROGETTAZIONE ESECUTIVA,ASILI NIDO,Prima dell'esecuzione,0,0,0,2025-08-01,,2026-06-30,2025.0,0,RECUPERO,Ristrutturazione/recupero,480000.0,480000.0,1,1,1,0,1,0,1
E77H21001970005,Lombardia,119,012,012119,Concluso,COLLAUDO,ASILI NIDO,Concluso,1,1,1,2022-11-10,2024-08-02,2024-08-02,2022.0,1,MANUTENZIONE STRAORDINARIA,Altro,1460098.89,1185000.0,2,2,1,1,0,0,1
E78H24000440006,Molise,046,070,070046,In Corso,ESECUZIONE LAVORI,ASILI NIDO,Esecuzione lavori,0,0,0,2024-09-06,,2026-12-31,2024.0,0,RISTRUTTURAZIONE (PER CAMBIO DI DESTINAZIONE D'USO),Ristrutturazione/recupero,400000.0,400000.0,3,3,1,1,2,0,1
E78H24000470006,Puglia,079,075,075079,In Corso,ESECUZIONE LAVORI,ASILI NIDO,Esecuzione lavori,0,0,0,2024-06-06,,2026-06-30,2024.0,0,RISTRUTTURAZIONE (PER CAMBIO DI DESTINAZIONE D'USO),Ristrutturazione/recupero,665000.0,665000.0,1,1,1,0,0,0,1
E78H24000490006,Lombardia,126,013,013126,In Corso,ESECUZIONE LAVORI,ASILI NIDO,Esecuzione lavori,0,0,0,2024-11-04,,2026-06-30,2024.0,0,RISTRUTTURAZIONE (PER CAMBIO DI DESTINAZIONE D'USO),Ristrutturazione/recupero,360000.0,300000.0,2,2,1,1,1,0,1
E78H25000300006,Piemonte,206,001,001206,In Corso,ESECUZIONE LAVORI,ASILI NIDO,Esecuzione lavori,0,0,0,2025-04-30,,2026-08-31,2025.0,0,RISTRUTTURAZIONE (PER CAMBIO DI DESTINAZIONE D'USO),Ristrutturazione/recupero,230677.48,200000.0,3,3,1,1,2,0,1
E79J21001930001,Sicilia,009,086,086009,In Corso,ESECUZIONE LAVORI,"SCUOLE ELEMENTARI, MEDIE E SUPERIORI",Esecuzione lavori,0,0,0,2022-10-17,,2026-06-30,2022.0,1,ALTRO,Altro,2205769.63,1700000.0,2,2,1,1,1,0,1
E81B21002500001,Calabria,005,080,080005,In Corso,ESECUZIONE LAVORI,FORMAZIONE E ISTRUZIONE ALL'INTERNO DELL'OBBLIGO SCOLASTICO,Esecuzione lavori,0,0,0,2021-04-20,,2026-06-30,2021.0,1,NUOVA REALIZZAZIONE,Nuova realizzazione,1700000.0,1700000.0,4,4,1,1,3,0,1
E81B22001640006,Lazio,082,058,058082,In Corso,COLLAUDO,ASILI NIDO,Collaudo non concluso,0,1,0,2023-11-27,,2025-12-31,2023.0,0,NUOVA REALIZZAZIONE,Nuova realizzazione,1275000.0,1275000.0,2,1,1,1,1,0,1
E81I25000090006,Abruzzo,014,069,069014,In Corso,COLLAUDO,SERVIZI PER L'INFANZIA,Collaudo non concluso,0,1,0,2025-08-30,,2026-06-30,2025.0,0,ALTRO,Altro,600000.0,600000.0,5,4,1,1,4,0,1
E82C21000800001,Campania,128,065,065128,In Corso,ESECUZIONE LAVORI,SCUOLE MATERNE,Esecuzione lavori,0,0,0,2023-05-04,,2026-06-30,2023.0,1,MANUTENZIONE STRAORDINARIA DI MIGLIORAMENTO SISMICO,Altro,1287383.44,1287383.44,6,1,1,1,5,0,1
E83C25002160006,Campania,053,062,062053,In Corso,ESECUZIONE LAVORI,ASILI NIDO,Esecuzione lavori,0,0,0,2025-08-01,,2026-12-31,2025.0,0,RISTRUTTURAZIONE CON EFFICIENTAMENTO ENERGETICO,Ristrutturazione/recupero,480000.0,480000.0,2,2,1,1,1,0,1
E84E21055140006,Piemonte,180,001,001180,In Corso,ESECUZIONE LAVORI,ASILI NIDO,Esecuzione lavori,0,0,0,2023-03-24,,2026-03-31,2023.0,0,RISTRUTTURAZIONE (PER CAMBIO DI DESTINAZIONE D'USO),Ristrutturazione/recupero,224474.12,205000.0,6,6,1,1,5,0,1
E84E22000160006,Veneto,086,028,028086,In Corso,ESECUZIONE LAVORI,SCUOLE MATERNE,Esecuzione lavori,0,0,0,2023-03-15,,2026-06-30,2023.0,0,AMPLIAMENTO (COMPRESA SOPRAELEVAZIONE) O POTENZIAMENTO,Ampliamento,625727.03,600000.0,4,4,1,1,2,0,1
E85E21000810006,Basilicata,050,076,076050,In Corso,COLLAUDO,ASILI NIDO,Collaudo non concluso,0,1,0,2022-02-28,,2026-06-30,2022.0,0,MANUTENZIONE STRAORDINARIA DI ADEGUAMENTO SISMICO,Altro,2616640.0,2419200.0,6,6,1,1,6,1,1
E85E22000000006,Veneto,074,025,025074,In Corso,ESECUZIONE LAVORI,ASILI NIDO,Esecuzione lavori,0,0,0,2022-10-21,,2026-06-30,2022.0,0,NUOVA REALIZZAZIONE,Nuova realizzazione,1440000.0,1200000.0,7,7,1,1,6,0,1
E85E22000020007,Sicilia,097,083,083097,In Corso,ESECUZIONE LAVORI,ASILI NIDO,Esecuzione lavori,0,0,0,2023-03-22,,2026-06-30,2023.0,0,NUOVA REALIZZAZIONE,Nuova realizzazione,1611549.0,1611549.0,3,0,1,1,2,0,1
E85E22000030006,Puglia,014,072,072014,In Corso,ESECUZIONE LAVORI,ASILI NIDO,Esecuzione lavori,0,0,0,2022-02-25,,2026-06-30,2022.0,0,NUOVA REALIZZAZIONE,Nuova realizzazione,2310000.0,2100000.0,7,2,1,1,6,0,1
E85E22000220006,Sicilia,106,083,083106,In Corso,COLLAUDO,SCUOLE MATERNE,Collaudo non concluso,0,1,0,2022-10-24,,2025-12-01,2022.0,0,NUOVA REALIZZAZIONE,Nuova realizzazione,600000.0,600000.0,3,1,1,1,2,0,1
E85E23000350006,Basilicata,050,076,076050,In Corso,ESECUZIONE LAVORI,ASILI NIDO,Esecuzione lavori,0,0,0,2024-05-20,,2026-08-31,2024.0,0,NUOVA REALIZZAZIONE,Nuova realizzazione,480000.0,480000.0,4,4,1,1,3,0,1
E85E24000060006,Emilia-Romagna,007,039,039007,In Corso,ESECUZIONE LAVORI,ASILI NIDO,Esecuzione lavori,0,0,0,2024-09-05,,2026-12-31,2024.0,0,NUOVA REALIZZAZIONE,Nuova realizzazione,1936587.1,1152000.0,7,7,1,1,7,1,1
E85E24000070006,Lombardia,027,108,108027,In Corso,ESECUZIONE LAVORI,ASILI NIDO,Esecuzione lavori,0,0,0,2024-07-31,,2026-06-30,2024.0,0,NUOVA REALIZZAZIONE,Nuova realizzazione,2345000.0,1728000.0,2,2,1,1,1,0,1
E85E24000080006,Campania,033,063,063033,In Corso,ESECUZIONE LAVORI,ASILI NIDO,Esecuzione lavori,0,0,0,2024-06-13,,2026-06-30,2024.0,0,NUOVA REALIZZAZIONE,Nuova realizzazione,1152000.0,1152000.0,3,4,1,1,3,1,1
E85E25000010006,Puglia,014,072,072014,In Corso,ESECUZIONE LAVORI,ASILI NIDO,Esecuzione lavori,0,0,0,2025-05-23,,2026-08-31,2025.0,0,NUOVA REALIZZAZIONE,Nuova realizzazione,1008000.0,1008000.0,1,1,1,1,0,0,1
E85E25000020006,Molise,011,070,070011,In Corso,ESECUZIONE LAVORI,ASILI NIDO,Esecuzione lavori,0,0,0,2025-08-11,,2026-06-30,2025.0,0,RISTRUTTURAZIONE (PER CAMBIO DI DESTINAZIONE D'USO),Ristrutturazione/recupero,400000.0,400000.0,2,1,1,1,1,0,1
E86F25000030006,Sicilia,106,083,083106,In Corso,COLLAUDO,ASILI NIDO,Collaudo non concluso,0,1,0,2025-05-23,,2026-06-30,2025.0,0,DEMOLIZIONE,Demolizione/ricostruzione,672000.0,672000.0,3,3,1,1,1,0,1
E86F25000040006,Campania,101,065,065101,In Corso,Fase non disponibile,ASILI NIDO,Fase non disponibile,0,0,0,,,,,0,DEMOLIZIONE,Demolizione/ricostruzione,1008000.0,1008000.0,4,5,1,1,3,0,1
E87G22000020006,Sardegna,071,091,091071,Concluso,COLLAUDO,ASILI NIDO,Concluso,1,1,1,2023-04-10,2025-01-15,2025-01-14,2023.0,0,RECUPERO,Ristrutturazione/recupero,230000.0,230000.0,1,1,1,0,0,0,1
E87G22000180006,Sicilia,097,083,083097,In Corso,COLLAUDO,SCUOLE MATERNE,Collaudo non concluso,0,1,0,2023-04-20,,2026-06-30,2023.0,0,RECUPERO,Ristrutturazione/recupero,1290000.0,1290000.0,5,2,1,1,4,0,1
E87G24000200006,Campania,024,063,063024,In Corso,COLLAUDO,ASILI NIDO,Collaudo non concluso,0,1,0,2024-10-21,,2026-06-30,2024.0,0,RECUPERO,Ristrutturazione/recupero,2160000.0,2160000.0,3,5,1,1,2,0,1
E87H22000660001,Campania,101,065,065101,In Corso,ESECUZIONE LAVORI,ASILI NIDO,Esecuzione lavori,0,0,0,2023-03-28,,2025-12-31,2023.0,0,MANUTENZIONE STRAORDINARIA,Altro,935469.1,850426.45,9,10,1,1,7,0,1
E88H21000140006,Puglia,089,075,075089,Concluso,COLLAUDO,SCUOLE MATERNE,Concluso,1,1,1,2023-03-01,2024-09-07,2024-12-31,2023.0,0,AMPLIAMENTO (COMPRESA SOPRAELEVAZIONE) O POTENZIAMENTO,Ampliamento,616000.0,560000.0,3,1,1,1,2,0,1
E88H22000010006,Abruzzo,041,069,069041,In Corso,ESECUZIONE LAVORI,SCUOLE MATERNE,Esecuzione lavori,0,0,0,2022-11-25,,2026-12-31,2022.0,0,AMPLIAMENTO (COMPRESA SOPRAELEVAZIONE) O POTENZIAMENTO,Ampliamento,5595711.79,5087010.72,8,9,1,1,6,0,1
E88H24000310006,Puglia,021,073,073021,Concluso,COLLAUDO,ASILI NIDO,Concluso,1,1,1,2024-09-05,2026-03-31,2026-03-31,2024.0,0,RISTRUTTURAZIONE (PER CAMBIO DI DESTINAZIONE D'USO),Ristrutturazione/recupero,600000.0,600000.0,2,2,1,1,1,0,1
E88H24000350006,Sicilia,019,086,086019,In Corso,ESECUZIONE LAVORI,ASILI NIDO,Esecuzione lavori,0,0,0,2024-09-05,,2026-10-30,2024.0,0,RISTRUTTURAZIONE (PER CAMBIO DI DESTINAZIONE D'USO),Ristrutturazione/recupero,576000.0,576000.0,3,3,1,1,2,0,1
E88H25000130006,Abruzzo,025,068,068025,In Corso,ESECUZIONE LAVORI,ASILI NIDO,Esecuzione lavori,0,0,0,2025-06-03,,2026-05-22,2025.0,0,RISTRUTTURAZIONE (PER CAMBIO DI DESTINAZIONE D'USO),Ristrutturazione/recupero,480000.0,480000.0,8,8,1,1,7,0,1
E88H25000160006,Sicilia,097,083,083097,In Corso,Fase non disponibile,ASILI NIDO,Fase non disponibile,0,0,0,,,,,0,RISTRUTTURAZIONE (PER CAMBIO DI DESTINAZIONE D'USO),Ristrutturazione/recupero,1000000.0,1000000.0,0,0,0,0,0,0,1
E88H25000250006,Campania,074,065,065074,In Corso,ESECUZIONE LAVORI,ASILI NIDO,Esecuzione lavori,0,0,0,,,,,0,RISTRUTTURAZIONE (PER CAMBIO DI DESTINAZIONE D'USO),Ristrutturazione/recupero,440000.0,440000.0,2,2,1,1,1,0,1
E88I20000260001,Veneto,074,025,025074,In Corso,COLLAUDO,SCUOLE MATERNE,Collaudo non concluso,0,1,0,2022-10-11,,2026-06-30,2022.0,1,RISTRUTTURAZIONE CON EFFICIENTAMENTO ENERGETICO,Ristrutturazione/recupero,1740000.0,1036000.0,6,6,1,1,5,0,1
E88I20000270001,Sicilia,019,086,086019,In Corso,COLLAUDO,ASILI NIDO,Collaudo non concluso,0,1,0,2022-09-27,,2026-06-30,2022.0,1,RISTRUTTURAZIONE CON EFFICIENTAMENTO ENERGETICO,Ristrutturazione/recupero,2500000.0,2500000.0,2,3,1,1,1,0,1
E88I22000100006,Lombardia,027,108,108027,In Corso,ESECUZIONE LAVORI,ASILI NIDO,Esecuzione lavori,0,0,0,2022-12-21,,2026-06-30,2022.0,0,RISTRUTTURAZIONE CON EFFICIENTAMENTO ENERGETICO,Ristrutturazione/recupero,590000.0,590000.0,1,1,1,1,0,0,1
E88I22000110006,Lombardia,027,108,108027,In Corso,COLLAUDO,ASILI NIDO,Collaudo non concluso,0,1,0,2022-09-08,,2026-06-30,2022.0,0,RISTRUTTURAZIONE CON EFFICIENTAMENTO ENERGETICO,Ristrutturazione/recupero,430000.0,430000.0,2,2,1,1,1,0,1
E91B21002380001,Campania,050,064,064050,In Corso,ESECUZIONE LAVORI,SCUOLE MATERNE,Esecuzione lavori,0,0,0,2023-05-08,,2026-06-30,2023.0,1,NUOVA REALIZZAZIONE,Nuova realizzazione,2315500.0,2105000.0,9,8,1,1,8,0,1
E91B21002440001,Lazio,119,058,058119,In Corso,COLLAUDO,ASILI NIDO,Collaudo non concluso,0,1,0,2023-08-30,,2026-06-30,2023.0,1,NUOVA REALIZZAZIONE,Nuova realizzazione,1894766.0,1894766.0,7,7,1,1,6,0,1
E91B21002520001,Campania,032,064,064032,In Corso,COLLAUDO,ASILI NIDO,Collaudo non concluso,0,1,0,2023-05-08,,2026-06-30,2023.0,1,NUOVA REALIZZAZIONE,Nuova realizzazione,1420440.56,1291309.6,7,2,1,1,5,0,1
E91B21002550001,Lazio,058,057,057058,In Corso,ESECUZIONE LAVORI,ASILI NIDO,Esecuzione lavori,0,0,0,2021-04-19,,2026-03-30,2021.0,1,MANUTENZIONE STRAORDINARIA DI ADEGUAMENTO SISMICO,Altro,275000.0,275000.0,5,5,1,1,4,0,1
E91B21012020006,Lombardia,169,015,015169,In Corso,ESECUZIONE LAVORI,SCUOLE MATERNE,Esecuzione lavori,0,0,0,2022-12-20,,2026-06-30,2022.0,0,NUOVA REALIZZAZIONE,Nuova realizzazione,6350000.0,5400000.0,14,14,1,1,13,1,1
E91B21012040006,Marche,024,043,043024,In Corso,ESECUZIONE LAVORI,ASILI NIDO,Esecuzione lavori,0,0,0,2022-02-02,,2026-06-30,2022.0,0,NUOVA REALIZZAZIONE,Nuova realizzazione,1820269.89,1238592.0,12,10,1,1,11,0,1
E91B21012460006,Emilia-Romagna,021,037,037021,In Corso,COLLAUDO,ASILI NIDO,Collaudo non concluso,0,1,0,2022-11-14,,2026-06-30,2022.0,0,NUOVA REALIZZAZIONE,Nuova realizzazione,4323522.11,3024000.0,9,2,1,1,9,1,1
E91B22001110006,Puglia,011,074,074011,In Corso,ESECUZIONE LAVORI,ASILI NIDO,Esecuzione lavori,0,0,0,2022-10-26,,2027-06-30,2022.0,0,NUOVA REALIZZAZIONE,Nuova realizzazione,1356810.0,1356810.0,3,4,1,1,2,0,1
E93C22000000006,Liguria,020,011,011020,In Corso,COLLAUDO,ASILI NIDO,Collaudo non concluso,0,1,0,2022-11-10,,2026-06-19,2022.0,0,RISTRUTTURAZIONE CON EFFICIENTAMENTO ENERGETICO,Ristrutturazione/recupero,1270047.89,900478.89,4,4,1,1,3,1,1
E93C22000100006,Friuli-Venezia Giulia,190,030,030190,In Corso,ESECUZIONE LAVORI,ASILI NIDO,Esecuzione lavori,0,0,0,2022-02-28,,2026-06-30,2022.0,0,RISTRUTTURAZIONE CON EFFICIENTAMENTO ENERGETICO,Ristrutturazione/recupero,871478.0,821478.0,3,3,1,1,2,0,1
E93C22000440006,Piemonte,217,001,001217,In Corso,COLLAUDO,ASILI NIDO,Collaudo non concluso,0,1,0,2022-10-24,,2026-06-30,2022.0,0,RISTRUTTURAZIONE CON EFFICIENTAMENTO ENERGETICO,Ristrutturazione/recupero,1472232.3,1338393.0,4,6,1,1,4,1,1
E93C25000540006,Sicilia,003,081,081003,In Corso,COLLAUDO,ASILI NIDO,Collaudo non concluso,0,1,0,2025-06-12,,2026-06-30,2025.0,0,RISTRUTTURAZIONE CON EFFICIENTAMENTO ENERGETICO,Ristrutturazione/recupero,560000.0,560000.0,3,3,1,1,2,0,1
E94E21000300001,Campania,084,065,065084,In Corso,ESECUZIONE LAVORI,"EDIFICI SOCIALI, CULTURALI E ASSISTENZIALI",Esecuzione lavori,0,0,0,2022-08-02,,2025-12-31,2022.0,1,RISTRUTTURAZIONE (PER CAMBIO DI DESTINAZIONE D'USO),Ristrutturazione/recupero,1694000.0,1540000.0,8,1,1,1,7,0,1
E94E21044300006,Toscana,001,051,051001,In Corso,ESECUZIONE LAVORI,SCUOLE MATERNE,Esecuzione lavori,0,0,0,2022-09-08,,2026-06-30,2022.0,0,AMPLIAMENTO (COMPRESA SOPRAELEVAZIONE) O POTENZIAMENTO,Ampliamento,198000.0,180000.0,1,1,1,1,1,0,1
E94E22000160006,Lombardia,102,017,017102,In Corso,COLLAUDO,SCUOLE MATERNE,Collaudo non concluso,0,1,0,2021-10-21,,2026-06-30,2021.0,0,NUOVA REALIZZAZIONE,Nuova realizzazione,5000000.0,3840000.0,10,14,1,1,9,0,1
E94E22000190006,Piemonte,082,001,001082,Concluso,COLLAUDO,ASILI NIDO,Concluso,1,1,1,2022-11-16,2025-01-30,2025-06-30,2022.0,0,AMPLIAMENTO (COMPRESA SOPRAELEVAZIONE) O POTENZIAMENTO,Ampliamento,489000.0,390000.0,4,2,1,1,3,0,1
E95E22000140006,Veneto,095,024,024095,In Corso,COLLAUDO,SCUOLE MATERNE,Collaudo non concluso,0,1,0,2023-01-16,,2026-06-30,2023.0,0,NUOVA REALIZZAZIONE,Nuova realizzazione,6494480.0,5500000.0,15,15,1,1,14,0,1
E95E22000240006,Campania,084,065,065084,Concluso,COLLAUDO,ASILI NIDO,Concluso,1,1,1,2022-10-14,2025-12-23,2024-03-18,2022.0,0,NUOVA REALIZZAZIONE,Nuova realizzazione,450000.0,450000.0,4,2,1,1,3,0,1
E95E22000250006,Puglia,033,072,072033,In Corso,ESECUZIONE LAVORI,ASILI NIDO,Esecuzione lavori,0,0,0,2023-02-25,,2026-06-30,2023.0,0,NUOVA REALIZZAZIONE,Nuova realizzazione,1474000.0,1340000.0,4,2,1,1,4,1,1
E95E22000260006,Sardegna,041,111,111041,In Corso,ESECUZIONE LAVORI,ASILI NIDO,Esecuzione lavori,0,0,0,2022-10-28,,2026-06-30,2022.0,0,NUOVA REALIZZAZIONE,Nuova realizzazione,1759882.4,1308984.0,10,8,1,1,9,1,1
E95E22000270006,Campania,050,064,064050,In Corso,ESECUZIONE LAVORI,ASILI NIDO,Esecuzione lavori,0,0,0,2023-05-03,,2026-06-30,2023.0,0,NUOVA REALIZZAZIONE,Nuova realizzazione,2750000.0,2500000.0,6,2,1,1,5,0,1
E95E24000090004,Veneto,052,023,023052,In Corso,COLLAUDO,ASILI NIDO,Collaudo non concluso,0,1,0,2024-07-22,,2026-06-30,2024.0,0,NUOVA REALIZZAZIONE,Nuova realizzazione,1350000.0,720000.0,5,5,1,1,4,0,1
E95E24000100006,Calabria,136,078,078136,In Corso,COLLAUDO,ASILI NIDO,Collaudo non concluso,0,1,0,,,,,0,NUOVA REALIZZAZIONE,Nuova realizzazione,504000.0,504000.0,8,7,1,1,6,1,1
E95E25000050006,Calabria,051,080,080051,In Corso,ESECUZIONE LAVORI,ASILI NIDO,Esecuzione lavori,0,0,0,2025-07-31,,2026-06-30,2025.0,0,NUOVA REALIZZAZIONE,Nuova realizzazione,480000.0,480000.0,6,6,1,1,5,0,1
E96F22000170006,Lazio,070,060,060070,In Corso,ESECUZIONE LAVORI,ASILI NIDO,Esecuzione lavori,0,0,0,2022-12-29,,2026-06-30,2022.0,0,DEMOLIZIONE,Demolizione/ricostruzione,1303414.25,1303414.25,6,6,1,1,5,0,1
E96F22000180006,Calabria,018,101,101018,In Corso,ESECUZIONE LAVORI,ASILI NIDO,Esecuzione lavori,0,0,0,2023-03-31,,2026-06-30,2023.0,0,DEMOLIZIONE,Demolizione/ricostruzione,1931616.5,1931616.5,7,6,1,1,6,0,1
E96F25000020006,Campania,054,062,062054,In Corso,COLLAUDO,ASILI NIDO,Collaudo non concluso,0,1,0,2025-08-11,,2026-06-30,2025.0,0,DEMOLIZIONE,Demolizione/ricostruzione,480000.0,480000.0,6,6,1,1,5,0,1
E97B20000570009,Marche,024,043,043024,In Corso,ESECUZIONE LAVORI,SCUOLE MATERNE,Esecuzione lavori,0,0,0,2020-02-27,,2026-06-30,2020.0,1,MANUTENZIONE STRAORDINARIA DI ADEGUAMENTO SISMICO,Altro,5810000.0,3000000.0,12,10,1,1,10,0,1
E97G22000000006,Campania,075,065,065075,In Corso,COLLAUDO,SCUOLE MATERNE,Collaudo non concluso,0,1,0,2023-02-02,,2026-06-30,2023.0,0,RECUPERO,Ristrutturazione/recupero,718773.51,687388.0,3,3,1,1,2,0,1
E98H21000110006,Toscana,001,051,051001,In Corso,ESECUZIONE LAVORI,ASILI NIDO,Esecuzione lavori,0,0,0,2022-09-08,,2026-06-30,2022.0,0,AMPLIAMENTO (COMPRESA SOPRAELEVAZIONE) O POTENZIAMENTO,Ampliamento,844800.0,768000.0,1,1,1,1,0,0,1
E98H21000140006,Lombardia,042,020,020042,In Corso,ESECUZIONE LAVORI,ASILI NIDO,Esecuzione lavori,0,0,0,2023-01-02,,2026-06-30,2023.0,0,AMPLIAMENTO (COMPRESA SOPRAELEVAZIONE) O POTENZIAMENTO,Ampliamento,829400.0,754000.0,10,10,1,1,10,1,1
E98H22000250006,Liguria,011,011,011011,In Corso,ESECUZIONE LAVORI,ASILI NIDO,Esecuzione lavori,0,0,0,2023-06-06,,2026-06-30,2023.0,0,AMPLIAMENTO (COMPRESA SOPRAELEVAZIONE) O POTENZIAMENTO,Ampliamento,874500.0,795000.0,14,14,1,1,14,1,1
E98H24000270006,Toscana,009,047,047009,Concluso,COLLAUDO,ASILI NIDO,Concluso,1,1,1,2024-09-05,2026-01-30,2026-01-30,2024.0,0,RISTRUTTURAZIONE (PER CAMBIO DI DESTINAZIONE D'USO),Ristrutturazione/recupero,950000.0,600000.0,6,6,1,1,5,0,1
E98H25000170006,Lazio,031,057,057031,In Corso,ESECUZIONE LAVORI,ASILI NIDO,Esecuzione lavori,0,0,0,2025-08-01,,2026-08-31,2025.0,0,RISTRUTTURAZIONE (PER CAMBIO DI DESTINAZIONE D'USO),Ristrutturazione/recupero,300000.0,300000.0,3,3,1,1,2,0,1
E98H25000180006,Calabria,043,102,102043,In Corso,ESECUZIONE LAVORI,ASILI NIDO,Esecuzione lavori,0,0,0,2025-08-02,,2026-06-30,2025.0,0,RISTRUTTURAZIONE (PER CAMBIO DI DESTINAZIONE D'USO),Ristrutturazione/recupero,646240.0,646240.0,5,4,1,1,4,0,1
E98H25000280006,Toscana,025,048,048025,In Corso,Fase non disponibile,ASILI NIDO,Fase non disponibile,0,0,0,,,,,0,RISTRUTTURAZIONE (PER CAMBIO DI DESTINAZIONE D'USO),Ristrutturazione/recupero,200000.0,200000.0,0,0,0,0,0,0,1
E98H25000500006,Lazio,049,057,057049,In Corso,ESECUZIONE LAVORI,ASILI NIDO,Esecuzione lavori,0,0,0,2025-11-13,,2026-06-30,2025.0,0,AMPLIAMENTO (COMPRESA SOPRAELEVAZIONE) O POTENZIAMENTO,Ampliamento,400000.0,400000.0,1,1,1,1,0,0,1
E98I22000040006,Campania,009,062,062009,In Corso,ESECUZIONE LAVORI,ASILI NIDO,Esecuzione lavori,0,0,0,2022-02-08,,2026-06-30,2022.0,0,RISTRUTTURAZIONE CON EFFICIENTAMENTO ENERGETICO,Ristrutturazione/recupero,550000.0,500000.0,4,4,1,1,3,0,1
F11B21001830001,Toscana,009,052,052009,In Corso,COLLAUDO,"EDIFICI SOCIALI, CULTURALI E ASSISTENZIALI",Collaudo non concluso,0,1,0,2021-07-30,,2026-06-30,2021.0,1,NUOVA REALIZZAZIONE,Nuova realizzazione,770000.0,700000.0,4,1,1,1,3,0,1
F11B21001840001,Marche,020,041,041020,Concluso,COLLAUDO,ALTRE STRUTTURE SOCIALI,Concluso,1,1,1,2023-03-27,2026-04-30,2026-04-30,2023.0,1,NUOVA REALIZZAZIONE,Nuova realizzazione,2820986.9,2306054.0,10,6,1,1,9,0,1
F11B21001850001,Marche,020,041,041020,Concluso,COLLAUDO,ALTRE STRUTTURE SOCIALI,Concluso,1,1,1,2023-01-18,2026-04-27,2026-06-30,2023.0,1,NUOVA REALIZZAZIONE,Nuova realizzazione,1436627.5,1269425.0,9,5,1,1,9,0,1
F11B21002090005,Piemonte,106,003,003106,In Corso,COLLAUDO,SERVIZI PER L'INFANZIA,Collaudo non concluso,0,1,0,2021-08-02,,2026-06-30,2021.0,1,NUOVA REALIZZAZIONE,Nuova realizzazione,3300000.0,3000000.0,15,13,1,1,14,0,1
F11B21002220005,Campania,010,062,062010,In Corso,ESECUZIONE LAVORI,ALTRE INFRASTRUTTURE,Esecuzione lavori,0,0,0,2024-04-27,,2026-08-31,2024.0,1,NUOVA REALIZZAZIONE,Nuova realizzazione,1443252.54,1252047.76,6,4,1,1,5,0,1
F11B22000700006,Veneto,036,027,027036,In Corso,COLLAUDO,ASILI NIDO,Collaudo non concluso,0,1,0,2022-11-15,,2026-06-30,2022.0,0,NUOVA REALIZZAZIONE,Nuova realizzazione,1019893.62,1000000.0,3,3,1,1,2,0,1
F13C22000460006,Emilia-Romagna,019,034,034019,Concluso,COLLAUDO,ASILI NIDO,Concluso,1,1,1,2022-11-24,2025-11-04,2024-12-03,2022.0,0,RISTRUTTURAZIONE CON EFFICIENTAMENTO ENERGETICO,Ristrutturazione/recupero,340000.0,340000.0,4,4,1,1,3,0,1
F13C25000260006,Campania,157,065,065157,In Corso,ESECUZIONE LAVORI,ASILI NIDO,Esecuzione lavori,0,0,0,2026-03-17,,2026-08-31,2026.0,0,RISTRUTTURAZIONE CON EFFICIENTAMENTO ENERGETICO,Ristrutturazione/recupero,480000.0,480000.0,1,0,1,1,0,0,1
F13D22000090006,Puglia,012,074,074012,In Corso,COLLAUDO,SCUOLE MATERNE,Collaudo non concluso,0,1,0,2022-12-01,,2026-06-30,2022.0,0,RECUPERO,Ristrutturazione/recupero,1000000.0,1000000.0,4,5,1,1,3,0,1
F14E21000500005,Veneto,006,024,024006,In Corso,ESECUZIONE LAVORI,ALTRE INFRASTRUTTURE,Esecuzione lavori,0,0,0,2022-11-25,,2026-09-30,2022.0,1,RISTRUTTURAZIONE (PER CAMBIO DI DESTINAZIONE D'USO),Ristrutturazione/recupero,3100000.0,3000000.0,11,9,1,1,9,0,1
F14E21000720001,Piemonte,106,003,003106,In Corso,COLLAUDO,SERVIZI PER L'INFANZIA,Collaudo non concluso,0,1,0,2021-08-02,,2026-12-31,2021.0,1,AMPLIAMENTO (COMPRESA SOPRAELEVAZIONE) O POTENZIAMENTO,Ampliamento,3300000.0,3000000.0,8,7,1,1,7,0,1
F14E21000990001,Calabria,052,080,080052,In Corso,COLLAUDO,ASILI NIDO,Collaudo non concluso,0,1,0,2021-05-20,,2026-06-30,2021.0,1,AMPLIAMENTO (COMPRESA SOPRAELEVAZIONE) O POTENZIAMENTO,Ampliamento,1480000.0,1480000.0,6,6,1,1,3,0,1
F14E22000060006,Veneto,006,024,024006,In Corso,ESECUZIONE LAVORI,SCUOLE MATERNE,Esecuzione lavori,0,0,0,2020-12-01,,2026-09-30,2020.0,0,AMPLIAMENTO (COMPRESA SOPRAELEVAZIONE) O POTENZIAMENTO,Ampliamento,4240420.0,3150000.0,8,8,1,1,6,0,1
F15E21000050006,Lombardia,105,016,016105,In Corso,ESECUZIONE LAVORI,SCUOLE MATERNE,Esecuzione lavori,0,0,0,2023-11-23,,2025-05-15,2023.0,0,NUOVA REALIZZAZIONE,Nuova realizzazione,2970000.0,2700000.0,12,7,1,1,9,0,1
F15E22000100006,Calabria,029,078,078029,In Corso,COLLAUDO,ASILI NIDO,Collaudo non concluso,0,1,0,2022-11-14,,2026-08-04,2022.0,0,NUOVA REALIZZAZIONE,Nuova realizzazione,3466485.0,3151350.0,4,10,1,1,4,1,1
F15E22000110006,Calabria,043,080,080043,In Corso,ESECUZIONE LAVORI,ASILI NIDO,Esecuzione lavori,0,0,0,2022-02-23,,2026-06-30,2022.0,0,NUOVA REALIZZAZIONE,Nuova realizzazione,1027814.37,920000.0,4,7,1,1,3,0,1
F15E22000120006,Sardegna,042,111,111042,In Corso,ESECUZIONE LAVORI,ASILI NIDO,Esecuzione lavori,0,0,0,2022-11-15,,2026-08-15,2022.0,0,NUOVA REALIZZAZIONE,Nuova realizzazione,800000.0,800000.0,4,3,1,1,3,0,1
F15E22000150006,Marche,020,041,041020,In Corso,ESECUZIONE LAVORI,ASILI NIDO,Esecuzione lavori,0,0,0,2022-02-25,,2026-06-30,2022.0,0,NUOVA REALIZZAZIONE,Nuova realizzazione,1544663.63,1273958.34,10,5,1,1,9,0,1
F15E22000180006,Campania,001,062,062001,In Corso,ESECUZIONE LAVORI,SCUOLE MATERNE,Esecuzione lavori,0,0,0,2021-12-01,,2026-06-30,2021.0,0,NUOVA REALIZZAZIONE,Nuova realizzazione,1506018.21,1369107.46,4,4,1,1,3,0,1
F15E22000290006,Campania,001,062,062001,In Corso,COLLAUDO,SCUOLE MATERNE,Collaudo non concluso,0,1,0,2023-04-10,,2026-06-30,2023.0,0,NUOVA REALIZZAZIONE,Nuova realizzazione,1168170.04,876636.86,3,3,1,1,2,0,1
F15E22000350006,Puglia,012,074,074012,In Corso,COLLAUDO,ASILI NIDO,Collaudo non concluso,0,1,0,2022-12-01,,2026-06-30,2022.0,0,NUOVA REALIZZAZIONE,Nuova realizzazione,600000.0,600000.0,2,2,1,1,1,0,1
F15E22000380006,Campania,085,065,065085,Concluso,COLLAUDO,ASILI NIDO,Concluso,1,1,1,2022-09-24,2026-03-31,2026-06-30,2022.0,0,NUOVA REALIZZAZIONE,Nuova realizzazione,736414.56,627000.0,5,4,1,1,4,0,1
F15E22000390006,Lazio,034,056,056034,In Corso,ESECUZIONE LAVORI,ASILI NIDO,Esecuzione lavori,0,0,0,2022-12-30,,2026-03-31,2022.0,0,NUOVA REALIZZAZIONE,Nuova realizzazione,937200.0,852000.0,4,5,1,1,3,0,1
F15E22000400006,Calabria,128,078,078128,In Corso,COLLAUDO,ASILI NIDO,Collaudo non concluso,0,1,0,2022-12-13,,2026-06-30,2022.0,0,NUOVA REALIZZAZIONE,Nuova realizzazione,1441545.6,1310496.0,2,2,1,1,1,0,1
F15E22000410006,Campania,048,061,061048,In Corso,COLLAUDO,ASILI NIDO,Collaudo non concluso,0,1,0,2023-12-04,,2025-12-31,2023.0,0,NUOVA REALIZZAZIONE,Nuova realizzazione,970000.0,970000.0,4,4,1,1,3,0,1
F15E22000420006,Campania,048,061,061048,In Corso,COLLAUDO,ASILI NIDO,Collaudo non concluso,0,1,0,2023-12-04,,2025-12-31,2023.0,0,NUOVA REALIZZAZIONE,Nuova realizzazione,1736000.0,1736000.0,5,5,1,1,4,0,1
F15E22000470006,Calabria,029,078,078029,In Corso,ESECUZIONE LAVORI,ASILI NIDO,Esecuzione lavori,0,0,0,2022-11-14,,2026-09-30,2022.0,0,NUOVA REALIZZAZIONE,Nuova realizzazione,3156534.38,2869576.71,5,14,1,1,5,1,1
F15E22000480006,Lazio,059,057,057059,In Corso,ESECUZIONE LAVORI,ASILI NIDO,Esecuzione lavori,0,0,0,2022-09-08,,2026-06-30,2022.0,0,NUOVA REALIZZAZIONE,Nuova realizzazione,1800449.5,1800449.5,7,5,1,1,6,0,1
F15E22000490006,Calabria,010,101,101010,In Corso,ESECUZIONE LAVORI,ASILI NIDO,Esecuzione lavori,0,0,0,2023-02-12,,2026-06-30,2023.0,0,NUOVA REALIZZAZIONE,Nuova realizzazione,1234307.43,1200000.0,6,7,1,1,5,0,1
F15E22000500006,Calabria,010,101,101010,In Corso,ESECUZIONE LAVORI,ASILI NIDO,Esecuzione lavori,0,0,0,2023-04-18,,2026-06-30,2023.0,0,NUOVA REALIZZAZIONE,Nuova realizzazione,1086258.77,1032000.0,4,3,1,1,3,0,1
F15E24000080006,Molise,031,070,070031,In Corso,COLLAUDO,ASILI NIDO,Collaudo non concluso,0,1,0,2024-07-19,,2026-05-30,2024.0,0,NUOVA REALIZZAZIONE,Nuova realizzazione,626000.0,576000.0,4,5,1,1,3,0,1
F15E24000090006,Puglia,012,074,074012,In Corso,COLLAUDO,ASILI NIDO,Collaudo non concluso,0,1,0,2024-10-15,,2026-06-30,2024.0,0,NUOVA REALIZZAZIONE,Nuova realizzazione,1440000.0,1440000.0,2,1,1,1,1,0,1
F15E24000100006,Campania,048,061,061048,In Corso,COLLAUDO,ASILI NIDO,Collaudo non concluso,0,1,0,2024-06-24,,2026-06-30,2024.0,0,NUOVA REALIZZAZIONE,Nuova realizzazione,1728000.0,1728000.0,5,6,1,1,4,0,1
F15E24000120001,Veneto,036,027,027036,In Corso,ESECUZIONE LAVORI,ASILI NIDO,Esecuzione lavori,0,0,0,2024-10-24,,2026-06-30,2024.0,0,NUOVA REALIZZAZIONE,Nuova realizzazione,1500000.0,864000.0,3,3,1,1,3,1,1
F15E24000140006,Puglia,016,072,072016,In Corso,COLLAUDO,ASILI NIDO,Collaudo non concluso,0,1,0,2024-10-03,,2026-06-30,2024.0,0,NUOVA REALIZZAZIONE,Nuova realizzazione,1008000.0,1008000.0,4,3,1,1,3,0,1
F15E24000150006,Campania,130,065,065130,In Corso,ESECUZIONE LAVORI,ASILI NIDO,Esecuzione lavori,0,0,0,2024-09-06,,2026-06-30,2024.0,0,NUOVA REALIZZAZIONE,Nuova realizzazione,1000500.0,672000.0,8,8,1,1,7,0,1
F15E24000160006,Lazio,120,058,058120,In Corso,ESECUZIONE LAVORI,ASILI NIDO,Esecuzione lavori,0,0,0,2024-07-09,,2026-06-30,2024.0,0,NUOVA REALIZZAZIONE,Nuova realizzazione,3200000.0,2160000.0,3,6,1,1,0,0,1
F15E24000180006,Calabria,029,078,078029,In Corso,ESECUZIONE LAVORI,ASILI NIDO,Esecuzione lavori,0,0,0,2025-08-14,,2026-08-31,2025.0,0,NUOVA REALIZZAZIONE,Nuova realizzazione,3017250.0,3017250.0,1,2,1,1,0,0,1
F15E25000070006,Calabria,010,101,101010,In Corso,Fase non disponibile,ASILI NIDO,Fase non disponibile,0,0,0,,,,,0,NUOVA REALIZZAZIONE,Nuova realizzazione,1200000.0,1200000.0,1,1,1,0,1,0,1
F15E25000080006,Calabria,010,101,101010,In Corso,Fase non disponibile,ASILI NIDO,Fase non disponibile,0,0,0,,,,,0,NUOVA REALIZZAZIONE,Nuova realizzazione,600000.0,600000.0,0,0,0,0,0,0,1
F15E25000090006,Calabria,010,101,101010,In Corso,Fase non disponibile,ASILI NIDO,Fase non disponibile,0,0,0,,,,,0,NUOVA REALIZZAZIONE,Nuova realizzazione,360000.0,360000.0,0,0,0,0,0,0,1
F15E25000100006,Calabria,044,102,102044,In Corso,ESECUZIONE LAVORI,ASILI NIDO,Esecuzione lavori,0,0,0,2025-05-23,,2026-08-31,2025.0,0,NUOVA REALIZZAZIONE,Nuova realizzazione,480000.0,480000.0,3,2,1,0,3,0,1
F15E25000130006,Emilia-Romagna,015,099,099015,In Corso,COLLAUDO,ASILI NIDO,Collaudo non concluso,0,1,0,2025-08-08,,2026-06-30,2025.0,0,NUOVA REALIZZAZIONE,Nuova realizzazione,630000.0,480000.0,6,6,1,1,5,0,1
F15E25000240006,Calabria,097,080,080097,In Corso,Fase non disponibile,ASILI NIDO,Fase non disponibile,0,0,0,,,,,0,NUOVA REALIZZAZIONE,Nuova realizzazione,576000.0,576000.0,0,0,0,0,0,0,1
F15E25000260006,Calabria,016,080,080016,In Corso,ESECUZIONE LAVORI,ASILI NIDO,Esecuzione lavori,0,0,0,2025-09-17,,2026-06-30,2025.0,0,NUOVA REALIZZAZIONE,Nuova realizzazione,576000.0,576000.0,2,2,1,0,2,0,1
F16F22000140006,Calabria,019,101,101019,In Corso,ESECUZIONE LAVORI,ASILI NIDO,Esecuzione lavori,0,0,0,2023-03-06,,2025-12-31,2023.0,0,DEMOLIZIONE,Demolizione/ricostruzione,1800000.0,1800000.0,7,1,1,1,6,0,1
F16F24000080006,Sicilia,037,087,087037,In Corso,ESECUZIONE LAVORI,ASILI NIDO,Esecuzione lavori,0,0,0,2024-09-05,,2026-06-30,2024.0,0,DEMOLIZIONE,Demolizione/ricostruzione,1241565.0,1008000.0,4,4,1,1,2,0,1
F18H21000020006,Abruzzo,038,067,067038,In Corso,COLLAUDO,ASILI NIDO,Collaudo non concluso,0,1,0,2022-10-21,,2026-06-30,2022.0,0,AMPLIAMENTO (COMPRESA SOPRAELEVAZIONE) O POTENZIAMENTO,Ampliamento,486200.0,442000.0,4,4,1,1,3,0,1
F18H22000030006,Campania,010,062,062010,Concluso,COLLAUDO,ASILI NIDO,Concluso,1,1,1,2022-02-25,2025-11-28,2026-03-07,2022.0,0,AMPLIAMENTO (COMPRESA SOPRAELEVAZIONE) O POTENZIAMENTO,Ampliamento,782056.0,710960.0,3,2,1,1,2,0,1
F18H22000110006,Calabria,016,080,080016,In Corso,COLLAUDO,ASILI NIDO,Collaudo non concluso,0,1,0,2022-11-17,,2026-06-30,2022.0,0,RISTRUTTURAZIONE (PER CAMBIO DI DESTINAZIONE D'USO),Ristrutturazione/recupero,143000.0,143000.0,2,2,1,1,2,0,1
F18H22000150001,Piemonte,106,003,003106,In Corso,COLLAUDO,ASILI NIDO,Collaudo non concluso,0,1,0,2021-12-02,,2026-06-30,2021.0,0,RISTRUTTURAZIONE (PER CAMBIO DI DESTINAZIONE D'USO),Ristrutturazione/recupero,1711097.7,952367.0,5,5,1,1,4,1,1
F18H22001420006,Lombardia,105,016,016105,In Corso,COLLAUDO,ASILI NIDO,Collaudo non concluso,0,1,0,2024-09-30,,2026-06-30,2024.0,0,AMPLIAMENTO (COMPRESA SOPRAELEVAZIONE) O POTENZIAMENTO,Ampliamento,936000.0,480000.0,6,5,1,1,5,0,1
F18H24000180006,Calabria,097,080,080097,In Corso,COLLAUDO,ASILI NIDO,Collaudo non concluso,0,1,0,2024-11-15,,2026-06-30,2024.0,0,RISTRUTTURAZIONE (PER CAMBIO DI DESTINAZIONE D'USO),Ristrutturazione/recupero,560000.0,560000.0,6,6,1,1,5,0,1
F18H25000840006,Veneto,002,026,026002,In Corso,COLLAUDO,ASILI NIDO,Collaudo non concluso,0,1,0,2025-08-08,,2026-06-30,2025.0,0,RISTRUTTURAZIONE (PER CAMBIO DI DESTINAZIONE D'USO),Ristrutturazione/recupero,1250000.0,576000.0,6,6,1,1,5,0,1
F18H25000850006,Campania,130,065,065130,In Corso,ESECUZIONE LAVORI,ASILI NIDO,Esecuzione lavori,0,0,0,2025-07-01,,2026-06-30,2025.0,0,RISTRUTTURAZIONE (PER CAMBIO DI DESTINAZIONE D'USO),Ristrutturazione/recupero,560000.0,560000.0,1,1,1,0,1,0,1
F21B19000680001,Marche,053,043,043053,In Corso,ESECUZIONE LAVORI,ASILI NIDO,Esecuzione lavori,0,0,0,2022-10-11,,2026-06-30,2022.0,1,NUOVA REALIZZAZIONE,Nuova realizzazione,3300000.0,3000000.0,17,22,1,1,17,1,1
F21B21001380001,Sicilia,009,088,088009,In Corso,ESECUZIONE LAVORI,ASILI NIDO,Esecuzione lavori,0,0,0,2022-11-27,,2026-06-30,2022.0,1,NUOVA REALIZZAZIONE,Nuova realizzazione,3300000.0,3000000.0,5,5,1,1,3,0,1
F21B21001470001,Toscana,012,051,051012,In Corso,COLLAUDO,SERVIZI PER L'INFANZIA,Collaudo non concluso,0,1,0,2021-03-25,,2026-06-30,2021.0,1,NUOVA REALIZZAZIONE,Nuova realizzazione,4851281.75,2183000.0,10,10,1,1,9,0,1
F21B21001590001,Campania,025,064,064025,In Corso,ESECUZIONE LAVORI,"EDIFICI SOCIALI, CULTURALI E ASSISTENZIALI",Esecuzione lavori,0,0,0,2023-04-15,,2026-08-30,2023.0,1,NUOVA REALIZZAZIONE,Nuova realizzazione,1787296.18,1787296.18,4,1,1,1,3,0,1
F21B21006510006,Lombardia,048,108,108048,In Corso,COLLAUDO,ASILI NIDO,Collaudo non concluso,0,1,0,2023-02-27,,2026-06-30,2023.0,0,NUOVA REALIZZAZIONE,Nuova realizzazione,1814400.0,1680000.0,4,5,1,1,3,1,1
F21B22000690006,Piemonte,022,005,005022,In Corso,ESECUZIONE LAVORI,SCUOLE MATERNE,Esecuzione lavori,0,0,0,2021-12-20,,2026-06-30,2021.0,0,NUOVA REALIZZAZIONE,Nuova realizzazione,5372400.0,4884000.0,7,13,1,1,6,0,1
F21B22000980006,Piemonte,309,001,001309,In Corso,COLLAUDO,ASILI NIDO,Collaudo non concluso,0,1,0,2022-10-21,,2026-06-30,2022.0,0,NUOVA REALIZZAZIONE,Nuova realizzazione,2160000.0,1640000.0,9,8,1,1,8,1,1
F21B22000990006,Sicilia,009,088,088009,In Corso,ESECUZIONE LAVORI,SCUOLE MATERNE,Esecuzione lavori,0,0,0,2022-10-21,,2026-06-30,2022.0,0,NUOVA REALIZZAZIONE,Nuova realizzazione,6810000.0,5800000.0,6,6,1,1,4,0,1
F23C22000010007,Lombardia,232,016,016232,Concluso,COLLAUDO,SCUOLE MATERNE,Concluso,1,1,1,2022-08-31,2025-12-30,2025-12-31,2022.0,0,RISTRUTTURAZIONE CON EFFICIENTAMENTO ENERGETICO,Ristrutturazione/recupero,1300000.0,1300000.0,2,2,1,1,1,0,1
F23C22000320006,Campania,149,065,065149,In Corso,ESECUZIONE LAVORI,ASILI NIDO,Esecuzione lavori,0,0,0,2022-03-01,,2026-12-31,2022.0,0,RISTRUTTURAZIONE CON EFFICIENTAMENTO ENERGETICO,Ristrutturazione/recupero,884026.0,803660.0,5,5,1,1,4,0,1
F23C22000330006,Campania,056,062,062056,Concluso,COLLAUDO,ASILI NIDO,Concluso,1,1,1,2023-04-27,2024-09-25,2024-09-25,2023.0,0,RISTRUTTURAZIONE CON EFFICIENTAMENTO ENERGETICO,Ristrutturazione/recupero,450000.0,450000.0,2,2,1,1,1,0,1
F23C24000380006,Liguria,060,010,010060,In Corso,Fase non disponibile,ASILI NIDO,Fase non disponibile,0,0,0,,,,,0,RISTRUTTURAZIONE CON EFFICIENTAMENTO ENERGETICO,Ristrutturazione/recupero,400000.0,400000.0,0,0,0,0,0,0,1
F23C24000470006,Campania,032,065,065032,In Corso,ESECUZIONE LAVORI,SCUOLE MATERNE,Esecuzione lavori,0,0,0,2024-07-04,,2026-06-30,2024.0,0,RISTRUTTURAZIONE CON EFFICIENTAMENTO ENERGETICO,Ristrutturazione/recupero,480000.0,480000.0,4,4,1,1,3,0,1
F23C24001330006,Liguria,060,010,010060,In Corso,ESECUZIONE LAVORI,ASILI NIDO,Esecuzione lavori,0,0,0,,,,,0,RISTRUTTURAZIONE CON EFFICIENTAMENTO ENERGETICO,Ristrutturazione/recupero,400000.0,400000.0,3,2,1,1,2,0,1
F23C25000130006,Campania,032,065,065032,In Corso,ESECUZIONE LAVORI,ASILI NIDO,Esecuzione lavori,0,0,0,2025-09-08,,2026-06-30,2025.0,0,RISTRUTTURAZIONE CON EFFICIENTAMENTO ENERGETICO,Ristrutturazione/recupero,576000.0,576000.0,2,2,1,1,1,0,1
F24E21000510001,Campania,149,065,065149,In Corso,ESECUZIONE LAVORI,"EDIFICI SOCIALI, CULTURALI E ASSISTENZIALI",Esecuzione lavori,0,0,0,2022-11-07,,2026-12-31,2022.0,1,RISTRUTTURAZIONE (PER CAMBIO DI DESTINAZIONE D'USO),Ristrutturazione/recupero,2156000.0,1960000.0,7,7,1,1,6,0,1
F24E21006510006,Veneto,048,026,026048,In Corso,COLLAUDO,SCUOLE MATERNE,Collaudo non concluso,0,1,0,2022-11-18,,2026-06-30,2022.0,0,AMPLIAMENTO (COMPRESA SOPRAELEVAZIONE) O POTENZIAMENTO,Ampliamento,2700000.0,1920000.0,5,10,1,1,4,0,1
F24E22000080006,Campania,013,061,061013,In Corso,ESECUZIONE LAVORI,ASILI NIDO,Esecuzione lavori,0,0,0,,,2025-12-31,,0,AMPLIAMENTO (COMPRESA SOPRAELEVAZIONE) O POTENZIAMENTO,Ampliamento,2794000.0,2540000.0,2,1,1,1,2,1,1
F25E22000040006,Puglia,028,071,071028,In Corso,ESECUZIONE LAVORI,SCUOLE MATERNE,Esecuzione lavori,0,0,0,2022-11-15,,2026-08-31,2022.0,0,NUOVA REALIZZAZIONE,Nuova realizzazione,1826000.0,1660000.0,6,6,1,1,5,1,1
F25E22000170006,Lombardia,193,013,013193,In Corso,ESECUZIONE LAVORI,ASILI NIDO,Esecuzione lavori,0,0,0,2022-12-16,,2026-12-31,2022.0,0,NUOVA REALIZZAZIONE,Nuova realizzazione,1307282.57,1150000.0,12,13,1,1,11,0,1
F25E22000220006,Sicilia,009,088,088009,In Corso,COLLAUDO,ASILI NIDO,Collaudo non concluso,0,1,0,2022-11-15,,2026-06-30,2022.0,0,NUOVA REALIZZAZIONE,Nuova realizzazione,1468332.2,1250000.0,5,5,1,1,4,0,1
F25E22000230006,Calabria,057,078,078057,In Corso,ESECUZIONE LAVORI,ASILI NIDO,Esecuzione lavori,0,0,0,2023-03-07,,2026-06-30,2023.0,0,DEMOLIZIONE,Demolizione/ricostruzione,1429740.0,1429740.0,4,4,1,1,3,0,1
F25E22000240001,Puglia,046,071,071046,In Corso,COLLAUDO,ASILI NIDO,Collaudo non concluso,0,1,0,2023-01-13,,2026-06-30,2023.0,0,NUOVA REALIZZAZIONE,Nuova realizzazione,1804018.91,1440000.0,4,4,1,1,3,0,1
F25E24000160006,Puglia,046,071,071046,In Corso,COLLAUDO,ASILI NIDO,Collaudo non concluso,0,1,0,2024-06-13,,2026-06-30,2024.0,0,NUOVA REALIZZAZIONE,Nuova realizzazione,1440000.0,1440000.0,8,9,1,1,7,0,1
F25E24000170006,Campania,025,064,064025,In Corso,ESECUZIONE LAVORI,ASILI NIDO,Esecuzione lavori,0,0,0,2024-12-10,,2026-08-30,2024.0,0,NUOVA REALIZZAZIONE,Nuova realizzazione,768000.0,768000.0,2,1,1,1,1,0,1
F25E24000180001,Sicilia,009,088,088009,In Corso,ESECUZIONE LAVORI,ASILI NIDO,Esecuzione lavori,0,0,0,2024-07-11,,2026-07-31,2024.0,0,NUOVA REALIZZAZIONE,Nuova realizzazione,1270000.0,720000.0,7,7,1,1,6,0,1
F25E25000060006,Campania,018,063,063018,In Corso,ESECUZIONE LAVORI,ASILI NIDO,Esecuzione lavori,0,0,0,2025-07-01,,2026-06-30,2025.0,0,NUOVA REALIZZAZIONE,Nuova realizzazione,480000.0,480000.0,6,6,1,1,5,0,1
F25E25000130006,Veneto,084,026,026084,In Corso,ESECUZIONE LAVORI,ASILI NIDO,Esecuzione lavori,0,0,0,2025-07-01,,2026-06-30,2025.0,0,NUOVA REALIZZAZIONE,Nuova realizzazione,670000.0,576000.0,4,4,1,1,3,0,1
F26F22000000006,Campania,032,065,065032,In Corso,COLLAUDO,SCUOLE MATERNE,Collaudo non concluso,0,1,0,2023-05-19,,2026-06-30,2023.0,0,DEMOLIZIONE,Demolizione/ricostruzione,1935000.0,1935000.0,7,2,1,1,6,0,1
F26F22000130005,Basilicata,098,076,076098,In Corso,COLLAUDO,ASILI NIDO,Collaudo non concluso,0,1,0,2023-02-24,,2026-06-30,2023.0,0,RISTRUTTURAZIONE CON EFFICIENTAMENTO ENERGETICO,Ristrutturazione/recupero,828000.0,828000.0,4,4,1,1,3,0,1
F27G22000010006,Sardegna,025,111,111025,Concluso,COLLAUDO,ASILI NIDO,Concluso,1,1,1,2023-07-28,2024-01-24,2025-12-31,2023.0,0,RECUPERO,Ristrutturazione/recupero,390000.0,390000.0,1,1,1,0,0,0,1
F27G22000020006,Lombardia,032,098,098032,Concluso,COLLAUDO,ASILI NIDO,Concluso,1,1,1,2023-03-13,2025-04-02,2026-06-30,2023.0,0,RECUPERO,Ristrutturazione/recupero,214500.0,145000.0,3,3,1,1,3,0,1
F27G25000060006,Lombardia,167,017,017167,In Corso,ESECUZIONE LAVORI,ASILI NIDO,Esecuzione lavori,0,0,0,,,2026-03-31,,0,RECUPERO,Ristrutturazione/recupero,320000.0,320000.0,1,1,1,0,0,0,1
F28E18000230006,Campania,038,062,062038,In Corso,ESECUZIONE LAVORI,ASILI NIDO,Esecuzione lavori,0,0,0,2018-06-01,,2026-06-30,2018.0,1,NUOVA REALIZZAZIONE,Nuova realizzazione,986362.21,896692.92,3,3,1,1,2,0,1
F28H21000060001,Emilia-Romagna,016,036,036016,In Corso,COLLAUDO,ASILI NIDO,Collaudo non concluso,0,1,0,2022-12-29,,2026-06-29,2022.0,0,AMPLIAMENTO (COMPRESA SOPRAELEVAZIONE) O POTENZIAMENTO,Ampliamento,267000.0,220000.0,2,2,1,1,1,0,1
F28H22000010006,Friuli-Venezia Giulia,039,093,093039,Concluso,COLLAUDO,SCUOLE MATERNE,Concluso,1,1,1,2023-02-01,2025-07-29,2025-12-31,2023.0,0,AMPLIAMENTO (COMPRESA SOPRAELEVAZIONE) O POTENZIAMENTO,Ampliamento,720000.0,445000.0,4,2,1,1,3,0,1
F28H22000040006,Trentino-Alto Adige,077,021,021077,Concluso,COLLAUDO,ASILI NIDO,Concluso,1,1,1,2022-11-15,2025-04-30,2025-05-01,2022.0,0,AMPLIAMENTO (COMPRESA SOPRAELEVAZIONE) O POTENZIAMENTO,Ampliamento,223344.1,115833.5,3,3,1,1,2,0,1
F28H22000050006,Trentino-Alto Adige,077,021,021077,Concluso,COLLAUDO,ASILI NIDO,Concluso,1,1,1,2022-10-13,2025-04-30,2025-05-01,2022.0,0,RISTRUTTURAZIONE (PER CAMBIO DI DESTINAZIONE D'USO),Ristrutturazione/recupero,374414.23,265708.91,3,4,1,1,2,0,1
F28H22000060006,Sardegna,061,111,111061,In Corso,COLLAUDO,ASILI NIDO,Collaudo non concluso,0,1,0,2023-03-07,,2026-06-30,2023.0,0,RISTRUTTURAZIONE (PER CAMBIO DI DESTINAZIONE D'USO),Ristrutturazione/recupero,357500.0,325000.0,2,2,1,1,1,0,1
F28H22000080006,Emilia-Romagna,045,035,035045,In Corso,COLLAUDO,ASILI NIDO,Collaudo non concluso,0,1,0,2022-02-07,,2026-06-30,2022.0,0,AMPLIAMENTO (COMPRESA SOPRAELEVAZIONE) O POTENZIAMENTO,Ampliamento,336700.0,297570.0,8,5,1,1,7,0,1
F28H22000310006,Emilia-Romagna,016,036,036016,In Corso,COLLAUDO,ASILI NIDO,Collaudo non concluso,0,1,0,2022-12-29,,2026-03-15,2022.0,0,AMPLIAMENTO (COMPRESA SOPRAELEVAZIONE) O POTENZIAMENTO,Ampliamento,21991.0,21991.0,2,2,1,1,2,0,1
F28H22000320006,Lombardia,111,018,018111,Concluso,COLLAUDO,ASILI NIDO,Concluso,1,1,1,2022-03-21,2024-04-23,2023-12-01,2022.0,0,AMPLIAMENTO (COMPRESA SOPRAELEVAZIONE) O POTENZIAMENTO,Ampliamento,35069.96,35069.0,1,1,1,1,1,0,1
F28H24000310006,Molise,059,070,070059,In Corso,COLLAUDO,ASILI NIDO,Collaudo non concluso,0,1,0,2024-08-08,,2026-06-30,2024.0,0,RISTRUTTURAZIONE (PER CAMBIO DI DESTINAZIONE D'USO),Ristrutturazione/recupero,480000.0,480000.0,3,3,1,1,2,0,1
F28H24000320006,Puglia,006,073,073006,In Corso,ESECUZIONE LAVORI,ASILI NIDO,Esecuzione lavori,0,0,0,2024-09-05,,2026-08-31,2024.0,0,RISTRUTTURAZIONE (PER CAMBIO DI DESTINAZIONE D'USO),Ristrutturazione/recupero,560000.0,560000.0,1,1,1,0,0,0,1
F28H24000340001,Sicilia,009,088,088009,In Corso,COLLAUDO,ASILI NIDO,Collaudo non concluso,0,1,0,2024-07-01,,2026-08-30,2024.0,0,RISTRUTTURAZIONE (PER CAMBIO DI DESTINAZIONE D'USO),Ristrutturazione/recupero,1190205.0,1140000.0,4,5,1,1,3,0,1
F28H24000420006,Lombardia,232,016,016232,In Corso,ESECUZIONE LAVORI,ASILI NIDO,Esecuzione lavori,0,0,0,2024-06-13,,2026-06-30,2024.0,0,AMPLIAMENTO (COMPRESA SOPRAELEVAZIONE) O POTENZIAMENTO,Ampliamento,576000.0,576000.0,1,1,1,1,0,0,1
F28H25001280006,Sardegna,043,111,111043,In Corso,COLLAUDO,ASILI NIDO,Collaudo non concluso,0,1,0,2025-04-22,,2026-06-30,2025.0,0,RISTRUTTURAZIONE (PER CAMBIO DI DESTINAZIONE D'USO),Ristrutturazione/recupero,1500000.0,1500000.0,3,3,1,1,2,0,1
F28H25001300006,Puglia,006,073,073006,In Corso,Fase non disponibile,ASILI NIDO,Fase non disponibile,0,0,0,,,,,0,RISTRUTTURAZIONE (PER CAMBIO DI DESTINAZIONE D'USO),Ristrutturazione/recupero,400000.0,400000.0,0,0,0,0,0,0,1
F28I22000020006,Molise,029,094,094029,In Corso,ESECUZIONE LAVORI,ASILI NIDO,Esecuzione lavori,0,0,0,2022-09-10,,2025-12-31,2022.0,0,RISTRUTTURAZIONE CON EFFICIENTAMENTO ENERGETICO,Ristrutturazione/recupero,566915.0,566915.0,4,1,1,1,3,0,1
F31B21001450001,Marche,058,041,041058,In Corso,COLLAUDO,ASILI NIDO,Collaudo non concluso,0,1,0,2022-08-18,,2026-06-30,2022.0,1,NUOVA REALIZZAZIONE,Nuova realizzazione,1386000.0,1260000.0,6,2,1,1,5,0,1
F31B22000300006,Toscana,017,049,049017,In Corso,COLLAUDO,SCUOLE MATERNE,Collaudo non concluso,0,1,0,2022-09-08,,2026-03-31,2022.0,0,NUOVA REALIZZAZIONE,Nuova realizzazione,3485279.09,2858500.0,5,8,1,1,4,0,1
F31B22000520006,Veneto,008,024,024008,In Corso,ESECUZIONE LAVORI,ASILI NIDO,Esecuzione lavori,0,0,0,2022-12-02,,2026-06-30,2022.0,0,NUOVA REALIZZAZIONE,Nuova realizzazione,4675000.0,4250000.0,8,8,1,1,7,0,1
F31B22000570006,Emilia-Romagna,004,038,038004,In Corso,COLLAUDO,ASILI NIDO,Collaudo non concluso,0,1,0,2022-02-08,,2026-06-30,2022.0,0,NUOVA REALIZZAZIONE,Nuova realizzazione,1292500.0,1175000.0,10,10,1,1,9,0,1
F31B22000590006,Abruzzo,038,068,068038,In Corso,ESECUZIONE LAVORI,SCUOLE MATERNE,Esecuzione lavori,0,0,0,2021-07-09,,2026-06-30,2021.0,0,NUOVA REALIZZAZIONE,Nuova realizzazione,1700000.0,1700000.0,3,3,1,1,3,0,1
F31B22000770006,Emilia-Romagna,024,037,037024,In Corso,ESECUZIONE LAVORI,SCUOLE MATERNE,Esecuzione lavori,0,0,0,2022-02-08,,2026-06-30,2022.0,0,NUOVA REALIZZAZIONE,Nuova realizzazione,8787574.1,5693710.07,17,13,1,1,16,0,1
F31B22000810006,Emilia-Romagna,006,037,037006,In Corso,ESECUZIONE LAVORI,SCUOLE MATERNE,Esecuzione lavori,0,0,0,2022-12-02,,2026-06-30,2022.0,0,NUOVA REALIZZAZIONE,Nuova realizzazione,5725799.0,4199800.0,6,11,1,1,6,2,1
F31I22000030006,Lombardia,034,012,012034,Concluso,COLLAUDO,SERVIZI PER L'INFANZIA,Concluso,1,1,1,2022-01-10,2026-05-31,2026-05-31,2022.0,0,MANUTENZIONE STRAORDINARIA CON EFFICIENTAMENTO ENERGETICO,Altro,950000.0,548944.0,5,5,1,1,3,0,1
F32C22000110006,Sicilia,021,087,087021,In Corso,COLLAUDO,ASILI NIDO,Collaudo non concluso,0,1,0,2022-12-22,,2026-06-30,2022.0,0,DEMOLIZIONE,Demolizione/ricostruzione,1021284.0,1021284.0,5,5,1,1,4,0,1
F33C22000220006,Lombardia,017,097,097017,Concluso,COLLAUDO,ASILI NIDO,Concluso,1,1,1,2022-09-08,2024-01-11,2024-01-11,2022.0,0,RISTRUTTURAZIONE CON EFFICIENTAMENTO ENERGETICO,Ristrutturazione/recupero,380000.0,380000.0,2,2,1,1,1,0,1
F33C25000530006,Calabria,027,080,080027,In Corso,Fase non disponibile,ASILI NIDO,Fase non disponibile,0,0,0,,,,,0,RISTRUTTURAZIONE CON EFFICIENTAMENTO ENERGETICO,Ristrutturazione/recupero,480000.0,480000.0,0,0,0,0,0,0,1
F33C25000580006,Sicilia,018,084,084018,In Corso,ESECUZIONE LAVORI,ASILI NIDO,Esecuzione lavori,0,0,0,2025-10-14,,2026-06-30,2025.0,0,RISTRUTTURAZIONE CON EFFICIENTAMENTO ENERGETICO,Ristrutturazione/recupero,400000.0,400000.0,2,1,1,1,1,0,1
F34E22000050006,Lombardia,013,018,018013,Concluso,COLLAUDO,SCUOLE MATERNE,Concluso,1,1,1,2023-07-14,2024-04-15,2026-06-30,2023.0,0,AMPLIAMENTO (COMPRESA SOPRAELEVAZIONE) O POTENZIAMENTO,Ampliamento,528355.0,391848.64,5,1,1,1,4,0,1
F34E22000060006,Marche,058,041,041058,In Corso,COLLAUDO,SCUOLE MATERNE,Collaudo non concluso,0,1,0,2023-02-01,,2026-06-30,2023.0,0,AMPLIAMENTO (COMPRESA SOPRAELEVAZIONE) O POTENZIAMENTO,Ampliamento,990000.0,900000.0,2,3,1,1,1,0,1
F34E22000130006,Emilia-Romagna,006,037,037006,In Corso,COLLAUDO,SCUOLE MATERNE,Collaudo non concluso,0,1,0,2022-07-01,,2026-06-30,2022.0,0,AMPLIAMENTO (COMPRESA SOPRAELEVAZIONE) O POTENZIAMENTO,Ampliamento,5781035.5,4020400.0,5,5,1,1,5,3,1
F35E21000110006,Sicilia,012,087,087012,In Corso,COLLAUDO,SCUOLE MATERNE,Collaudo non concluso,0,1,0,2023-01-18,,2026-06-30,2023.0,0,NUOVA REALIZZAZIONE,Nuova realizzazione,864000.0,864000.0,4,0,1,1,2,0,1
F35E22000040006,Campania,053,064,064053,In Corso,ESECUZIONE LAVORI,ASILI NIDO,Esecuzione lavori,0,0,0,2023-06-05,,2026-06-30,2023.0,0,NUOVA REALIZZAZIONE,Nuova realizzazione,1428000.0,1428000.0,6,1,1,1,5,0,1
F35E22000060006,Abruzzo,020,068,068020,In Corso,COLLAUDO,SCUOLE MATERNE,Collaudo non concluso,0,1,0,2023-04-01,,2026-06-30,2023.0,0,NUOVA REALIZZAZIONE,Nuova realizzazione,1089000.0,990000.0,4,4,1,1,3,0,1
F35E22000180006,Sicilia,001,088,088001,In Corso,ESECUZIONE LAVORI,SCUOLE MATERNE,Esecuzione lavori,0,0,0,2022-09-08,,2026-06-30,2022.0,0,NUOVA REALIZZAZIONE,Nuova realizzazione,2500000.0,2500000.0,4,4,1,0,3,0,1
F35E22000220006,Campania,012,062,062012,In Corso,COLLAUDO,SCUOLE MATERNE,Collaudo non concluso,0,1,0,2023-04-21,,2026-08-31,2023.0,0,NUOVA REALIZZAZIONE,Nuova realizzazione,2970000.0,2700000.0,3,6,1,1,1,0,1
F35E22000300006,Emilia-Romagna,006,037,037006,In Corso,ESECUZIONE LAVORI,ASILI NIDO,Esecuzione lavori,0,0,0,2022-03-31,,2026-06-30,2022.0,0,NUOVA REALIZZAZIONE,Nuova realizzazione,4558550.0,4065500.0,6,7,1,1,6,2,1
F35E22000310006,Emilia-Romagna,006,037,037006,In Corso,ESECUZIONE LAVORI,ASILI NIDO,Esecuzione lavori,0,0,0,2023-02-06,,2026-06-30,2023.0,0,NUOVA REALIZZAZIONE,Nuova realizzazione,5148109.0,4065500.0,9,14,1,1,8,2,1
F35E22000460006,Campania,059,061,061059,In Corso,ESECUZIONE LAVORI,SCUOLE MATERNE,Esecuzione lavori,0,0,0,,,2026-03-30,,0,NUOVA REALIZZAZIONE,Nuova realizzazione,897600.0,816000.0,3,1,1,1,2,0,1
F35E24000060006,Calabria,027,080,080027,In Corso,ESECUZIONE LAVORI,ASILI NIDO,Esecuzione lavori,0,0,0,,,,,0,NUOVA REALIZZAZIONE,Nuova realizzazione,576000.0,576000.0,4,3,1,1,3,0,1
F35E24000080006,Sicilia,048,087,087048,In Corso,ESECUZIONE LAVORI,ASILI NIDO,Esecuzione lavori,0,0,0,2024-05-23,,2026-06-30,2024.0,0,NUOVA REALIZZAZIONE,Nuova realizzazione,672000.0,672000.0,2,3,1,0,1,0,1
F35E24000090006,Abruzzo,018,069,069018,In Corso,COLLAUDO,ASILI NIDO,Collaudo non concluso,0,1,0,2024-05-28,,2026-06-30,2024.0,0,NUOVA REALIZZAZIONE,Nuova realizzazione,480000.0,480000.0,8,8,1,1,7,0,1
F35E24000100006,Lombardia,013,018,018013,In Corso,ESECUZIONE LAVORI,ASILI NIDO,Esecuzione lavori,0,0,0,2024-12-27,,2025-12-31,2024.0,0,NUOVA REALIZZAZIONE,Nuova realizzazione,576000.0,576000.0,1,0,1,1,0,0,1
F35E24000110006,Campania,082,063,063082,In Corso,COLLAUDO,ASILI NIDO,Collaudo non concluso,0,1,0,2024-07-11,,2026-06-30,2024.0,0,NUOVA REALIZZAZIONE,Nuova realizzazione,1008000.0,1008000.0,6,6,1,1,5,0,1
F35E25000030006,Sicilia,001,088,088001,In Corso,ESECUZIONE LAVORI,ASILI NIDO,Esecuzione lavori,0,0,0,,,,,0,NUOVA REALIZZAZIONE,Nuova realizzazione,1008000.0,1008000.0,4,3,1,1,3,0,1
F35E25000060006,Sicilia,027,084,084027,In Corso,ESECUZIONE LAVORI,ASILI NIDO,Esecuzione lavori,0,0,0,2025-09-22,,2026-06-30,2025.0,0,NUOVA REALIZZAZIONE,Nuova realizzazione,1416000.0,1416000.0,2,3,1,1,1,0,1
F35E25000130006,Lazio,023,058,058023,In Corso,ESECUZIONE LAVORI,ASILI NIDO,Esecuzione lavori,0,0,0,2025-09-18,,2026-06-30,2025.0,0,NUOVA REALIZZAZIONE,Nuova realizzazione,1200000.0,1200000.0,9,9,1,1,8,0,1
F35E25000140006,Sicilia,012,087,087012,In Corso,ESECUZIONE LAVORI,ASILI NIDO,Esecuzione lavori,0,0,0,2025-12-09,,2026-06-30,2025.0,0,NUOVA REALIZZAZIONE,Nuova realizzazione,576000.0,576000.0,1,1,1,0,1,0,1
F35J19000320003,Abruzzo,038,068,068038,Concluso,COLLAUDO,SCUOLE MATERNE,Concluso,1,1,1,2023-02-23,2025-12-23,2026-06-30,2023.0,1,RECUPERO,Ristrutturazione/recupero,1000000.0,1000000.0,2,2,1,1,1,0,1
F36F22000210006,Sicilia,048,087,087048,In Corso,COLLAUDO,SCUOLE MATERNE,Collaudo non concluso,0,1,0,2022-10-20,,2026-06-30,2022.0,0,DEMOLIZIONE,Demolizione/ricostruzione,638521.9,633000.0,1,1,1,1,0,0,1
F36F24000060006,Sicilia,027,084,084027,In Corso,STIPULA CONTRATTO,ASILI NIDO,Prima dell'esecuzione,0,0,0,2024-10-03,,2026-06-30,2024.0,0,DEMOLIZIONE,Demolizione/ricostruzione,1008000.0,1008000.0,2,2,1,1,1,0,1
F37F11000140001,Sicilia,027,084,084027,In Corso,ESECUZIONE LAVORI,"EDIFICI SOCIALI, CULTURALI E ASSISTENZIALI",Esecuzione lavori,0,0,0,2018-02-20,,2026-06-30,2018.0,1,RISTRUTTURAZIONE CON EFFICIENTAMENTO ENERGETICO,Ristrutturazione/recupero,1595000.0,1595000.0,2,2,1,1,0,0,1
F37G24000070006,Campania,006,065,065006,In Corso,COLLAUDO,ASILI NIDO,Collaudo non concluso,0,1,0,2024-11-13,,2026-02-24,2024.0,0,RECUPERO,Ristrutturazione/recupero,854552.9,400000.0,3,3,1,1,2,0,1
F38H22000180006,Sicilia,009,084,084009,In Corso,COLLAUDO,ASILI NIDO,Collaudo non concluso,0,1,0,2023-01-17,,2026-06-30,2023.0,0,AMPLIAMENTO (COMPRESA SOPRAELEVAZIONE) O POTENZIAMENTO,Ampliamento,455001.3,455001.3,1,1,1,1,1,0,1
F38H22000190006,Sicilia,027,084,084027,In Corso,ESECUZIONE LAVORI,ASILI NIDO,Esecuzione lavori,0,0,0,2022-03-30,,2026-06-30,2022.0,0,AMPLIAMENTO (COMPRESA SOPRAELEVAZIONE) O POTENZIAMENTO,Ampliamento,999264.15,999264.15,1,1,1,1,0,0,1
F38H22000200006,Puglia,005,074,074005,Concluso,COLLAUDO,ASILI NIDO,Concluso,1,1,1,2022-10-20,2026-01-15,2026-03-30,2022.0,0,AMPLIAMENTO (COMPRESA SOPRAELEVAZIONE) O POTENZIAMENTO,Ampliamento,691894.5,628995.0,3,4,1,1,2,0,1
F38H22000210006,Abruzzo,090,069,069090,In Corso,COLLAUDO,ASILI NIDO,Collaudo non concluso,0,1,0,2022-10-26,,2026-06-30,2022.0,0,AMPLIAMENTO (COMPRESA SOPRAELEVAZIONE) O POTENZIAMENTO,Ampliamento,455000.0,455000.0,8,8,1,1,7,0,1
F38H24001000006,Sicilia,012,087,087012,In Corso,ESECUZIONE LAVORI,ASILI NIDO,Esecuzione lavori,0,0,0,2024-08-05,,2026-06-30,2024.0,0,RISTRUTTURAZIONE (PER CAMBIO DI DESTINAZIONE D'USO),Ristrutturazione/recupero,400000.0,400000.0,2,2,1,1,1,0,1
F38H24001010006,Sicilia,001,088,088001,In Corso,ESECUZIONE LAVORI,ASILI NIDO,Esecuzione lavori,0,0,0,2024-09-11,,2026-06-30,2024.0,0,RISTRUTTURAZIONE (PER CAMBIO DI DESTINAZIONE D'USO),Ristrutturazione/recupero,840000.0,840000.0,2,2,1,1,1,0,1
F38H24001020001,Veneto,004,026,026004,In Corso,ESECUZIONE LAVORI,ASILI NIDO,Esecuzione lavori,0,0,0,2024-07-24,,2026-06-30,2024.0,0,AMPLIAMENTO (COMPRESA SOPRAELEVAZIONE) O POTENZIAMENTO,Ampliamento,650000.0,480000.0,4,4,1,1,3,0,1
F38H24001340006,Sicilia,018,084,084018,Concluso,COLLAUDO,ASILI NIDO,Concluso,1,1,1,2024-10-22,2026-04-01,2026-04-01,2024.0,0,RISTRUTTURAZIONE (PER CAMBIO DI DESTINAZIONE D'USO),Ristrutturazione/recupero,480000.0,480000.0,2,1,1,1,1,0,1
F38H25001130006,Abruzzo,020,068,068020,In Corso,STIPULA CONTRATTO,ASILI NIDO,Prima dell'esecuzione,0,0,0,2025-11-03,,2026-06-30,2025.0,0,AMPLIAMENTO (COMPRESA SOPRAELEVAZIONE) O POTENZIAMENTO,Ampliamento,480000.0,480000.0,6,5,1,1,5,0,1
F38H25001320006,Campania,053,064,064053,In Corso,ESECUZIONE LAVORI,ASILI NIDO,Esecuzione lavori,0,0,0,2025-12-22,,2026-06-30,2025.0,0,RISTRUTTURAZIONE (PER CAMBIO DI DESTINAZIONE D'USO),Ristrutturazione/recupero,600000.0,600000.0,3,4,1,1,2,0,1
F39J21002150001,Campania,089,064,064089,In Corso,ESECUZIONE LAVORI,ASILI NIDO,Esecuzione lavori,0,0,0,2021-05-19,,2026-03-31,2021.0,0,MANUTENZIONE STRAORDINARIA CON EFFICIENTAMENTO ENERGETICO,Altro,2500000.0,2500000.0,9,7,1,1,8,0,1
F39J22000000001,Veneto,009,028,028009,Concluso,COLLAUDO,SCUOLE MATERNE,Concluso,1,1,1,2022-02-22,2024-04-10,2024-12-31,2022.0,0,ALTRO,Altro,500000.0,500000.0,6,6,1,1,5,0,1
F41B21001600001,Umbria,032,055,055032,In Corso,COLLAUDO,SCUOLE MATERNE,Collaudo non concluso,0,1,0,2022-09-27,,2026-06-30,2022.0,1,MANUTENZIONE STRAORDINARIA DI ADEGUAMENTO SISMICO,Altro,1085700.0,987000.0,3,4,1,1,2,0,1
F41B21008650006,Marche,017,044,044017,Concluso,COLLAUDO,ASILI NIDO,Concluso,1,1,1,2022-12-20,2026-03-30,2026-03-30,2022.0,0,NUOVA REALIZZAZIONE,Nuova realizzazione,900000.0,729380.8,6,3,1,1,5,0,1
F43C21000150006,Calabria,104,078,078104,In Corso,COLLAUDO,SCUOLE MATERNE,Collaudo non concluso,0,1,0,2023-01-12,,2026-06-30,2023.0,0,RISTRUTTURAZIONE CON EFFICIENTAMENTO ENERGETICO,Ristrutturazione/recupero,581071.0,534423.0,3,3,1,1,2,0,1
F43C24000120006,Calabria,104,078,078104,In Corso,COLLAUDO,ASILI NIDO,Collaudo non concluso,0,1,0,2024-06-13,,2026-08-30,2024.0,0,RISTRUTTURAZIONE CON EFFICIENTAMENTO ENERGETICO,Ristrutturazione/recupero,400000.0,400000.0,5,5,1,1,4,0,1
F44E21000430005,Veneto,037,028,028037,In Corso,COLLAUDO,ASILI NIDO,Collaudo non concluso,0,1,0,2022-12-16,,2026-03-31,2022.0,1,AMPLIAMENTO (COMPRESA SOPRAELEVAZIONE) O POTENZIAMENTO,Ampliamento,300000.0,238820.69,7,6,1,1,6,0,1
F44E22000130006,Emilia-Romagna,013,034,034013,In Corso,COLLAUDO,ASILI NIDO,Collaudo non concluso,0,1,0,2023-02-01,,2026-06-30,2023.0,0,AMPLIAMENTO (COMPRESA SOPRAELEVAZIONE) O POTENZIAMENTO,Ampliamento,518400.0,518400.0,7,7,1,1,7,1,1
F45E22000020006,Umbria,032,055,055032,In Corso,ESECUZIONE LAVORI,ASILI NIDO,Esecuzione lavori,0,0,0,2022-09-08,,2026-08-31,2022.0,0,NUOVA REALIZZAZIONE,Nuova realizzazione,1475728.1,1341571.0,4,6,1,1,3,0,1
F45E22000050006,Trentino-Alto Adige,115,021,021115,Concluso,COLLAUDO,ASILI NIDO,Concluso,1,1,1,2022-12-01,2026-05-21,2026-06-30,2022.0,0,NUOVA REALIZZAZIONE,Nuova realizzazione,4054392.0,2254392.0,20,19,1,1,18,0,1
F45E22000100006,Calabria,147,079,079147,In Corso,COLLAUDO,ASILI NIDO,Collaudo non concluso,0,1,0,2022-11-15,,2026-06-30,2022.0,0,NUOVA REALIZZAZIONE,Nuova realizzazione,987066.73,897333.39,4,5,1,1,3,1,1
F45E22000170006,Sicilia,048,083,083048,In Corso,COLLAUDO,SCUOLE MATERNE,Collaudo non concluso,0,1,0,2023-01-16,,2026-06-30,2023.0,0,NUOVA REALIZZAZIONE,Nuova realizzazione,856152.0,778320.0,1,2,1,1,0,0,1
F45E24000020006,Calabria,149,078,078149,In Corso,ESECUZIONE LAVORI,ASILI NIDO,Esecuzione lavori,0,0,0,2024-08-12,,2026-06-30,2024.0,0,NUOVA REALIZZAZIONE,Nuova realizzazione,672000.0,672000.0,7,7,1,1,6,0,1
F45E24000030001,Veneto,037,028,028037,In Corso,COLLAUDO,ASILI NIDO,Collaudo non concluso,0,1,0,2024-10-11,,2026-06-30,2024.0,0,NUOVA REALIZZAZIONE,Nuova realizzazione,1170000.0,720000.0,6,6,1,1,5,0,1
F45E25000020006,Sardegna,018,111,111018,In Corso,ESECUZIONE LAVORI,ASILI NIDO,Esecuzione lavori,0,0,0,2025-06-10,,2026-06-30,2025.0,0,NUOVA REALIZZAZIONE,Nuova realizzazione,693900.86,480000.0,2,2,1,1,1,0,1
F45E25000030006,Campania,069,061,061069,In Corso,ESECUZIONE LAVORI,ASILI NIDO,Esecuzione lavori,0,0,0,2025-09-30,,2026-06-30,2025.0,0,NUOVA REALIZZAZIONE,Nuova realizzazione,480000.0,480000.0,5,4,1,1,4,0,1
F45E25000110006,Lazio,069,058,058069,In Corso,Fase non disponibile,ASILI NIDO,Fase non disponibile,0,0,0,,,,,0,NUOVA REALIZZAZIONE,Nuova realizzazione,480000.0,480000.0,0,0,0,0,0,0,1
F45F22000450006,Umbria,032,055,055032,In Corso,COLLAUDO,SERVIZI PER L'INFANZIA,Collaudo non concluso,0,1,0,2022-10-26,,2026-06-30,2022.0,0,MANUTENZIONE STRAORDINARIA PER MESSA IN SICUREZZA (ESCLUSO DISSESTO IDROGEOLOGICO),Altro,796510.0,724100.0,5,5,1,1,4,0,1
F47G21000010006,Calabria,104,078,078104,In Corso,COLLAUDO,ASILI NIDO,Collaudo non concluso,0,1,0,2022-11-24,,2026-06-30,2022.0,0,RECUPERO,Ristrutturazione/recupero,594917.4,540834.0,6,6,1,1,5,0,1
F47G22000050006,Sicilia,048,083,083048,In Corso,COLLAUDO,SCUOLE MATERNE,Collaudo non concluso,0,1,0,2022-11-03,,2026-06-30,2022.0,0,RECUPERO,Ristrutturazione/recupero,840569.4,764154.0,1,1,1,1,0,0,1
F47G22000060006,Sicilia,048,083,083048,In Corso,COLLAUDO,SCUOLE MATERNE,Collaudo non concluso,0,1,0,2022-11-17,,2026-06-30,2022.0,0,RECUPERO,Ristrutturazione/recupero,191909.6,174463.27,2,2,1,1,1,0,1
F48H22000010006,Trentino-Alto Adige,115,021,021115,Concluso,COLLAUDO,SCUOLE MATERNE,Concluso,1,1,1,2022-12-07,2026-03-11,2026-05-25,2022.0,0,AMPLIAMENTO (COMPRESA SOPRAELEVAZIONE) O POTENZIAMENTO,Ampliamento,4915910.87,2399302.31,13,10,1,1,11,0,1
F48H22000050006,Lazio,001,056,056001,In Corso,ESECUZIONE LAVORI,SCUOLE MATERNE,Esecuzione lavori,0,0,0,2023-02-20,,2026-05-30,2023.0,0,AMPLIAMENTO (COMPRESA SOPRAELEVAZIONE) O POTENZIAMENTO,Ampliamento,1430000.0,1300000.0,6,1,1,1,5,1,1
F48H22000070006,Sicilia,003,083,083003,In Corso,COLLAUDO,SCUOLE MATERNE,Collaudo non concluso,0,1,0,2022-02-01,,2026-06-30,2022.0,0,AMPLIAMENTO (COMPRESA SOPRAELEVAZIONE) O POTENZIAMENTO,Ampliamento,460000.0,460000.0,3,3,1,1,2,0,1
F48H25000300006,Marche,030,042,042030,In Corso,COLLAUDO,ASILI NIDO,Collaudo non concluso,0,1,0,2025-07-17,,2026-06-30,2025.0,0,RISTRUTTURAZIONE (PER CAMBIO DI DESTINAZIONE D'USO),Ristrutturazione/recupero,400000.0,400000.0,1,2,1,1,0,0,1
F48H25000310006,Umbria,032,055,055032,In Corso,AGGIUDICAZIONE,ASILI NIDO,Prima dell'esecuzione,0,0,0,2025-08-04,,2026-06-30,2025.0,0,RISTRUTTURAZIONE (PER CAMBIO DI DESTINAZIONE D'USO),Ristrutturazione/recupero,1000000.0,400000.0,1,1,1,0,1,0,1
F48H25000340006,Sicilia,025,081,081025,In Corso,COLLAUDO,ASILI NIDO,Collaudo non concluso,0,1,0,2025-08-04,,2026-06-30,2025.0,0,RISTRUTTURAZIONE (PER CAMBIO DI DESTINAZIONE D'USO),Ristrutturazione/recupero,860000.0,560000.0,1,1,1,0,0,0,1
F48H25000720006,Sicilia,003,083,083003,In Corso,ESECUZIONE LAVORI,ASILI NIDO,Esecuzione lavori,0,0,0,2025-10-20,,2026-06-30,2025.0,0,RISTRUTTURAZIONE (PER CAMBIO DI DESTINAZIONE D'USO),Ristrutturazione/recupero,400000.0,400000.0,2,2,1,1,1,0,1
F48I22000250006,Marche,003,042,042003,Concluso,COLLAUDO,ASILI NIDO,Concluso,1,1,1,2021-12-01,2026-04-07,2026-04-07,2021.0,0,RISTRUTTURAZIONE CON EFFICIENTAMENTO ENERGETICO,Ristrutturazione/recupero,1347063.65,1252800.0,5,7,1,1,4,0,1
F49J21003350001,Sicilia,048,083,083048,In Corso,COLLAUDO,ALTRE INFRASTRUTTURE,Collaudo non concluso,0,1,0,2022-09-28,,2026-06-30,2022.0,1,MANUTENZIONE STRAORDINARIA CON EFFICIENTAMENTO ENERGETICO,Altro,3300000.0,3000000.0,5,6,1,1,1,0,1
F49J21003360001,Sicilia,048,083,083048,In Corso,COLLAUDO,ALTRE INFRASTRUTTURE,Collaudo non concluso,0,1,0,2022-10-14,,2026-06-30,2022.0,1,MANUTENZIONE STRAORDINARIA CON EFFICIENTAMENTO ENERGETICO,Altro,2200000.0,2000000.0,5,7,1,1,0,0,1
F49J21003440001,Emilia-Romagna,014,038,038014,Concluso,COLLAUDO,ASILI NIDO,Concluso,1,1,1,2022-09-27,2024-05-22,2026-06-30,2022.0,1,MANUTENZIONE STRAORDINARIA CON EFFICIENTAMENTO ENERGETICO,Altro,322000.0,270000.0,7,8,1,1,7,2,1
F51B22000260006,Toscana,011,053,053011,In Corso,COLLAUDO,ASILI NIDO,Collaudo non concluso,0,1,0,2022-09-08,,2026-08-31,2022.0,0,NUOVA REALIZZAZIONE,Nuova realizzazione,1520000.0,1270000.0,9,9,1,1,8,0,1
F51B22000570006,Campania,001,064,064001,In Corso,ESECUZIONE LAVORI,ASILI NIDO,Esecuzione lavori,0,0,0,2022-10-26,,2026-06-30,2022.0,0,NUOVA REALIZZAZIONE,Nuova realizzazione,1161600.0,1056000.0,6,6,1,1,5,0,1
F51B22000790006,Puglia,059,075,075059,In Corso,ESECUZIONE LAVORI,ASILI NIDO,Esecuzione lavori,0,0,0,2023-06-28,,2026-06-30,2023.0,0,NUOVA REALIZZAZIONE,Nuova realizzazione,3550000.0,3550000.0,6,4,1,1,5,0,1
F51F19000010001,Campania,068,062,062068,In Corso,ESECUZIONE LAVORI,SCUOLE MATERNE,Esecuzione lavori,0,0,0,2023-02-13,,2025-12-31,2023.0,1,RISTRUTTURAZIONE CON EFFICIENTAMENTO ENERGETICO,Ristrutturazione/recupero,907273.89,907273.89,1,1,1,1,0,0,1
F52C21000530006,Campania,048,063,063048,In Corso,ESECUZIONE LAVORI,SCUOLE MATERNE,Esecuzione lavori,0,0,0,2022-10-26,,2026-07-31,2022.0,0,DEMOLIZIONE,Demolizione/ricostruzione,2944131.0,2944131.0,5,5,1,1,4,0,1
F52C22000100006,Calabria,130,079,079130,In Corso,COLLAUDO,SCUOLE MATERNE,Collaudo non concluso,0,1,0,2023-06-12,,2026-06-30,2023.0,0,DEMOLIZIONE,Demolizione/ricostruzione,2560000.0,2500000.0,11,9,1,1,10,0,1
F53B22000000006,Toscana,023,047,047023,Concluso,COLLAUDO,SERVIZI PER L'INFANZIA,Concluso,1,1,1,2022-12-29,2025-03-19,2026-06-30,2022.0,0,MANUTENZIONE STRAORDINARIA DI MIGLIORAMENTO SISMICO,Altro,459207.45,455000.0,7,8,1,1,6,0,1
F53C22000010006,Campania,057,063,063057,In Corso,COLLAUDO,ASILI NIDO,Collaudo non concluso,0,1,0,2022-09-08,,2026-06-30,2022.0,0,RISTRUTTURAZIONE CON EFFICIENTAMENTO ENERGETICO,Ristrutturazione/recupero,1541411.3,1310383.0,11,9,1,1,10,0,1
F53C22000030006,Calabria,105,078,078105,In Corso,COLLAUDO,SCUOLE MATERNE,Collaudo non concluso,0,1,0,2023-03-23,,2026-06-30,2023.0,0,RISTRUTTURAZIONE CON EFFICIENTAMENTO ENERGETICO,Ristrutturazione/recupero,706746.25,706746.25,4,3,1,1,3,0,1
F53C22000040006,Calabria,006,078,078006,In Corso,ESECUZIONE LAVORI,SCUOLE MATERNE,Esecuzione lavori,0,0,0,2023-05-04,,2026-06-30,2023.0,0,RISTRUTTURAZIONE CON EFFICIENTAMENTO ENERGETICO,Ristrutturazione/recupero,938700.0,938700.0,10,10,1,1,9,0,1
F53C24000290006,Calabria,130,079,079130,In Corso,ESECUZIONE LAVORI,ASILI NIDO,Esecuzione lavori,0,0,0,2024-09-17,,2026-06-30,2024.0,0,RISTRUTTURAZIONE CON EFFICIENTAMENTO ENERGETICO,Ristrutturazione/recupero,400000.0,400000.0,3,2,1,1,2,0,1
F53C25000170006,Sicilia,029,084,084029,In Corso,ESECUZIONE LAVORI,ASILI NIDO,Esecuzione lavori,0,0,0,2025-08-22,,2026-06-30,2025.0,0,RISTRUTTURAZIONE CON EFFICIENTAMENTO ENERGETICO,Ristrutturazione/recupero,640000.0,640000.0,4,4,1,1,3,0,1
F54E21001040001,Abruzzo,101,069,069101,In Corso,ESECUZIONE LAVORI,"EDIFICI SOCIALI, CULTURALI E ASSISTENZIALI",Esecuzione lavori,0,0,0,2021-03-22,,2026-06-30,2021.0,1,RISTRUTTURAZIONE (PER CAMBIO DI DESTINAZIONE D'USO),Ristrutturazione/recupero,1430000.0,1300000.0,6,2,1,1,5,0,1
F54I19000590004,Veneto,100,024,024100,Concluso,COLLAUDO,ASILI NIDO,Concluso,1,1,1,2021-03-22,2025-06-23,2026-06-30,2021.0,0,MANUTENZIONE STRAORDINARIA DI MIGLIORAMENTO SISMICO,Altro,126444.6,60000.0,9,10,1,1,8,0,1
F55E22000050006,Sicilia,001,089,089001,In Corso,COLLAUDO,ASILI NIDO,Collaudo non concluso,0,1,0,2022-09-08,,2026-06-30,2022.0,0,NUOVA REALIZZAZIONE,Nuova realizzazione,1140480.0,1036800.0,5,5,1,1,5,1,1
F55E22000070006,Abruzzo,011,069,069011,In Corso,ESECUZIONE LAVORI,ASILI NIDO,Esecuzione lavori,0,0,0,2023-11-24,,2026-06-30,2023.0,0,NUOVA REALIZZAZIONE,Nuova realizzazione,504000.0,504000.0,5,5,1,1,4,0,1
F55E22000080006,Puglia,047,072,072047,In Corso,ESECUZIONE LAVORI,SCUOLE MATERNE,Esecuzione lavori,0,0,0,2022-11-14,,2026-12-31,2022.0,0,NUOVA REALIZZAZIONE,Nuova realizzazione,2442000.0,2220000.0,3,3,1,1,3,1,1
F55E22000090008,Lombardia,154,016,016154,In Corso,ESECUZIONE LAVORI,ASILI NIDO,Esecuzione lavori,0,0,0,2023-06-12,,2026-12-31,2023.0,0,NUOVA REALIZZAZIONE,Nuova realizzazione,960000.0,960000.0,5,6,1,1,4,0,1
F55E22000130006,Calabria,078,078,078078,In Corso,COLLAUDO,ASILI NIDO,Collaudo non concluso,0,1,0,2023-05-04,,2026-06-30,2023.0,0,NUOVA REALIZZAZIONE,Nuova realizzazione,845448.0,845448.0,4,1,1,1,3,0,1
F55E22000170006,Sicilia,001,089,089001,In Corso,COLLAUDO,ASILI NIDO,Collaudo non concluso,0,1,0,2022-10-26,,2026-06-30,2022.0,0,NUOVA REALIZZAZIONE,Nuova realizzazione,1186685.5,1078805.0,5,5,1,1,5,1,1
F55E22000180006,Calabria,114,078,078114,In Corso,COLLAUDO,ASILI NIDO,Collaudo non concluso,0,1,0,2023-01-02,,2026-06-30,2023.0,0,NUOVA REALIZZAZIONE,Nuova realizzazione,902419.0,902419.0,8,4,1,1,7,0,1
F55E22000280006,Piemonte,072,103,103072,In Corso,COLLAUDO,ASILI NIDO,Collaudo non concluso,0,1,0,2022-10-26,,2026-06-30,2022.0,0,NUOVA REALIZZAZIONE,Nuova realizzazione,3044000.0,2144000.0,7,7,1,1,5,0,1
F55E22000300006,Basilicata,074,076,076074,In Corso,ESECUZIONE LAVORI,ASILI NIDO,Esecuzione lavori,0,0,0,2023-05-30,,2026-06-30,2023.0,0,NUOVA REALIZZAZIONE,Nuova realizzazione,1107527.3,1006843.0,5,2,1,1,4,0,1
F55E24000050006,Sicilia,001,089,089001,In Corso,ESECUZIONE LAVORI,ASILI NIDO,Esecuzione lavori,0,0,0,2024-06-13,,2026-06-30,2024.0,0,NUOVA REALIZZAZIONE,Nuova realizzazione,2016000.0,2016000.0,5,5,1,1,4,2,1
F55E24000090006,Veneto,101,028,028101,In Corso,ESECUZIONE LAVORI,ASILI NIDO,Esecuzione lavori,0,0,0,2024-08-19,,2026-03-31,2024.0,0,NUOVA REALIZZAZIONE,Nuova realizzazione,645000.0,480000.0,4,4,1,1,3,0,1
F55E25000030006,Calabria,012,102,102012,In Corso,Fase non disponibile,ASILI NIDO,Fase non disponibile,0,0,0,,,,,0,NUOVA REALIZZAZIONE,Nuova realizzazione,480000.0,480000.0,0,0,0,0,0,0,1
F55E25000040006,Sicilia,009,085,085009,In Corso,ESECUZIONE LAVORI,ASILI NIDO,Esecuzione lavori,0,0,0,2025-10-14,,2026-06-30,2025.0,0,NUOVA REALIZZAZIONE,Nuova realizzazione,1008000.0,1008000.0,2,1,1,1,1,0,1
F56F22000020006,Piemonte,234,004,004234,Concluso,COLLAUDO,ASILI NIDO,Concluso,1,1,1,2023-03-07,2025-09-11,2026-06-30,2023.0,0,DEMOLIZIONE,Demolizione/ricostruzione,250000.0,250000.0,2,2,1,1,1,0,1
F57G22000010006,Lazio,014,059,059014,In Corso,ESECUZIONE LAVORI,ASILI NIDO,Esecuzione lavori,0,0,0,2022-01-03,,2026-06-30,2022.0,0,RECUPERO,Ristrutturazione/recupero,814457.61,740416.01,11,8,1,1,10,0,1
F57G25000610006,Sardegna,073,111,111073,In Corso,COLLAUDO,ASILI NIDO,Collaudo non concluso,0,1,0,,,2026-06-30,,0,RECUPERO,Ristrutturazione/recupero,600000.0,600000.0,1,0,1,0,1,0,1
F57H21001680005,Campania,057,063,063057,In Corso,ESECUZIONE LAVORI,ASILI NIDO,Esecuzione lavori,0,0,0,2021-03-22,,2026-08-30,2021.0,1,MANUTENZIONE STRAORDINARIA,Altro,2904153.21,2640139.28,7,6,1,1,6,0,1
F57H21001720001,Molise,014,094,094014,In Corso,ESECUZIONE LAVORI,SCUOLE MATERNE,Esecuzione lavori,0,0,0,2023-03-31,,2026-06-30,2023.0,1,MANUTENZIONE STRAORDINARIA,Altro,2947000.0,2947000.0,7,3,1,1,6,0,1
F57H21001990001,Abruzzo,053,066,066053,In Corso,COLLAUDO,ALTRE INFRASTRUTTURE,Collaudo non concluso,0,1,0,2022-08-01,,2026-06-30,2022.0,1,MANUTENZIONE STRAORDINARIA,Altro,3240000.0,3000000.0,12,14,1,1,7,0,1
F58H22000000006,Puglia,059,075,075059,In Corso,ESECUZIONE LAVORI,SCUOLE MATERNE,Esecuzione lavori,0,0,0,2023-03-07,,2026-06-30,2023.0,0,AMPLIAMENTO (COMPRESA SOPRAELEVAZIONE) O POTENZIAMENTO,Ampliamento,2640000.0,2400000.0,1,1,1,1,0,0,1
F58H22000010006,Trentino-Alto Adige,249,022,022249,In Corso,COLLAUDO,ASILI NIDO,Collaudo non concluso,0,1,0,2022-10-20,,2026-06-30,2022.0,0,RISTRUTTURAZIONE (PER CAMBIO DI DESTINAZIONE D'USO),Ristrutturazione/recupero,2589211.16,1499793.0,23,24,1,1,22,0,1
F58H22000020006,Basilicata,009,077,077009,In Corso,COLLAUDO,SCUOLE MATERNE,Collaudo non concluso,0,1,0,2023-02-18,,2026-06-30,2023.0,0,AMPLIAMENTO (COMPRESA SOPRAELEVAZIONE) O POTENZIAMENTO,Ampliamento,293731.39,293731.39,2,2,1,1,1,0,1
F58H22000060006,Sardegna,005,091,091005,In Corso,ESECUZIONE LAVORI,ASILI NIDO,Esecuzione lavori,0,0,0,2022-08-08,,2026-06-30,2022.0,0,AMPLIAMENTO (COMPRESA SOPRAELEVAZIONE) O POTENZIAMENTO,Ampliamento,484000.0,440000.0,4,2,1,1,3,0,1
F58H24000240006,Sicilia,009,085,085009,In Corso,ESECUZIONE LAVORI,ASILI NIDO,Esecuzione lavori,0,0,0,2024-05-16,,2026-06-30,2024.0,0,RISTRUTTURAZIONE (PER CAMBIO DI DESTINAZIONE D'USO),Ristrutturazione/recupero,840000.0,840000.0,3,2,1,1,2,0,1
F58H25000410006,Campania,068,062,062068,In Corso,ESECUZIONE LAVORI,ASILI NIDO,Esecuzione lavori,0,0,0,2025-07-18,,2026-06-30,2025.0,0,RISTRUTTURAZIONE (PER CAMBIO DI DESTINAZIONE D'USO),Ristrutturazione/recupero,480000.0,480000.0,1,1,1,0,0,0,1
F58H25000440006,Abruzzo,053,066,066053,In Corso,COLLAUDO,ASILI NIDO,Collaudo non concluso,0,1,0,,,,,0,RISTRUTTURAZIONE (PER CAMBIO DI DESTINAZIONE D'USO),Ristrutturazione/recupero,480000.0,480000.0,3,3,1,1,2,0,1
F58H25000470006,Campania,057,063,063057,In Corso,ESECUZIONE LAVORI,ASILI NIDO,Esecuzione lavori,0,0,0,2025-03-17,,2027-06-30,2025.0,0,RISTRUTTURAZIONE (PER CAMBIO DI DESTINAZIONE D'USO),Ristrutturazione/recupero,1392000.0,1392000.0,1,1,1,0,1,0,1
F58H25000480006,Campania,134,065,065134,Concluso,COLLAUDO,ASILI NIDO,Concluso,1,1,1,2026-01-16,2026-03-31,2026-03-31,2026.0,0,AMPLIAMENTO (COMPRESA SOPRAELEVAZIONE) O POTENZIAMENTO,Ampliamento,400000.0,400000.0,3,3,1,1,2,0,1
F58I22000350006,Liguria,002,009,009002,Concluso,COLLAUDO,ASILI NIDO,Concluso,1,1,1,2022-02-22,2025-01-20,2025-01-20,2022.0,0,RISTRUTTURAZIONE CON EFFICIENTAMENTO ENERGETICO,Ristrutturazione/recupero,1430000.0,1430000.0,7,5,1,1,6,1,1
F59J21002290001,Calabria,006,078,078006,In Corso,ESECUZIONE LAVORI,"EDIFICI SOCIALI, CULTURALI E ASSISTENZIALI",Esecuzione lavori,0,0,0,2023-01-31,,2026-06-30,2023.0,1,MANUTENZIONE STRAORDINARIA CON EFFICIENTAMENTO ENERGETICO,Altro,818907.0,818907.0,5,3,1,1,4,0,1
F61B21001600001,Campania,099,065,065099,In Corso,ESECUZIONE LAVORI,ASILI NIDO,Esecuzione lavori,0,0,0,2021-03-01,,2027-07-01,2021.0,1,NUOVA REALIZZAZIONE,Nuova realizzazione,3928573.0,3000000.0,6,6,1,1,3,0,1
F61B21001630001,Piemonte,106,001,001106,In Corso,ESECUZIONE LAVORI,ASILI NIDO,Esecuzione lavori,0,0,0,2021-04-05,,2026-12-31,2021.0,1,NUOVA REALIZZAZIONE,Nuova realizzazione,3300000.0,3000000.0,7,9,1,1,6,0,1
F61B21001850001,Puglia,059,071,071059,In Corso,ESECUZIONE LAVORI,SCUOLE MATERNE,Esecuzione lavori,0,0,0,2021-03-22,,2026-06-30,2021.0,1,NUOVA REALIZZAZIONE,Nuova realizzazione,3080000.0,2800000.0,9,9,1,1,8,0,1
F61B21001920001,Campania,117,065,065117,In Corso,COLLAUDO,ASILI NIDO,Collaudo non concluso,0,1,0,2022-12-28,,2026-05-30,2022.0,1,NUOVA REALIZZAZIONE,Nuova realizzazione,1100000.0,990900.0,7,1,1,1,6,0,1
F61B21006520006,Sardegna,043,095,095043,In Corso,COLLAUDO,SCUOLE MATERNE,Collaudo non concluso,0,1,0,,,2026-06-30,,0,NUOVA REALIZZAZIONE,Nuova realizzazione,1394976.0,1268160.0,3,1,1,0,2,0,1
F61B22001410006,Piemonte,181,004,004181,In Corso,COLLAUDO,SCUOLE MATERNE,Collaudo non concluso,0,1,0,2023-10-31,,2026-06-30,2023.0,0,NUOVA REALIZZAZIONE,Nuova realizzazione,2829200.0,2572000.0,6,6,1,1,5,0,1
F61B22001470001,Marche,006,109,109006,In Corso,COLLAUDO,ASILI NIDO,Collaudo non concluso,0,1,0,2022-10-26,,2026-06-30,2022.0,0,NUOVA REALIZZAZIONE,Nuova realizzazione,1488320.0,912000.0,22,21,1,1,21,1,1
F61B22001580006,Marche,016,041,041016,In Corso,COLLAUDO,ASILI NIDO,Collaudo non concluso,0,1,0,2023-01-13,,2026-03-31,2023.0,0,NUOVA REALIZZAZIONE,Nuova realizzazione,603109.46,568040.0,9,9,1,1,8,0,1
F62B25000060006,Calabria,068,079,079068,In Corso,COLLAUDO,ASILI NIDO,Collaudo non concluso,0,1,0,2025-09-09,,2026-06-30,2025.0,0,MANUTENZIONE STRAORDINARIA,Altro,419817.0,419817.0,1,1,1,0,0,0,1
F63C22000000006,Puglia,069,075,075069,In Corso,ESECUZIONE LAVORI,SCUOLE MATERNE,Esecuzione lavori,0,0,0,2023-01-10,,2026-06-30,2023.0,0,RECUPERO,Ristrutturazione/recupero,1100000.0,1100000.0,4,1,1,1,3,0,1
F63C25000210006,Marche,070,041,041070,In Corso,PROGETTAZIONE ESECUTIVA,ASILI NIDO,Prima dell'esecuzione,0,0,0,,,,,0,RISTRUTTURAZIONE CON EFFICIENTAMENTO ENERGETICO,Ristrutturazione/recupero,400000.0,400000.0,0,0,0,0,0,0,1
F63C25000240006,Sardegna,043,095,095043,In Corso,Fase non disponibile,ASILI NIDO,Fase non disponibile,0,0,0,,,,,0,RISTRUTTURAZIONE CON EFFICIENTAMENTO ENERGETICO,Ristrutturazione/recupero,480000.0,480000.0,0,0,0,0,0,0,1
F64E21000940001,Piemonte,106,001,001106,In Corso,COLLAUDO,"EDIFICI SOCIALI, CULTURALI E ASSISTENZIALI",Collaudo non concluso,0,1,0,2021-04-09,,2026-12-31,2021.0,1,RISTRUTTURAZIONE (PER CAMBIO DI DESTINAZIONE D'USO),Ristrutturazione/recupero,3300000.0,3000000.0,9,11,1,1,8,0,1
F64E21001200001,Puglia,069,075,075069,In Corso,ESECUZIONE LAVORI,ALTRE STRUTTURE SOCIALI,Esecuzione lavori,0,0,0,2023-06-05,,2026-12-31,2023.0,1,RISTRUTTURAZIONE (PER CAMBIO DI DESTINAZIONE D'USO),Ristrutturazione/recupero,1550000.0,1472500.0,4,3,1,1,3,0,1
F64E21001240001,Puglia,042,075,075042,In Corso,COLLAUDO,SCUOLE MATERNE,Collaudo non concluso,0,1,0,2022-11-17,,2026-06-30,2022.0,1,AMPLIAMENTO (COMPRESA SOPRAELEVAZIONE) O POTENZIAMENTO,Ampliamento,1210000.0,1100000.0,4,4,1,1,3,0,1
F64E22000260006,Campania,072,065,065072,In Corso,COLLAUDO,SCUOLE MATERNE,Collaudo non concluso,0,1,0,2022-02-14,,2026-06-30,2022.0,0,AMPLIAMENTO (COMPRESA SOPRAELEVAZIONE) O POTENZIAMENTO,Ampliamento,1046320.0,1046320.0,4,4,1,1,3,0,1
F64E22000300006,Lombardia,090,017,017090,Concluso,COLLAUDO,ASILI NIDO,Concluso,1,1,1,2022-10-17,2024-05-08,2026-06-30,2022.0,0,RISTRUTTURAZIONE (PER CAMBIO DI DESTINAZIONE D'USO),Ristrutturazione/recupero,212438.6,193126.0,6,6,1,1,4,0,1
F65D24000000006,Puglia,001,073,073001,In Corso,ESECUZIONE LAVORI,SERVIZI PER L'INFANZIA,Esecuzione lavori,0,0,0,2024-08-30,,2026-06-30,2024.0,0,AMPLIAMENTO (COMPRESA SOPRAELEVAZIONE) O POTENZIAMENTO,Ampliamento,480000.0,480000.0,6,6,1,1,5,0,1
F65E21000090006,Lombardia,041,019,019041,In Corso,ESECUZIONE LAVORI,SCUOLE MATERNE,Esecuzione lavori,0,0,0,2022-11-15,,2026-06-30,2022.0,0,NUOVA REALIZZAZIONE,Nuova realizzazione,3360500.0,3055000.0,6,6,1,1,5,0,1
F65E22000000006,Campania,022,063,063022,In Corso,COLLAUDO,ASILI NIDO,Collaudo non concluso,0,1,0,,,2026-06-30,,0,NUOVA REALIZZAZIONE,Nuova realizzazione,1180289.47,1072990.43,8,5,1,1,7,0,1
F65E22000040006,Puglia,021,072,072021,In Corso,ESECUZIONE LAVORI,SCUOLE MATERNE,Esecuzione lavori,0,0,0,2022-02-28,,2026-08-31,2022.0,0,NUOVA REALIZZAZIONE,Nuova realizzazione,4600000.0,4600000.0,8,4,1,1,7,1,1
F65E22000050006,Puglia,021,072,072021,Concluso,COLLAUDO,SCUOLE MATERNE,Concluso,1,1,1,2022-02-24,2026-05-28,2026-06-30,2022.0,0,NUOVA REALIZZAZIONE,Nuova realizzazione,3500000.0,3500000.0,7,6,1,1,6,1,1
F65E22000190001,Lombardia,202,015,015202,In Corso,COLLAUDO,ASILI NIDO,Collaudo non concluso,0,1,0,2026-03-30,,2026-06-30,2026.0,0,NUOVA REALIZZAZIONE,Nuova realizzazione,1021655.17,919439.16,2,1,1,1,1,0,1
F65E22000220006,Emilia-Romagna,009,037,037009,In Corso,COLLAUDO,ASILI NIDO,Collaudo non concluso,0,1,0,2022-10-20,,2026-06-30,2022.0,0,NUOVA REALIZZAZIONE,Nuova realizzazione,3080000.0,2400000.0,15,18,1,1,15,1,1
F65E22000230006,Liguria,012,009,009012,In Corso,ESECUZIONE LAVORI,ASILI NIDO,Esecuzione lavori,0,0,0,2023-01-01,,2026-08-31,2023.0,0,NUOVA REALIZZAZIONE,Nuova realizzazione,5015700.0,4536000.0,17,3,1,1,17,1,1
F65E24000070006,Campania,072,065,065072,In Corso,COLLAUDO,ASILI NIDO,Collaudo non concluso,0,1,0,,,,,0,NUOVA REALIZZAZIONE,Nuova realizzazione,864000.0,864000.0,4,3,1,1,3,0,1
F65E24000080006,Campania,099,065,065099,In Corso,COLLAUDO,ASILI NIDO,Collaudo non concluso,0,1,0,2024-06-13,,2026-06-30,2024.0,0,NUOVA REALIZZAZIONE,Nuova realizzazione,1440000.0,1440000.0,10,13,1,1,9,0,1
F65E24000090006,Piemonte,034,001,001034,In Corso,COLLAUDO,ASILI NIDO,Collaudo non concluso,0,1,0,2024-06-24,,2026-06-30,2024.0,0,NUOVA REALIZZAZIONE,Nuova realizzazione,876000.0,576000.0,6,6,1,1,5,0,1
F65E24000100006,Calabria,068,079,079068,In Corso,COLLAUDO,ASILI NIDO,Collaudo non concluso,0,1,0,,,,,0,MANUTENZIONE STRAORDINARIA DI ADEGUAMENTO SISMICO,Altro,707750.3,707750.3,5,4,1,1,4,0,1
F65E24000110006,Puglia,021,072,072021,In Corso,ESECUZIONE LAVORI,ASILI NIDO,Esecuzione lavori,0,0,0,2024-10-15,,2026-08-31,2024.0,0,NUOVA REALIZZAZIONE,Nuova realizzazione,1728000.0,1728000.0,4,5,1,1,2,1,1
F65E24000120006,Abruzzo,025,067,067025,In Corso,COLLAUDO,ASILI NIDO,Collaudo non concluso,0,1,0,2024-05-29,,2026-06-30,2024.0,0,NUOVA REALIZZAZIONE,Nuova realizzazione,864000.0,864000.0,4,3,1,1,3,0,1
F65E24000130006,Campania,065,064,064065,In Corso,ESECUZIONE LAVORI,ASILI NIDO,Esecuzione lavori,0,0,0,2025-01-30,,2026-06-30,2025.0,0,NUOVA REALIZZAZIONE,Nuova realizzazione,480000.0,480000.0,3,3,1,1,2,0,1
F65E24000140001,Marche,006,109,109006,In Corso,COLLAUDO,ASILI NIDO,Collaudo non concluso,0,1,0,2025-07-29,,2026-06-30,2025.0,0,NUOVA REALIZZAZIONE,Nuova realizzazione,530000.0,192000.0,9,9,1,1,8,0,1
F65E25000040006,Campania,099,065,065099,In Corso,ESECUZIONE LAVORI,ASILI NIDO,Esecuzione lavori,0,0,0,2025-05-23,,2026-12-31,2025.0,0,NUOVA REALIZZAZIONE,Nuova realizzazione,1728000.0,1728000.0,7,8,1,1,6,0,1
F65E25000050006,Lombardia,095,019,019095,In Corso,ESECUZIONE LAVORI,ASILI NIDO,Esecuzione lavori,0,0,0,2025-12-01,,2026-08-31,2025.0,0,NUOVA REALIZZAZIONE,Nuova realizzazione,576000.0,576000.0,2,2,1,1,1,0,1
F65E25000070006,Calabria,043,078,078043,In Corso,COLLAUDO,ASILI NIDO,Collaudo non concluso,0,1,0,2025-04-02,,2026-06-30,2025.0,0,NUOVA REALIZZAZIONE,Nuova realizzazione,1248000.0,1248000.0,6,5,1,1,5,0,1
F66F22000020006,Lazio,107,058,058107,In Corso,COLLAUDO,ASILI NIDO,Collaudo non concluso,0,1,0,2023-05-18,,2026-06-30,2023.0,0,DEMOLIZIONE,Demolizione/ricostruzione,1214217.92,1096119.9,2,1,1,1,2,0,1
F66F22000180006,Puglia,039,072,072039,In Corso,COLLAUDO,ASILI NIDO,Collaudo non concluso,0,1,0,2022-03-03,,2026-06-30,2022.0,0,DEMOLIZIONE,Demolizione/ricostruzione,1827792.39,1373000.0,7,8,1,1,6,0,1
F66F22000210006,Veneto,001,029,029001,In Corso,COLLAUDO,ASILI NIDO,Collaudo non concluso,0,1,0,2023-04-27,,2026-03-31,2023.0,0,DEMOLIZIONE,Demolizione/ricostruzione,2551425.8,2319478.0,17,17,1,1,16,0,1
F67G22000060006,Toscana,027,050,050027,Concluso,COLLAUDO,ASILI NIDO,Concluso,1,1,1,2023-03-08,2025-03-14,2025-03-14,2023.0,0,RECUPERO,Ristrutturazione/recupero,75629.4,69743.0,2,2,1,1,2,0,1
F68H22000180006,Puglia,014,071,071014,In Corso,ESECUZIONE LAVORI,ASILI NIDO,Esecuzione lavori,0,0,0,2023-05-25,,2026-09-30,2023.0,0,DEMOLIZIONE,Demolizione/ricostruzione,1650000.0,1500000.0,8,7,1,1,8,1,1
F68H22000200006,Basilicata,003,076,076003,In Corso,ESECUZIONE LAVORI,ASILI NIDO,Esecuzione lavori,0,0,0,2022-03-31,,2025-12-31,2022.0,0,RISTRUTTURAZIONE (PER CAMBIO DI DESTINAZIONE D'USO),Ristrutturazione/recupero,195195.25,195195.25,4,4,1,1,4,0,1
F68H24000240001,Veneto,032,027,027032,In Corso,COLLAUDO,ASILI NIDO,Collaudo non concluso,0,1,0,2024-09-18,,2026-06-30,2024.0,0,AMPLIAMENTO (COMPRESA SOPRAELEVAZIONE) O POTENZIAMENTO,Ampliamento,1100000.0,720000.0,4,4,1,1,3,0,1
F68H24000260006,Campania,099,065,065099,In Corso,COLLAUDO,ASILI NIDO,Collaudo non concluso,0,1,0,2024-07-08,,2026-06-30,2024.0,0,AMPLIAMENTO (COMPRESA SOPRAELEVAZIONE) O POTENZIAMENTO,Ampliamento,288000.0,288000.0,7,7,1,1,6,0,1
F68H24000290006,Piemonte,028,004,004028,In Corso,ESECUZIONE LAVORI,ASILI NIDO,Esecuzione lavori,0,0,0,2024-09-05,,2026-06-30,2024.0,0,RISTRUTTURAZIONE (PER CAMBIO DI DESTINAZIONE D'USO),Ristrutturazione/recupero,911880.98,480000.0,8,8,1,1,7,0,1
F68H24000300006,Puglia,042,075,075042,In Corso,ESECUZIONE LAVORI,ASILI NIDO,Esecuzione lavori,0,0,0,2024-09-23,,2026-06-30,2024.0,0,AMPLIAMENTO (COMPRESA SOPRAELEVAZIONE) O POTENZIAMENTO,Ampliamento,864000.0,864000.0,2,2,1,1,1,0,1
F68H24000310001,Veneto,074,024,024074,In Corso,ESECUZIONE LAVORI,ASILI NIDO,Esecuzione lavori,0,0,0,2024-06-13,,2026-06-30,2024.0,0,AMPLIAMENTO (COMPRESA SOPRAELEVAZIONE) O POTENZIAMENTO,Ampliamento,500000.0,480000.0,5,5,1,1,4,0,1
F68H24000330006,Lombardia,034,018,018034,In Corso,ESECUZIONE LAVORI,ASILI NIDO,Esecuzione lavori,0,0,0,2024-12-10,,2026-06-30,2024.0,0,AMPLIAMENTO (COMPRESA SOPRAELEVAZIONE) O POTENZIAMENTO,Ampliamento,576000.0,576000.0,3,4,1,1,2,0,1
F68H24000430006,Puglia,069,075,075069,In Corso,ESECUZIONE LAVORI,ASILI NIDO,Esecuzione lavori,0,0,0,2024-08-31,,2026-06-30,2024.0,0,AMPLIAMENTO (COMPRESA SOPRAELEVAZIONE) O POTENZIAMENTO,Ampliamento,480000.0,480000.0,2,1,1,1,1,0,1
F68H25001030006,Puglia,001,073,073001,In Corso,COLLAUDO,ASILI NIDO,Collaudo non concluso,0,1,0,2025-08-01,,2026-06-30,2025.0,0,RISTRUTTURAZIONE (PER CAMBIO DI DESTINAZIONE D'USO),Ristrutturazione/recupero,400000.0,400000.0,5,6,1,1,4,0,1
F68H25001070006,Campania,072,065,065072,In Corso,COLLAUDO,ASILI NIDO,Collaudo non concluso,0,1,0,,,,,0,AMPLIAMENTO (COMPRESA SOPRAELEVAZIONE) O POTENZIAMENTO,Ampliamento,864000.0,864000.0,2,2,1,1,1,0,1
F71B18000520001,Lazio,025,059,059025,In Corso,ESECUZIONE LAVORI,ASILI NIDO,Esecuzione lavori,0,0,0,2023-02-22,,2026-02-28,2023.0,1,NUOVA REALIZZAZIONE,Nuova realizzazione,1295589.84,1192158.84,5,3,1,1,3,0,1
F71B21001360005,Piemonte,245,004,004245,In Corso,COLLAUDO,ASILI NIDO,Collaudo non concluso,0,1,0,2023-01-10,,2026-03-31,2023.0,1,MANUTENZIONE STRAORDINARIA DI ADEGUAMENTO SISMICO,Altro,590500.0,405000.0,3,4,1,1,2,0,1
F71B21001540001,Sicilia,012,089,089012,In Corso,COLLAUDO,ASILI NIDO,Collaudo non concluso,0,1,0,2022-09-22,,2026-06-30,2022.0,1,NUOVA REALIZZAZIONE,Nuova realizzazione,2385961.86,1656773.23,3,3,1,1,2,0,1
F71B22000040006,Campania,046,065,065046,In Corso,ESECUZIONE LAVORI,ASILI NIDO,Esecuzione lavori,0,0,0,2023-05-11,,2025-12-30,2023.0,0,NUOVA REALIZZAZIONE,Nuova realizzazione,985435.0,895850.0,5,6,1,1,4,0,1
F71B22000140006,Lombardia,073,017,017073,In Corso,COLLAUDO,ASILI NIDO,Collaudo non concluso,0,1,0,2022-09-08,,2026-06-30,2022.0,0,NUOVA REALIZZAZIONE,Nuova realizzazione,1790635.0,1627850.0,5,2,1,1,4,0,1
F71B22000500006,Emilia-Romagna,041,035,035041,In Corso,ESECUZIONE LAVORI,SCUOLE MATERNE,Esecuzione lavori,0,0,0,2022-12-28,,2026-06-30,2022.0,0,NUOVA REALIZZAZIONE,Nuova realizzazione,2238720.0,2035200.0,13,3,1,1,12,0,1
F71B22000590006,Puglia,033,071,071033,In Corso,ESECUZIONE LAVORI,ASILI NIDO,Esecuzione lavori,0,0,0,2022-02-24,,2026-12-31,2022.0,0,NUOVA REALIZZAZIONE,Nuova realizzazione,1750000.0,1750000.0,4,5,1,1,3,0,1
F72C22000070006,Emilia-Romagna,041,035,035041,In Corso,ESECUZIONE LAVORI,SCUOLE MATERNE,Esecuzione lavori,0,0,0,2022-02-23,,2026-06-30,2022.0,0,DEMOLIZIONE,Demolizione/ricostruzione,2217600.0,2016000.0,12,12,1,1,11,0,1
F73C22000010006,Lombardia,093,016,016093,Concluso,COLLAUDO,SCUOLE MATERNE,Concluso,1,1,1,2021-03-21,2026-02-12,2026-02-12,2021.0,0,RISTRUTTURAZIONE CON EFFICIENTAMENTO ENERGETICO,Ristrutturazione/recupero,749604.0,749604.0,5,6,1,1,4,0,1
F73C22000020006,Sardegna,068,092,092068,In Corso,COLLAUDO,ASILI NIDO,Collaudo non concluso,0,1,0,2022-12-09,,2026-06-30,2022.0,0,RISTRUTTURAZIONE CON EFFICIENTAMENTO ENERGETICO,Ristrutturazione/recupero,213550.0,213550.0,2,2,1,1,2,0,1
F73C22000460006,Campania,036,061,061036,In Corso,COLLAUDO,ASILI NIDO,Collaudo non concluso,0,1,0,2022-10-20,,2026-06-30,2022.0,0,RISTRUTTURAZIONE CON EFFICIENTAMENTO ENERGETICO,Ristrutturazione/recupero,507000.0,507000.0,5,5,1,1,4,0,1
F74D22000040001,Veneto,014,023,023014,In Corso,ESECUZIONE LAVORI,ASILI NIDO,Esecuzione lavori,0,0,0,2022-11-21,,2026-06-30,2022.0,0,ALTRO,Altro,1800000.0,1800000.0,2,1,1,1,1,0,1
F74E21000710001,Puglia,033,071,071033,In Corso,COLLAUDO,ALTRE STRUTTURE SOCIALI,Collaudo non concluso,0,1,0,2022-12-14,,2026-06-30,2022.0,1,RISTRUTTURAZIONE (PER CAMBIO DI DESTINAZIONE D'USO),Ristrutturazione/recupero,395000.0,395000.0,3,3,1,1,2,0,1
F74E22000160006,Piemonte,260,001,001260,In Corso,ESECUZIONE LAVORI,ASILI NIDO,Esecuzione lavori,0,0,0,2022-02-09,,2026-06-30,2022.0,0,AMPLIAMENTO (COMPRESA SOPRAELEVAZIONE) O POTENZIAMENTO,Ampliamento,1714018.0,799100.0,10,10,1,1,10,1,1
F75E21000040006,Lombardia,073,017,017073,In Corso,ESECUZIONE LAVORI,SCUOLE MATERNE,Esecuzione lavori,0,0,0,2022-09-08,,2026-06-30,2022.0,0,NUOVA REALIZZAZIONE,Nuova realizzazione,4280454.7,3200000.0,6,3,1,1,4,0,1
F75E22000040006,Abruzzo,028,066,066028,In Corso,ESECUZIONE LAVORI,SCUOLE MATERNE,Esecuzione lavori,0,0,0,2023-01-18,,2026-06-30,2023.0,0,NUOVA REALIZZAZIONE,Nuova realizzazione,3616800.0,3616800.0,2,2,1,1,1,0,1
F75E22000090006,Molise,037,070,070037,In Corso,COLLAUDO,SCUOLE MATERNE,Collaudo non concluso,0,1,0,2022-02-01,,2025-12-31,2022.0,0,NUOVA REALIZZAZIONE,Nuova realizzazione,1457244.46,1359754.46,6,6,1,1,5,0,1
F75E22000120006,Marche,071,041,041071,In Corso,ESECUZIONE LAVORI,SCUOLE MATERNE,Esecuzione lavori,0,0,0,2022-02-26,,2026-12-31,2022.0,0,NUOVA REALIZZAZIONE,Nuova realizzazione,4355857.0,3959870.0,8,8,1,1,6,0,1
F75E22000200006,Abruzzo,028,066,066028,In Corso,ESECUZIONE LAVORI,ASILI NIDO,Esecuzione lavori,0,0,0,2022-10-27,,2026-06-30,2022.0,0,NUOVA REALIZZAZIONE,Nuova realizzazione,1368000.0,1368000.0,1,1,1,1,0,0,1
F75E22000210001,Veneto,042,027,027042,In Corso,COLLAUDO,ASILI NIDO,Collaudo non concluso,0,1,0,2023-01-02,,2026-06-30,2023.0,0,NUOVA REALIZZAZIONE,Nuova realizzazione,2850000.0,1680000.0,5,10,1,1,4,0,1
F75E22000220001,Veneto,042,027,027042,In Corso,COLLAUDO,ASILI NIDO,Collaudo non concluso,0,1,0,2023-01-02,,2026-06-30,2023.0,0,NUOVA REALIZZAZIONE,Nuova realizzazione,2650000.0,1680000.0,4,10,1,1,3,0,1
F75E22000230006,Campania,032,063,063032,In Corso,ESECUZIONE LAVORI,ASILI NIDO,Esecuzione lavori,0,0,0,2022-03-29,,2026-09-30,2022.0,0,NUOVA REALIZZAZIONE,Nuova realizzazione,2310000.0,2100000.0,5,5,1,1,4,0,1
F75E22000240001,Campania,039,064,064039,In Corso,ESECUZIONE LAVORI,ASILI NIDO,Esecuzione lavori,0,0,0,2023-01-01,,2026-06-30,2023.0,0,NUOVA REALIZZAZIONE,Nuova realizzazione,1044000.0,1044000.0,2,2,1,1,1,0,1
F75E24000180006,Calabria,017,078,078017,In Corso,ESECUZIONE LAVORI,ASILI NIDO,Esecuzione lavori,0,0,0,2024-10-28,,2026-09-30,2024.0,0,NUOVA REALIZZAZIONE,Nuova realizzazione,672000.0,672000.0,2,2,1,1,1,0,1
F75E24000190006,Campania,032,063,063032,In Corso,ESECUZIONE LAVORI,SCUOLE MATERNE,Esecuzione lavori,0,0,0,2024-06-13,,2026-09-30,2024.0,0,NUOVA REALIZZAZIONE,Nuova realizzazione,1440000.0,1440000.0,3,3,1,1,2,0,1
F75E24000220006,Puglia,020,073,073020,In Corso,ESECUZIONE LAVORI,ASILI NIDO,Esecuzione lavori,0,0,0,2024-08-12,,2026-06-30,2024.0,0,NUOVA REALIZZAZIONE,Nuova realizzazione,676000.0,576000.0,7,6,1,1,6,0,1
F75E24000250006,Puglia,033,071,071033,In Corso,ESECUZIONE LAVORI,ASILI NIDO,Esecuzione lavori,0,0,0,2024-05-29,,2026-06-30,2024.0,0,NUOVA REALIZZAZIONE,Nuova realizzazione,720000.0,720000.0,2,2,1,1,0,0,1
F75E24000270006,Sicilia,012,089,089012,In Corso,COLLAUDO,ASILI NIDO,Collaudo non concluso,0,1,0,2023-01-01,,2026-06-30,2023.0,0,NUOVA REALIZZAZIONE,Nuova realizzazione,883667.05,864000.0,2,2,1,1,1,0,1
F75E25000050001,Puglia,020,073,073020,In Corso,ESECUZIONE LAVORI,ASILI NIDO,Esecuzione lavori,0,0,0,2025-07-30,,2026-06-30,2025.0,0,NUOVA REALIZZAZIONE,Nuova realizzazione,616000.0,576000.0,3,2,1,1,2,0,1
F75E25000060006,Calabria,017,078,078017,In Corso,ESECUZIONE LAVORI,ASILI NIDO,Esecuzione lavori,0,0,0,2025-08-04,,2026-06-30,2025.0,0,NUOVA REALIZZAZIONE,Nuova realizzazione,672000.0,672000.0,1,2,1,1,0,0,1
F75E25000070006,Puglia,007,075,075007,In Corso,Fase non disponibile,ASILI NIDO,Fase non disponibile,0,0,0,,,,,0,NUOVA REALIZZAZIONE,Nuova realizzazione,960000.0,960000.0,0,0,0,0,0,0,1
F75E25000100006,Calabria,085,080,080085,In Corso,ESECUZIONE LAVORI,ASILI NIDO,Esecuzione lavori,0,0,0,,,,,0,NUOVA REALIZZAZIONE,Nuova realizzazione,576000.0,576000.0,2,2,1,0,2,0,1
F75E25000150006,Calabria,085,080,080085,In Corso,Fase non disponibile,ASILI NIDO,Fase non disponibile,0,0,0,,,,,0,NUOVA REALIZZAZIONE,Nuova realizzazione,576000.0,576000.0,0,0,0,0,0,0,1
F76F25000010006,Campania,036,061,061036,In Corso,ESECUZIONE LAVORI,ASILI NIDO,Esecuzione lavori,0,0,0,2025-04-02,,2026-06-30,2025.0,0,DEMOLIZIONE,Demolizione/ricostruzione,576000.0,576000.0,3,2,1,1,2,0,1
F77G22000030006,Veneto,042,027,027042,In Corso,COLLAUDO,ASILI NIDO,Collaudo non concluso,0,1,0,2022-11-08,,2026-06-30,2022.0,0,RECUPERO,Ristrutturazione/recupero,1144000.0,1040000.0,4,3,1,1,3,0,1
F77H22001260006,Sardegna,090,090,090090,In Corso,COLLAUDO,ASILI NIDO,Collaudo non concluso,0,1,0,2023-01-03,,2026-06-30,2023.0,0,MANUTENZIONE STRAORDINARIA,Altro,767032.0,767032.0,7,7,1,1,6,0,1
F78H21000070001,Sardegna,066,111,111066,Concluso,COLLAUDO,ASILI NIDO,Concluso,1,1,1,2022-12-13,2025-11-26,2025-11-26,2022.0,0,AMPLIAMENTO (COMPRESA SOPRAELEVAZIONE) O POTENZIAMENTO,Ampliamento,103200.0,100910.55,2,2,1,1,2,0,1
F78H24000250006,Sicilia,025,087,087025,In Corso,COLLAUDO,ASILI NIDO,Collaudo non concluso,0,1,0,2024-10-24,,2026-06-30,2024.0,0,RISTRUTTURAZIONE (PER CAMBIO DI DESTINAZIONE D'USO),Ristrutturazione/recupero,360000.0,360000.0,1,1,1,1,0,0,1
F78H24000260006,Veneto,013,028,028013,In Corso,Fase non disponibile,ASILI NIDO,Fase non disponibile,0,0,0,2024-12-30,,2026-03-31,2024.0,0,AMPLIAMENTO (COMPRESA SOPRAELEVAZIONE) O POTENZIAMENTO,Ampliamento,952246.38,576000.0,0,0,0,0,0,0,1
F78H24000280006,Sicilia,060,083,083060,In Corso,COLLAUDO,ASILI NIDO,Collaudo non concluso,0,1,0,2024-09-23,,2026-06-30,2024.0,0,AMPLIAMENTO (COMPRESA SOPRAELEVAZIONE) O POTENZIAMENTO,Ampliamento,480000.0,480000.0,2,2,1,1,1,0,1
F78H24000340006,Sicilia,031,084,084031,In Corso,ESECUZIONE LAVORI,ASILI NIDO,Esecuzione lavori,0,0,0,2024-10-15,,2026-06-30,2024.0,0,RISTRUTTURAZIONE (PER CAMBIO DI DESTINAZIONE D'USO),Ristrutturazione/recupero,720000.0,720000.0,2,2,1,1,1,0,1
F78H24000360006,Calabria,040,080,080040,In Corso,ESECUZIONE LAVORI,ASILI NIDO,Esecuzione lavori,0,0,0,2024-06-13,,2026-08-31,2024.0,0,RISTRUTTURAZIONE (PER CAMBIO DI DESTINAZIONE D'USO),Ristrutturazione/recupero,480000.0,480000.0,2,2,1,1,1,0,1
F78H25000450006,Sicilia,040,084,084040,In Corso,COLLAUDO,ASILI NIDO,Collaudo non concluso,0,1,0,2025-09-04,,2026-06-30,2025.0,0,AMPLIAMENTO (COMPRESA SOPRAELEVAZIONE) O POTENZIAMENTO,Ampliamento,320000.0,320000.0,2,1,1,1,1,0,1
F78I21001000005,Lombardia,070,014,014070,Concluso,COLLAUDO,ALTRE STRUTTURE SOCIALI,Concluso,1,1,1,2021-05-13,2026-02-06,2026-06-30,2021.0,1,RISTRUTTURAZIONE CON EFFICIENTAMENTO ENERGETICO,Ristrutturazione/recupero,3000000.0,2500000.0,9,9,1,1,8,0,1
F79J21002350001,Campania,027,061,061027,In Corso,ESECUZIONE LAVORI,"SCUOLE ELEMENTARI, MEDIE E SUPERIORI",Esecuzione lavori,0,0,0,2023-03-13,,2026-06-30,2023.0,1,MANUTENZIONE STRAORDINARIA CON EFFICIENTAMENTO ENERGETICO,Altro,2492583.1,2265984.64,7,7,1,1,6,0,1
F81B21001960001,Puglia,010,110,110010,In Corso,ESECUZIONE LAVORI,ASILI NIDO,Esecuzione lavori,0,0,0,2022-11-15,,2026-06-30,2022.0,1,NUOVA REALIZZAZIONE,Nuova realizzazione,2291198.68,2082907.89,4,4,1,1,3,0,1
F81B21002150001,Puglia,010,110,110010,In Corso,ESECUZIONE LAVORI,SERVIZI PER L'INFANZIA,Esecuzione lavori,0,0,0,2022-11-15,,2026-06-30,2022.0,1,NUOVA REALIZZAZIONE,Nuova realizzazione,3299482.67,3000000.0,5,4,1,1,4,0,1
F81B21002200001,Puglia,026,075,075026,In Corso,COLLAUDO,ALTRI EDIFICI SCOLASTICI,Collaudo non concluso,0,1,0,2022-10-06,,2026-08-31,2022.0,1,NUOVA REALIZZAZIONE,Nuova realizzazione,3000000.0,3000000.0,5,2,1,1,4,0,1
F81B21002210001,Puglia,026,075,075026,In Corso,ESECUZIONE LAVORI,ALTRE STRUTTURE SOCIALI,Esecuzione lavori,0,0,0,2023-01-17,,2026-08-31,2023.0,1,NUOVA REALIZZAZIONE,Nuova realizzazione,2600000.0,2600000.0,6,4,1,1,4,0,1
F81B22001050006,Lombardia,092,017,017092,In Corso,COLLAUDO,ASILI NIDO,Collaudo non concluso,0,1,0,2022-11-10,,2026-06-30,2022.0,0,NUOVA REALIZZAZIONE,Nuova realizzazione,1550000.0,1300000.0,6,6,1,1,6,1,1
F81B22001130006,Puglia,026,075,075026,In Corso,ESECUZIONE LAVORI,ASILI NIDO,Esecuzione lavori,0,0,0,2022-11-14,,2026-08-31,2022.0,0,NUOVA REALIZZAZIONE,Nuova realizzazione,2228873.25,2158200.0,6,4,1,1,5,0,1
F82C22000030006,Toscana,027,051,051027,In Corso,ESECUZIONE LAVORI,ASILI NIDO,Esecuzione lavori,0,0,0,2022-11-15,,2026-12-31,2022.0,0,DEMOLIZIONE,Demolizione/ricostruzione,737000.0,670000.0,8,0,1,1,6,0,1
F82C22000110006,Emilia-Romagna,011,037,037011,Concluso,COLLAUDO,ASILI NIDO,Concluso,1,1,1,2023-01-16,2025-03-10,2026-06-30,2023.0,0,DEMOLIZIONE,Demolizione/ricostruzione,2236800.0,1488000.0,9,12,1,1,7,0,1
F83C22000010006,Calabria,043,079,079043,In Corso,ESECUZIONE LAVORI,ASILI NIDO,Esecuzione lavori,0,0,0,2023-01-17,,2026-06-30,2023.0,0,RISTRUTTURAZIONE CON EFFICIENTAMENTO ENERGETICO,Ristrutturazione/recupero,1060791.43,924791.43,3,0,1,1,2,0,1
F83C22000040006,Sardegna,017,091,091017,In Corso,ESECUZIONE LAVORI,SCUOLE MATERNE,Esecuzione lavori,0,0,0,2023-01-05,,2026-06-30,2023.0,0,RISTRUTTURAZIONE CON EFFICIENTAMENTO ENERGETICO,Ristrutturazione/recupero,819500.0,745000.0,3,4,1,1,2,0,1
F83C22000450006,Sardegna,098,091,091098,In Corso,COLLAUDO,ASILI NIDO,Collaudo non concluso,0,1,0,2022-11-16,,2026-06-30,2022.0,0,RISTRUTTURAZIONE CON EFFICIENTAMENTO ENERGETICO,Ristrutturazione/recupero,451682.56,400000.0,3,4,1,1,2,0,1
F83C24000790001,Veneto,085,024,024085,In Corso,ESECUZIONE LAVORI,ASILI NIDO,Esecuzione lavori,0,0,0,2024-08-07,,2026-03-31,2024.0,0,RISTRUTTURAZIONE CON EFFICIENTAMENTO ENERGETICO,Ristrutturazione/recupero,560000.0,560000.0,2,2,1,1,1,0,1
F83C25000400006,Campania,076,064,064076,In Corso,ESECUZIONE LAVORI,ASILI NIDO,Esecuzione lavori,0,0,0,2025-09-17,,2026-06-30,2025.0,0,RISTRUTTURAZIONE CON EFFICIENTAMENTO ENERGETICO,Ristrutturazione/recupero,400000.0,400000.0,3,2,1,1,2,0,1
F84E21000810001,Lombardia,002,017,017002,In Corso,COLLAUDO,"EDIFICI SOCIALI, CULTURALI E ASSISTENZIALI",Collaudo non concluso,0,1,0,2021-12-29,,2026-06-30,2021.0,1,RISTRUTTURAZIONE (PER CAMBIO DI DESTINAZIONE D'USO),Ristrutturazione/recupero,3562426.62,2746566.12,15,13,1,1,12,0,1
F84E22000450006,Trentino-Alto Adige,153,022,022153,In Corso,COLLAUDO,SCUOLE MATERNE,Collaudo non concluso,0,1,0,2022-01-25,,2026-06-30,2022.0,0,AMPLIAMENTO (COMPRESA SOPRAELEVAZIONE) O POTENZIAMENTO,Ampliamento,2280000.0,1677000.0,21,22,1,1,20,0,1
F84E22001050006,Trentino-Alto Adige,153,022,022153,In Corso,COLLAUDO,SCUOLE MATERNE,Collaudo non concluso,0,1,0,2022-01-25,,2026-06-30,2022.0,0,AMPLIAMENTO (COMPRESA SOPRAELEVAZIONE) O POTENZIAMENTO,Ampliamento,8454426.43,5040000.0,26,34,1,1,24,0,1
F85E21000050006,Trentino-Alto Adige,081,022,022081,In Corso,COLLAUDO,SCUOLE MATERNE,Collaudo non concluso,0,1,0,2023-01-13,,2026-06-30,2023.0,0,NUOVA REALIZZAZIONE,Nuova realizzazione,1931000.0,1478235.0,11,11,1,1,8,0,1
F85E22000150006,Sardegna,017,091,091017,In Corso,ESECUZIONE LAVORI,ASILI NIDO,Esecuzione lavori,0,0,0,2023-01-05,,2026-06-30,2023.0,0,NUOVA REALIZZAZIONE,Nuova realizzazione,1320000.0,1200000.0,4,5,1,1,3,0,1
F85E22000160006,Calabria,045,078,078045,In Corso,COLLAUDO,ASILI NIDO,Collaudo non concluso,0,1,0,2023-03-01,,2026-06-30,2023.0,0,NUOVA REALIZZAZIONE,Nuova realizzazione,1191000.0,1191000.0,10,9,1,1,8,0,1
F85E22000170006,Marche,066,044,044066,In Corso,ESECUZIONE LAVORI,ASILI NIDO,Esecuzione lavori,0,0,0,2022-11-17,,2026-06-30,2022.0,0,NUOVA REALIZZAZIONE,Nuova realizzazione,1972400.0,1584000.0,8,6,1,1,8,1,1
F85E22000180006,Marche,066,044,044066,In Corso,COLLAUDO,ASILI NIDO,Collaudo non concluso,0,1,0,2022-11-17,,2026-06-30,2022.0,0,NUOVA REALIZZAZIONE,Nuova realizzazione,1281600.0,1056000.0,5,4,1,1,5,1,1
F85E22000200006,Lazio,006,060,060006,In Corso,ESECUZIONE LAVORI,ASILI NIDO,Esecuzione lavori,0,0,0,2022-12-15,,2026-06-30,2022.0,0,NUOVA REALIZZAZIONE,Nuova realizzazione,2556294.4,2323904.0,10,11,1,1,9,0,1
F85E22000270006,Calabria,008,101,101008,In Corso,ESECUZIONE LAVORI,SCUOLE MATERNE,Esecuzione lavori,0,0,0,2023-01-23,,2026-06-30,2023.0,0,NUOVA REALIZZAZIONE,Nuova realizzazione,893884.26,850000.0,5,5,1,1,4,0,1
F85E22000290006,Piemonte,162,001,001162,In Corso,ESECUZIONE LAVORI,SCUOLE MATERNE,Esecuzione lavori,0,0,0,,,2026-05-31,,0,NUOVA REALIZZAZIONE,Nuova realizzazione,1071840.0,974400.0,8,8,1,1,8,1,1
F85E22000300006,Campania,103,064,064103,In Corso,ESECUZIONE LAVORI,ASILI NIDO,Esecuzione lavori,0,0,0,2022-12-01,,2026-12-31,2022.0,0,NUOVA REALIZZAZIONE,Nuova realizzazione,876727.33,876727.33,6,7,1,1,5,0,1
F85E22000310006,Campania,103,064,064103,In Corso,ESECUZIONE LAVORI,SCUOLE MATERNE,Esecuzione lavori,0,0,0,2022-12-01,,2026-12-31,2022.0,0,NUOVA REALIZZAZIONE,Nuova realizzazione,1992154.65,1992154.65,10,7,1,1,9,0,1
F85E22000400006,Calabria,008,101,101008,In Corso,COLLAUDO,ASILI NIDO,Collaudo non concluso,0,1,0,2023-01-23,,2026-06-30,2023.0,0,NUOVA REALIZZAZIONE,Nuova realizzazione,952286.43,937160.0,7,5,1,1,6,0,1
F85E22000430006,Puglia,010,110,110010,In Corso,ESECUZIONE LAVORI,ASILI NIDO,Esecuzione lavori,0,0,0,2022-11-16,,2026-06-30,2022.0,0,NUOVA REALIZZAZIONE,Nuova realizzazione,1402039.1,1274581.0,4,3,1,1,3,0,1
F85E22000440006,Piemonte,174,004,004174,In Corso,ESECUZIONE LAVORI,ASILI NIDO,Esecuzione lavori,0,0,0,2022-12-21,,2026-06-30,2022.0,1,NUOVA REALIZZAZIONE,Nuova realizzazione,552000.0,420000.0,8,11,1,1,7,0,1
F85E22000450006,Basilicata,086,076,076086,Concluso,COLLAUDO,ASILI NIDO,Concluso,1,1,1,2022-05-31,2025-06-06,2026-06-30,2022.0,0,NUOVA REALIZZAZIONE,Nuova realizzazione,462000.0,420000.0,7,9,1,1,6,0,1
F85E22000460006,Piemonte,171,001,001171,In Corso,COLLAUDO,ASILI NIDO,Collaudo non concluso,0,1,0,2022-12-13,,2026-06-30,2022.0,0,NUOVA REALIZZAZIONE,Nuova realizzazione,1257188.69,1047542.0,6,6,1,1,5,0,1
F85E22000470006,Piemonte,189,001,001189,In Corso,ESECUZIONE LAVORI,ASILI NIDO,Esecuzione lavori,0,0,0,2023-01-19,,2026-12-31,2023.0,0,NUOVA REALIZZAZIONE,Nuova realizzazione,1901955.68,1296000.0,3,4,1,1,2,1,1
F85E24000040006,Calabria,045,078,078045,In Corso,COLLAUDO,ASILI NIDO,Collaudo non concluso,0,1,0,2024-06-13,,2026-08-31,2024.0,0,NUOVA REALIZZAZIONE,Nuova realizzazione,2592000.0,2592000.0,7,10,1,1,5,0,1
F85E24000070001,Lombardia,087,015,015087,In Corso,COLLAUDO,ASILI NIDO,Collaudo non concluso,0,1,0,2024-06-13,,2026-06-30,2024.0,0,NUOVA REALIZZAZIONE,Nuova realizzazione,1370000.0,864000.0,11,11,1,1,10,1,1
F85E24000080001,Abruzzo,020,066,066020,In Corso,ESECUZIONE LAVORI,ASILI NIDO,Esecuzione lavori,0,0,0,2024-08-29,,2026-06-30,2024.0,0,NUOVA REALIZZAZIONE,Nuova realizzazione,600000.0,576000.0,6,8,1,1,5,0,1
F85E24000090006,Puglia,017,075,075017,In Corso,COLLAUDO/REGOLARE ESECUZIONE,ASILI NIDO,Collaudo non concluso,0,1,0,2025-02-19,,2026-08-31,2025.0,0,NUOVA REALIZZAZIONE,Nuova realizzazione,480000.0,480000.0,4,5,1,1,3,0,1
F85E24000100002,Toscana,024,048,048024,In Corso,ESECUZIONE LAVORI,ASILI NIDO,Esecuzione lavori,0,0,0,2025-03-03,,2027-06-30,2025.0,0,NUOVA REALIZZAZIONE,Nuova realizzazione,1520000.0,600000.0,0,0,0,0,0,0,1
F85E25000030006,Lombardia,020,098,098020,In Corso,ESECUZIONE LAVORI,ASILI NIDO,Esecuzione lavori,0,0,0,2025-09-10,,2026-08-31,2025.0,0,NUOVA REALIZZAZIONE,Nuova realizzazione,384000.0,384000.0,1,1,1,1,0,0,1
F85E25000040006,Puglia,080,075,075080,In Corso,Fase non disponibile,ASILI NIDO,Fase non disponibile,0,0,0,,,,,0,NUOVA REALIZZAZIONE,Nuova realizzazione,480000.0,480000.0,0,0,0,0,0,0,1
F85E25000080006,Campania,047,065,065047,In Corso,ESECUZIONE LAVORI,ASILI NIDO,Esecuzione lavori,0,0,0,2025-07-04,,2026-06-30,2025.0,0,NUOVA REALIZZAZIONE,Nuova realizzazione,897065.25,480000.0,7,7,1,1,6,1,1
F85E25000150006,Abruzzo,009,067,067009,In Corso,COLLAUDO,ASILI NIDO,Collaudo non concluso,0,1,0,2025-09-18,,2026-06-30,2025.0,0,NUOVA REALIZZAZIONE,Nuova realizzazione,480000.0,480000.0,6,5,1,1,5,0,1
F85E25000170006,Puglia,017,075,075017,In Corso,Fase non disponibile,ASILI NIDO,Fase non disponibile,0,0,0,,,,,0,NUOVA REALIZZAZIONE,Nuova realizzazione,600000.0,600000.0,0,0,0,0,0,0,1
F87G24000150006,Sardegna,044,091,091044,In Corso,COLLAUDO,ASILI NIDO,Collaudo non concluso,0,1,0,2024-09-05,,2026-06-30,2024.0,0,RECUPERO,Ristrutturazione/recupero,580000.0,576000.0,2,3,1,1,1,0,1
F87G25000070006,Sardegna,044,091,091044,In Corso,PFTE (PROGETTO DI FATTIBILITÀ TECNICO ECONOMICA),ASILI NIDO,Prima dell'esecuzione,0,0,0,2025-08-02,,2026-03-31,2025.0,0,RECUPERO,Ristrutturazione/recupero,400000.0,400000.0,0,0,0,0,0,0,1
F88H22000000006,Sicilia,045,082,082045,Concluso,COLLAUDO,ASILI NIDO,Concluso,1,1,1,2022-02-18,2026-02-10,2026-02-10,2022.0,0,AMPLIAMENTO (COMPRESA SOPRAELEVAZIONE) O POTENZIAMENTO,Ampliamento,530336.0,530336.0,4,4,1,1,2,0,1
F88H22000030006,Calabria,045,078,078045,In Corso,COLLAUDO,ASILI NIDO,Collaudo non concluso,0,1,0,2023-05-09,,2026-06-30,2023.0,0,RISTRUTTURAZIONE (PER CAMBIO DI DESTINAZIONE D'USO),Ristrutturazione/recupero,584185.5,584185.5,3,4,1,1,2,0,1
F88H22000090006,Toscana,003,045,045003,Concluso,COLLAUDO,ASILI NIDO,Concluso,1,1,1,2022-10-24,2024-09-16,2026-06-30,2022.0,0,AMPLIAMENTO (COMPRESA SOPRAELEVAZIONE) O POTENZIAMENTO,Ampliamento,203442.23,191000.0,2,2,1,1,1,0,1
F88H22000280001,Trentino-Alto Adige,135,022,022135,In Corso,COLLAUDO,ASILI NIDO,Collaudo non concluso,0,1,0,2022-11-30,,2026-06-30,2022.0,0,AMPLIAMENTO (COMPRESA SOPRAELEVAZIONE) O POTENZIAMENTO,Ampliamento,757543.45,561600.0,4,4,1,1,3,0,1
F88H24000390007,Piemonte,133,002,002133,In Corso,COLLAUDO,ASILI NIDO,Collaudo non concluso,0,1,0,2024-08-24,,2026-06-30,2024.0,0,AMPLIAMENTO (COMPRESA SOPRAELEVAZIONE) O POTENZIAMENTO,Ampliamento,642000.0,480000.0,5,5,1,1,3,0,1
F88H24000410006,Campania,103,064,064103,In Corso,ESECUZIONE LAVORI,ASILI NIDO,Esecuzione lavori,0,0,0,2024-10-11,,2026-12-31,2024.0,0,AMPLIAMENTO (COMPRESA SOPRAELEVAZIONE) O POTENZIAMENTO,Ampliamento,576000.0,576000.0,1,0,1,0,0,0,1
F88H25000990006,Veneto,036,026,026036,In Corso,ESECUZIONE LAVORI,ASILI NIDO,Esecuzione lavori,0,0,0,2025-06-20,,2026-06-30,2025.0,0,AMPLIAMENTO (COMPRESA SOPRAELEVAZIONE) O POTENZIAMENTO,Ampliamento,800000.0,480000.0,4,4,1,1,3,0,1
F88H25001230006,Calabria,088,079,079088,In Corso,ESECUZIONE LAVORI,ASILI NIDO,Esecuzione lavori,0,0,0,2025-07-07,,2026-06-30,2025.0,0,RISTRUTTURAZIONE (PER CAMBIO DI DESTINAZIONE D'USO),Ristrutturazione/recupero,500000.0,500000.0,6,6,1,1,5,0,1
F88H25001250006,Lazio,006,060,060006,In Corso,ESECUZIONE LAVORI,ASILI NIDO,Esecuzione lavori,0,0,0,2025-09-25,,2026-06-30,2025.0,0,RISTRUTTURAZIONE (PER CAMBIO DI DESTINAZIONE D'USO),Ristrutturazione/recupero,1200000.0,1200000.0,2,2,1,1,1,0,1
F88I22000470006,Piemonte,131,003,003131,Concluso,COLLAUDO,ASILI NIDO,Concluso,1,1,1,2022-09-08,2025-12-01,2025-12-31,2022.0,0,RISTRUTTURAZIONE CON EFFICIENTAMENTO ENERGETICO,Ristrutturazione/recupero,300000.0,300000.0,2,2,1,1,1,0,1
F89J21006000005,Campania,013,064,064013,In Corso,ESECUZIONE LAVORI,"EDIFICI SOCIALI, CULTURALI E ASSISTENZIALI",Esecuzione lavori,0,0,0,2022-11-25,,2026-06-30,2022.0,1,MANUTENZIONE STRAORDINARIA CON EFFICIENTAMENTO ENERGETICO,Altro,2200000.0,2200000.0,5,5,1,1,4,0,1
F91B21001340001,Campania,129,065,065129,In Corso,COLLAUDO,ASILI NIDO,Collaudo non concluso,0,1,0,2022-02-22,,2026-05-01,2022.0,1,NUOVA REALIZZAZIONE,Nuova realizzazione,2187965.1,1937579.97,6,2,1,1,5,0,1
F91B21001490001,Lazio,016,060,060016,In Corso,ESECUZIONE LAVORI,ALTRI EDIFICI SCOLASTICI,Esecuzione lavori,0,0,0,2022-09-29,,2026-06-30,2022.0,1,MANUTENZIONE STRAORDINARIA DI ADEGUAMENTO SISMICO,Altro,867058.98,738235.44,9,8,1,1,8,0,1
F91B22000250006,Veneto,044,027,027044,Concluso,COLLAUDO,ASILI NIDO,Concluso,1,1,1,2022-10-19,2024-08-05,2024-12-31,2022.0,0,NUOVA REALIZZAZIONE,Nuova realizzazione,810000.0,583000.0,6,7,1,1,5,0,1
F91B22000450006,Campania,083,061,061083,In Corso,COLLAUDO,ASILI NIDO,Collaudo non concluso,0,1,0,2022-11-14,,2026-06-30,2022.0,0,NUOVA REALIZZAZIONE,Nuova realizzazione,1001143.42,910130.38,5,5,1,1,5,1,1
F91B22000550006,Sardegna,047,090,090047,In Corso,COLLAUDO,ASILI NIDO,Collaudo non concluso,0,1,0,2022-10-14,,2026-06-30,2022.0,0,NUOVA REALIZZAZIONE,Nuova realizzazione,3438548.46,1943113.64,4,7,1,1,3,0,1
F91B22000560006,Sardegna,047,090,090047,In Corso,COLLAUDO,ASILI NIDO,Collaudo non concluso,0,1,0,2022-10-14,,2026-06-30,2022.0,0,NUOVA REALIZZAZIONE,Nuova realizzazione,2854364.29,1624345.0,5,6,1,1,4,0,1
F91B22000610006,Veneto,035,027,027035,In Corso,COLLAUDO,ASILI NIDO,Collaudo non concluso,0,1,0,2022-02-11,,2026-06-30,2022.0,0,NUOVA REALIZZAZIONE,Nuova realizzazione,2504884.21,1700000.0,7,7,1,1,6,0,1
F91B22000690006,Friuli-Venezia Giulia,006,032,032006,In Corso,COLLAUDO,SCUOLE MATERNE,Collaudo non concluso,0,1,0,2022-10-28,,2026-06-30,2022.0,0,AMPLIAMENTO (COMPRESA SOPRAELEVAZIONE) O POTENZIAMENTO,Ampliamento,3188506.14,1699440.0,7,16,1,1,7,1,1
F91B22000750006,Lazio,016,060,060016,In Corso,COLLAUDO,ASILI NIDO,Collaudo non concluso,0,1,0,2022-10-22,,2026-12-31,2022.0,0,NUOVA REALIZZAZIONE,Nuova realizzazione,566938.9,515399.0,6,5,1,1,5,0,1
F91B22000820006,Veneto,017,027,027017,In Corso,COLLAUDO,ASILI NIDO,Collaudo non concluso,0,1,0,2022-09-08,,2026-06-30,2022.0,0,NUOVA REALIZZAZIONE,Nuova realizzazione,1520000.0,1200000.0,5,4,1,1,4,0,1
F93C22000030006,Puglia,090,075,075090,In Corso,ESECUZIONE LAVORI,ASILI NIDO,Esecuzione lavori,0,0,0,2023-01-24,,2026-06-30,2023.0,0,RISTRUTTURAZIONE CON EFFICIENTAMENTO ENERGETICO,Ristrutturazione/recupero,1771000.0,1610000.0,10,10,1,1,9,0,1
F93C22000280006,Toscana,030,050,050030,In Corso,COLLAUDO,ASILI NIDO,Collaudo non concluso,0,1,0,2023-03-02,,2026-06-30,2023.0,0,RISTRUTTURAZIONE CON EFFICIENTAMENTO ENERGETICO,Ristrutturazione/recupero,325000.0,325000.0,3,3,1,1,2,0,1
F93C24000400006,Toscana,052,048,048052,In Corso,ESECUZIONE LAVORI,ASILI NIDO,Esecuzione lavori,0,0,0,2024-06-28,,2026-12-31,2024.0,0,RISTRUTTURAZIONE CON EFFICIENTAMENTO ENERGETICO,Ristrutturazione/recupero,850000.0,600000.0,5,5,1,1,4,0,1
F93C24000410006,Sicilia,020,086,086020,In Corso,ESECUZIONE LAVORI,ASILI NIDO,Esecuzione lavori,0,0,0,2024-10-01,,2026-06-30,2024.0,0,RISTRUTTURAZIONE CON EFFICIENTAMENTO ENERGETICO,Ristrutturazione/recupero,576000.0,576000.0,2,2,1,1,1,0,1
F93D21005060001,Liguria,015,009,009015,In Corso,COLLAUDO,ASILI NIDO,Collaudo non concluso,0,1,0,2022-10-26,,2026-06-30,2022.0,0,AMPLIAMENTO (COMPRESA SOPRAELEVAZIONE) O POTENZIAMENTO,Ampliamento,1211325.1,1112093.17,11,11,1,1,11,1,1
F94D24000750006,Puglia,022,073,073022,In Corso,ESECUZIONE LAVORI,ASILI NIDO,Esecuzione lavori,0,0,0,2024-06-13,,2026-06-30,2024.0,0,MANUTENZIONE STRAORDINARIA CON EFFICIENTAMENTO ENERGETICO,Altro,1008000.0,1008000.0,2,2,1,1,1,0,1
F94E21000660001,Abruzzo,042,069,069042,In Corso,ESECUZIONE LAVORI,"EDIFICI SOCIALI, CULTURALI E ASSISTENZIALI",Esecuzione lavori,0,0,0,2022-12-01,,2026-12-31,2022.0,1,RISTRUTTURAZIONE (PER CAMBIO DI DESTINAZIONE D'USO),Ristrutturazione/recupero,1532382.27,1393074.79,7,9,1,1,6,0,1
F94E21000800001,Lazio,020,058,058020,In Corso,COLLAUDO,ASILI NIDO,Collaudo non concluso,0,1,0,2021-05-05,,2026-06-30,2021.0,1,RISTRUTTURAZIONE (PER CAMBIO DI DESTINAZIONE D'USO),Ristrutturazione/recupero,1268995.2,1153632.0,3,5,1,1,2,0,1
F94E22000390006,Piemonte,134,002,002134,In Corso,ESECUZIONE LAVORI,ASILI NIDO,Esecuzione lavori,0,0,0,2021-12-30,,2026-06-30,2021.0,0,RISTRUTTURAZIONE (PER CAMBIO DI DESTINAZIONE D'USO),Ristrutturazione/recupero,276266.96,211900.0,5,5,1,1,4,0,1
F94E22000400007,Molise,027,094,094027,In Corso,COLLAUDO,ASILI NIDO,Collaudo non concluso,0,1,0,2021-02-18,,2026-06-30,2021.0,0,AMPLIAMENTO (COMPRESA SOPRAELEVAZIONE) O POTENZIAMENTO,Ampliamento,550000.0,550000.0,2,2,1,1,1,0,1
F95E22000050006,Basilicata,015,076,076015,In Corso,ESECUZIONE LAVORI,ASILI NIDO,Esecuzione lavori,0,0,0,2023-05-11,,2026-03-01,2023.0,0,NUOVA REALIZZAZIONE,Nuova realizzazione,197000.0,168000.0,4,1,1,1,4,0,1
F95E22000060006,Puglia,015,072,072015,In Corso,COLLAUDO,ASILI NIDO,Collaudo non concluso,0,1,0,2022-09-08,,2026-06-30,2022.0,0,NUOVA REALIZZAZIONE,Nuova realizzazione,1290000.0,1290000.0,9,9,1,1,8,0,1
F95E22000090001,Lazio,015,056,056015,In Corso,ESECUZIONE LAVORI,SCUOLE MATERNE,Esecuzione lavori,0,0,0,2023-02-01,,2026-08-31,2023.0,0,NUOVA REALIZZAZIONE,Nuova realizzazione,5825072.0,5295520.0,11,11,1,1,10,0,1
F95E22000120006,Molise,084,070,070084,Concluso,COLLAUDO,ASILI NIDO,Concluso,1,1,1,2023-03-22,2025-12-17,2026-06-30,2023.0,0,NUOVA REALIZZAZIONE,Nuova realizzazione,1500340.0,1380000.0,10,11,1,1,8,0,1
F95E22000170006,Campania,083,061,061083,In Corso,COLLAUDO,ASILI NIDO,Collaudo non concluso,0,1,0,2022-10-20,,2026-06-30,2022.0,0,NUOVA REALIZZAZIONE,Nuova realizzazione,1442406.76,1311278.87,5,5,1,1,5,1,1
F95E22000220006,Friuli-Venezia Giulia,006,032,032006,In Corso,COLLAUDO,ASILI NIDO,Collaudo non concluso,0,1,0,2022-10-31,,2026-06-30,2022.0,0,NUOVA REALIZZAZIONE,Nuova realizzazione,3231730.51,2174400.0,8,17,1,1,8,1,1
F95E22000230006,Veneto,097,023,023097,In Corso,COLLAUDO,ASILI NIDO,Collaudo non concluso,0,1,0,2022-09-08,,2026-06-30,2022.0,0,NUOVA REALIZZAZIONE,Nuova realizzazione,1883930.0,996000.0,19,18,1,1,17,1,1
F95E22000240006,Sardegna,077,111,111077,In Corso,COLLAUDO,ASILI NIDO,Collaudo non concluso,0,1,0,,,2025-12-31,,0,NUOVA REALIZZAZIONE,Nuova realizzazione,2262438.25,1988865.8,1,0,1,0,0,0,1
F95E24000050006,Lazio,047,058,058047,In Corso,ESECUZIONE LAVORI,ASILI NIDO,Esecuzione lavori,0,0,0,2024-08-08,,2026-06-30,2024.0,0,NUOVA REALIZZAZIONE,Nuova realizzazione,2160000.0,2160000.0,4,4,1,1,2,0,1
F95E24000080006,Lazio,011,058,058011,In Corso,COLLAUDO,ASILI NIDO,Collaudo non concluso,0,1,0,2024-09-16,,2026-06-30,2024.0,0,NUOVA REALIZZAZIONE,Nuova realizzazione,1008000.0,1008000.0,4,4,1,1,0,0,1
F95E24000090006,Sicilia,098,083,083098,In Corso,ESECUZIONE LAVORI,ASILI NIDO,Esecuzione lavori,0,0,0,2024-11-29,,2026-06-30,2024.0,0,NUOVA REALIZZAZIONE,Nuova realizzazione,672000.0,672000.0,3,2,1,1,1,0,1
F95E25000040006,Puglia,022,073,073022,In Corso,STIPULA CONTRATTO,ASILI NIDO,Prima dell'esecuzione,0,0,0,,,2026-06-30,,0,NUOVA REALIZZAZIONE,Nuova realizzazione,864000.0,864000.0,3,3,1,1,2,0,1
F95E25000050006,Lazio,047,058,058047,In Corso,ESECUZIONE LAVORI,ASILI NIDO,Esecuzione lavori,0,0,0,2025-07-02,,2026-08-31,2025.0,0,NUOVA REALIZZAZIONE,Nuova realizzazione,2160000.0,2160000.0,7,7,1,1,6,0,1
F95E25000070006,Puglia,015,072,072015,In Corso,ESECUZIONE LAVORI,ASILI NIDO,Esecuzione lavori,0,0,0,2025-07-31,,2026-08-31,2025.0,0,NUOVA REALIZZAZIONE,Nuova realizzazione,864000.0,864000.0,4,4,1,1,3,0,1
F95E25000080006,Sicilia,107,083,083107,In Corso,ESECUZIONE LAVORI,ASILI NIDO,Esecuzione lavori,0,0,0,2025-09-26,,2026-06-30,2025.0,0,NUOVA REALIZZAZIONE,Nuova realizzazione,480000.0,480000.0,3,3,1,1,2,0,1
F95E25000110006,Calabria,034,102,102034,In Corso,Fase non disponibile,ASILI NIDO,Fase non disponibile,0,0,0,,,,,0,NUOVA REALIZZAZIONE,Nuova realizzazione,576000.0,576000.0,0,0,0,0,0,0,1
F96F22000150006,Campania,002,061,061002,In Corso,COLLAUDO,ASILI NIDO,Collaudo non concluso,0,1,0,2022-02-28,,2026-06-30,2022.0,0,DEMOLIZIONE,Demolizione/ricostruzione,587277.0,587277.0,3,2,1,1,2,0,1
F96F22000160006,Campania,021,065,065021,In Corso,ESECUZIONE LAVORI,ASILI NIDO,Esecuzione lavori,0,0,0,2022-12-22,,2026-12-31,2022.0,0,DEMOLIZIONE,Demolizione/ricostruzione,2700000.0,2700000.0,9,10,1,1,8,0,1
F98H22000230006,Abruzzo,042,069,069042,In Corso,ESECUZIONE LAVORI,ASILI NIDO,Esecuzione lavori,0,0,0,2022-09-08,,2026-12-31,2022.0,0,RISTRUTTURAZIONE (PER CAMBIO DI DESTINAZIONE D'USO),Ristrutturazione/recupero,500464.8,454968.0,4,6,1,1,3,0,1
F98H22000930002,Lazio,056,058,058056,In Corso,ESECUZIONE LAVORI,ASILI NIDO,Esecuzione lavori,0,0,0,2024-10-01,,2026-06-30,2024.0,0,AMPLIAMENTO (COMPRESA SOPRAELEVAZIONE) O POTENZIAMENTO,Ampliamento,480000.0,480000.0,3,3,1,1,2,0,1
F98H24000510006,Campania,066,065,065066,In Corso,ESECUZIONE LAVORI,ASILI NIDO,Esecuzione lavori,0,0,0,2024-06-18,,2027-04-26,2024.0,0,AMPLIAMENTO (COMPRESA SOPRAELEVAZIONE) O POTENZIAMENTO,Ampliamento,672000.0,672000.0,1,1,1,1,0,0,1
F98H24000580006,Sicilia,107,083,083107,In Corso,ESECUZIONE LAVORI,ASILI NIDO,Esecuzione lavori,0,0,0,2024-06-13,,2026-06-30,2024.0,0,AMPLIAMENTO (COMPRESA SOPRAELEVAZIONE) O POTENZIAMENTO,Ampliamento,480000.0,480000.0,5,5,1,1,4,0,1
F98H25000920006,Sicilia,001,082,082001,In Corso,ESECUZIONE LAVORI,ASILI NIDO,Esecuzione lavori,0,0,0,2025-12-30,,2026-06-30,2025.0,0,RISTRUTTURAZIONE (PER CAMBIO DI DESTINAZIONE D'USO),Ristrutturazione/recupero,560000.0,560000.0,2,1,1,1,1,0,1
F98I21001090001,Marche,028,041,041028,In Corso,ESECUZIONE LAVORI,SCUOLE MATERNE,Esecuzione lavori,0,0,0,2021-05-17,,2026-06-30,2021.0,1,RISTRUTTURAZIONE CON EFFICIENTAMENTO ENERGETICO,Ristrutturazione/recupero,1700000.0,1700000.0,8,10,1,1,5,0,1
G11B21003280001,Sicilia,012,086,086012,In Corso,ESECUZIONE LAVORI,ASILI NIDO,Esecuzione lavori,0,0,0,2021-03-22,,2026-06-30,2021.0,1,MANUTENZIONE STRAORDINARIA DI ADEGUAMENTO SISMICO,Altro,3856420.0,2995280.0,5,10,1,1,5,1,1
G11B21008540007,Sardegna,060,111,111060,In Corso,ESECUZIONE LAVORI,SCUOLE MATERNE,Esecuzione lavori,0,0,0,2023-11-27,,2025-12-31,2023.0,0,NUOVA REALIZZAZIONE,Nuova realizzazione,767407.79,655000.0,2,2,1,1,1,0,1
G11B22000260006,Veneto,017,023,023017,In Corso,COLLAUDO,ALTRI EDIFICI SCOLASTICI,Collaudo non concluso,0,1,0,2022-10-02,,2026-06-30,2022.0,0,NUOVA REALIZZAZIONE,Nuova realizzazione,422000.0,336000.0,5,6,1,1,4,0,1
G11B22000340006,Lazio,001,059,059001,In Corso,ESECUZIONE LAVORI,ASILI NIDO,Esecuzione lavori,0,0,0,2022-02-17,,2026-06-30,2022.0,0,NUOVA REALIZZAZIONE,Nuova realizzazione,1980000.0,1800000.0,8,10,1,1,7,0,1
G11B22000770006,Campania,022,065,065022,In Corso,COLLAUDO,SCUOLE MATERNE,Collaudo non concluso,0,1,0,2023-01-16,,2026-06-30,2023.0,0,NUOVA REALIZZAZIONE,Nuova realizzazione,1368471.45,1267103.2,5,4,1,1,3,0,1
G11B22000850006,Umbria,013,054,054013,In Corso,ESECUZIONE LAVORI,ASILI NIDO,Esecuzione lavori,0,0,0,2022-10-26,,2026-06-30,2022.0,0,NUOVA REALIZZAZIONE,Nuova realizzazione,1448531.06,925000.0,6,10,1,1,5,0,1
G11B22000870006,Piemonte,050,103,103050,In Corso,ESECUZIONE LAVORI,ASILI NIDO,Esecuzione lavori,0,0,0,2022-12-06,,2026-06-30,2022.0,0,NUOVA REALIZZAZIONE,Nuova realizzazione,3000000.0,2330000.0,9,13,1,1,5,1,1
G12C22000050006,Campania,055,062,062055,In Corso,ESECUZIONE LAVORI,SCUOLE MATERNE,Esecuzione lavori,0,0,0,2022-11-14,,2026-06-30,2022.0,0,DEMOLIZIONE,Demolizione/ricostruzione,1944800.0,1768000.0,11,10,1,1,10,0,1
G13C22000000006,Campania,026,063,063026,Concluso,COLLAUDO,ASILI NIDO,Concluso,1,1,1,2022-02-23,2025-07-31,2026-06-30,2022.0,0,RISTRUTTURAZIONE CON EFFICIENTAMENTO ENERGETICO,Ristrutturazione/recupero,605535.24,525750.0,4,4,1,1,3,0,1
G13C22000010006,Lombardia,134,015,015134,In Corso,ESECUZIONE LAVORI,SCUOLE MATERNE,Esecuzione lavori,0,0,0,,,2026-06-30,,0,RISTRUTTURAZIONE CON EFFICIENTAMENTO ENERGETICO,Ristrutturazione/recupero,1035000.0,1035000.0,2,1,1,1,1,0,1
G13C22000260006,Sicilia,019,087,087019,In Corso,COLLAUDO,ASILI NIDO,Collaudo non concluso,0,1,0,2022-11-15,,2026-01-30,2022.0,0,RISTRUTTURAZIONE CON EFFICIENTAMENTO ENERGETICO,Ristrutturazione/recupero,341495.0,341495.0,3,3,1,1,2,0,1
G13C25000120006,Campania,055,062,062055,In Corso,ESECUZIONE LAVORI,ASILI NIDO,Esecuzione lavori,0,0,0,2025-08-02,,2026-08-31,2025.0,0,RISTRUTTURAZIONE CON EFFICIENTAMENTO ENERGETICO,Ristrutturazione/recupero,720000.0,720000.0,6,5,1,1,5,0,1
G14D24002300001,Lombardia,110,018,018110,In Corso,COLLAUDO,ASILI NIDO,Collaudo non concluso,0,1,0,2024-11-04,,2026-06-30,2024.0,0,MANUTENZIONE STRAORDINARIA CON EFFICIENTAMENTO ENERGETICO,Altro,850000.0,500000.0,6,5,1,1,5,0,1
G14E21004040006,Trentino-Alto Adige,245,022,022245,In Corso,COLLAUDO,ASILI NIDO,Collaudo non concluso,0,1,0,2022-09-08,,2026-06-30,2022.0,0,RISTRUTTURAZIONE (PER CAMBIO DI DESTINAZIONE D'USO),Ristrutturazione/recupero,1695265.0,900000.0,21,18,1,1,20,0,1
G14E22000080006,Marche,001,109,109001,In Corso,COLLAUDO,ASILI NIDO,Collaudo non concluso,0,1,0,2023-04-07,,2026-06-30,2023.0,0,AMPLIAMENTO (COMPRESA SOPRAELEVAZIONE) O POTENZIAMENTO,Ampliamento,857303.91,847300.0,9,7,1,1,8,0,1
G15E22000030006,Veneto,041,029,029041,In Corso,COLLAUDO,ASILI NIDO,Collaudo non concluso,0,1,0,2022-10-26,,2026-06-30,2022.0,0,NUOVA REALIZZAZIONE,Nuova realizzazione,1384372.46,1258520.42,15,17,1,1,14,0,1
G15E22000060006,Abruzzo,094,066,066094,In Corso,ESECUZIONE LAVORI,SCUOLE MATERNE,Esecuzione lavori,0,0,0,2023-02-18,,2026-06-30,2023.0,0,NUOVA REALIZZAZIONE,Nuova realizzazione,813120.0,739200.0,5,5,1,0,5,0,1
G15E22000080006,Campania,078,064,064078,Concluso,COLLAUDO,SCUOLE MATERNE,Concluso,1,1,1,2022-02-22,2026-03-28,2026-03-30,2022.0,0,NUOVA REALIZZAZIONE,Nuova realizzazione,1128000.0,1128000.0,7,7,1,1,6,0,1
G15E22000120006,Lombardia,137,018,018137,In Corso,ESECUZIONE LAVORI,SCUOLE MATERNE,Esecuzione lavori,0,0,0,2021-12-31,,2026-05-31,2021.0,0,NUOVA REALIZZAZIONE,Nuova realizzazione,3056780.0,2419800.0,2,0,1,1,1,0,1
G15E22000160006,Lazio,016,056,056016,In Corso,ESECUZIONE LAVORI,ASILI NIDO,Esecuzione lavori,0,0,0,2022-11-17,,2026-01-10,2022.0,0,NUOVA REALIZZAZIONE,Nuova realizzazione,972368.96,900000.0,3,2,1,1,2,0,1
G15E22000190006,Campania,022,065,065022,In Corso,COLLAUDO,SCUOLE MATERNE,Collaudo non concluso,0,1,0,2021-12-02,,2026-06-30,2021.0,0,NUOVA REALIZZAZIONE,Nuova realizzazione,3078000.0,2850000.0,4,3,1,1,2,0,1
G15E22000240006,Sardegna,096,111,111096,In Corso,COLLAUDO,ASILI NIDO,Collaudo non concluso,0,1,0,2021-12-02,,2026-06-30,2021.0,0,NUOVA REALIZZAZIONE,Nuova realizzazione,2065250.0,1877500.0,4,5,1,1,4,1,1
G15E22000250006,Campania,022,065,065022,In Corso,COLLAUDO,ASILI NIDO,Collaudo non concluso,0,1,0,2022-11-17,,2026-06-30,2022.0,0,NUOVA REALIZZAZIONE,Nuova realizzazione,1469906.79,1336278.9,4,3,1,1,3,0,1
G15E22000260006,Veneto,017,023,023017,In Corso,COLLAUDO,ASILI NIDO,Collaudo non concluso,0,1,0,2022-10-11,,2026-06-30,2022.0,0,NUOVA REALIZZAZIONE,Nuova realizzazione,418766.84,352891.0,4,4,1,1,3,0,1
G15E22000270006,Umbria,013,054,054013,In Corso,COLLAUDO,ASILI NIDO,Collaudo non concluso,0,1,0,2022-10-26,,2026-06-30,2022.0,0,NUOVA REALIZZAZIONE,Nuova realizzazione,1235378.96,1043900.0,7,7,1,1,6,0,1
G15E22000280006,Sardegna,084,090,090084,In Corso,ESECUZIONE LAVORI,ASILI NIDO,Esecuzione lavori,0,0,0,2023-03-03,,2026-06-30,2023.0,0,NUOVA REALIZZAZIONE,Nuova realizzazione,2090880.0,1900800.0,5,9,1,1,4,1,1
G15E23000280006,Campania,084,061,061084,In Corso,COLLAUDO,ASILI NIDO,Collaudo non concluso,0,1,0,2025-07-21,,2026-06-30,2025.0,0,NUOVA REALIZZAZIONE,Nuova realizzazione,480000.0,480000.0,2,2,1,1,1,0,1
G15E24000190006,Sicilia,019,087,087019,In Corso,ESECUZIONE LAVORI,ASILI NIDO,Esecuzione lavori,0,0,0,2024-05-15,,2026-06-30,2024.0,0,NUOVA REALIZZAZIONE,Nuova realizzazione,1440000.0,1440000.0,5,5,1,1,2,0,1
G15E24000220006,Sicilia,001,087,087001,In Corso,COLLAUDO,ASILI NIDO,Collaudo non concluso,0,1,0,2024-08-20,,2026-06-30,2024.0,0,NUOVA REALIZZAZIONE,Nuova realizzazione,480000.0,480000.0,4,4,1,1,3,0,1
G15E24000230006,Campania,062,063,063062,In Corso,ESECUZIONE LAVORI,ASILI NIDO,Esecuzione lavori,0,0,0,2024-08-30,,2026-08-31,2024.0,0,NUOVA REALIZZAZIONE,Nuova realizzazione,1152000.0,1152000.0,4,2,1,1,2,0,1
G15E24000240006,Campania,022,065,065022,In Corso,ESECUZIONE LAVORI,ASILI NIDO,Esecuzione lavori,0,0,0,2024-09-05,,2026-06-30,2024.0,0,NUOVA REALIZZAZIONE,Nuova realizzazione,1008000.0,1008000.0,3,3,1,1,2,0,1
G15E25000180006,Piemonte,066,005,005066,In Corso,ESECUZIONE LAVORI,ASILI NIDO,Esecuzione lavori,0,0,0,2025-08-08,,2026-06-30,2025.0,0,NUOVA REALIZZAZIONE,Nuova realizzazione,520000.0,480000.0,4,4,1,1,3,0,1
G15E25000340006,Lazio,062,060,060062,In Corso,ESECUZIONE LAVORI,ASILI NIDO,Esecuzione lavori,0,0,0,2025-09-16,,2026-06-30,2025.0,0,NUOVA REALIZZAZIONE,Nuova realizzazione,600000.0,600000.0,4,2,1,1,2,0,1
G16F22000010006,Lombardia,134,015,015134,In Corso,ESECUZIONE LAVORI,ASILI NIDO,Esecuzione lavori,0,0,0,2023-11-22,,2026-06-30,2023.0,0,DEMOLIZIONE,Demolizione/ricostruzione,1310798.0,1310798.0,2,1,1,1,1,0,1
G16F25000000006,Calabria,007,080,080007,In Corso,STIPULA CONTRATTO,ASILI NIDO,Prima dell'esecuzione,0,0,0,2025-09-18,,2026-06-30,2025.0,0,DEMOLIZIONE,Demolizione/ricostruzione,672000.0,672000.0,0,0,0,0,0,0,1
G18H22000030006,Piemonte,038,001,001038,In Corso,COLLAUDO,SCUOLE MATERNE,Collaudo non concluso,0,1,0,2022-10-14,,2026-06-30,2022.0,0,AMPLIAMENTO (COMPRESA SOPRAELEVAZIONE) O POTENZIAMENTO,Ampliamento,895000.0,895000.0,4,4,1,1,3,0,1
G18H22000300006,Toscana,025,053,053025,In Corso,COLLAUDO,ASILI NIDO,Collaudo non concluso,0,1,0,2022-11-16,,2026-03-31,2022.0,0,RISTRUTTURAZIONE (PER CAMBIO DI DESTINAZIONE D'USO),Ristrutturazione/recupero,303700.0,303700.0,3,3,1,1,2,0,1
G18H24000820006,Sicilia,099,083,083099,In Corso,ESECUZIONE LAVORI,ASILI NIDO,Esecuzione lavori,0,0,0,2024-05-15,,2026-06-30,2024.0,0,RISTRUTTURAZIONE (PER CAMBIO DI DESTINAZIONE D'USO),Ristrutturazione/recupero,560000.0,560000.0,2,2,1,1,1,0,1
G18H24000940006,Puglia,091,075,075091,In Corso,ESECUZIONE LAVORI,ASILI NIDO,Esecuzione lavori,0,0,0,2024-06-13,,2026-06-30,2024.0,0,RISTRUTTURAZIONE (PER CAMBIO DI DESTINAZIONE D'USO),Ristrutturazione/recupero,480000.0,480000.0,4,4,1,1,3,0,1
G18H25000130006,Campania,040,065,065040,In Corso,ESECUZIONE LAVORI,ASILI NIDO,Esecuzione lavori,0,0,0,2025-07-10,,2026-06-30,2025.0,0,RISTRUTTURAZIONE (PER CAMBIO DI DESTINAZIONE D'USO),Ristrutturazione/recupero,400000.0,400000.0,3,3,1,1,2,0,1
G18H25000140006,Lombardia,061,020,020061,In Corso,ESECUZIONE LAVORI,ASILI NIDO,Esecuzione lavori,0,0,0,2025-12-22,,2026-06-30,2025.0,0,RISTRUTTURAZIONE (PER CAMBIO DI DESTINAZIONE D'USO),Ristrutturazione/recupero,800000.0,400000.0,5,5,1,1,4,0,1
G18H25000490006,Puglia,091,075,075091,In Corso,Fase non disponibile,ASILI NIDO,Fase non disponibile,0,0,0,,,,,0,RISTRUTTURAZIONE (PER CAMBIO DI DESTINAZIONE D'USO),Ristrutturazione/recupero,400000.0,400000.0,0,0,0,0,0,0,1
G18I21000840005,Lazio,001,059,059001,In Corso,ESECUZIONE LAVORI,"EDIFICI SOCIALI, CULTURALI E ASSISTENZIALI",Esecuzione lavori,0,0,0,2022-10-11,,2026-06-30,2022.0,1,RISTRUTTURAZIONE CON EFFICIENTAMENTO ENERGETICO,Ristrutturazione/recupero,1746886.46,1504078.6,8,9,1,1,7,0,1
G18I21001610006,Lombardia,102,013,013102,Concluso,COLLAUDO,ASILI NIDO,Concluso,1,1,1,2022-10-25,2024-12-23,2024-12-23,2022.0,0,RISTRUTTURAZIONE CON EFFICIENTAMENTO ENERGETICO,Ristrutturazione/recupero,990000.0,900000.0,2,2,1,1,1,0,1
G18I22000290006,Lombardia,110,018,018110,Concluso,COLLAUDO,ASILI NIDO,Concluso,1,1,1,2022-09-08,2024-12-13,2024-12-13,2022.0,0,RISTRUTTURAZIONE CON EFFICIENTAMENTO ENERGETICO,Ristrutturazione/recupero,620000.0,620000.0,3,3,1,1,2,0,1
G18I22000300006,Lombardia,110,018,018110,Concluso,COLLAUDO,ASILI NIDO,Concluso,1,1,1,2022-09-08,2024-10-10,2024-10-10,2022.0,0,RISTRUTTURAZIONE CON EFFICIENTAMENTO ENERGETICO,Ristrutturazione/recupero,510000.0,510000.0,3,3,1,1,2,0,1
G21B21002140001,Liguria,055,008,008055,In Corso,COLLAUDO,SCUOLE MATERNE,Collaudo non concluso,0,1,0,2022-10-19,,2026-06-30,2022.0,1,NUOVA REALIZZAZIONE,Nuova realizzazione,2454968.0,2000000.0,8,9,1,1,7,0,1
G21B21002410001,Lazio,033,057,057033,Concluso,COLLAUDO,ALTRE STRUTTURE SOCIALI,Concluso,1,1,1,2021-03-22,2026-05-21,2026-06-30,2021.0,1,MANUTENZIONE STRAORDINARIA DI ADEGUAMENTO SISMICO,Altro,1320000.0,1200000.0,5,5,1,1,4,0,1
G21B22000210006,Emilia-Romagna,011,034,034011,In Corso,COLLAUDO,SCUOLE MATERNE,Collaudo non concluso,0,1,0,2022-12-10,,2026-06-30,2022.0,0,NUOVA REALIZZAZIONE,Nuova realizzazione,1441325.96,1310296.33,7,7,1,1,6,0,1
G21B22000380001,Lombardia,061,097,097061,In Corso,COLLAUDO,ASILI NIDO,Collaudo non concluso,0,1,0,2022-11-09,,2024-09-30,2022.0,0,NUOVA REALIZZAZIONE,Nuova realizzazione,1091248.07,821142.0,5,4,1,1,4,0,1
G21B22000410006,Marche,010,042,042010,In Corso,COLLAUDO,ASILI NIDO,Collaudo non concluso,0,1,0,2022-01-10,,2026-06-30,2022.0,0,MANUTENZIONE STRAORDINARIA DI ADEGUAMENTO SISMICO,Altro,2508000.0,2280000.0,10,9,1,1,9,0,1
G21B22001120006,Campania,095,065,065095,In Corso,ESECUZIONE LAVORI,ASILI NIDO,Esecuzione lavori,0,0,0,2022-10-26,,2025-12-31,2022.0,0,NUOVA REALIZZAZIONE,Nuova realizzazione,1100000.0,1100000.0,7,2,1,1,6,0,1
G21B22001380006,Lombardia,034,016,016034,Concluso,COLLAUDO,ASILI NIDO,Concluso,1,1,1,2022-10-26,2025-07-24,2026-06-30,2022.0,0,NUOVA REALIZZAZIONE,Nuova realizzazione,660000.0,600000.0,6,6,1,1,5,1,1
G22C22000080006,Liguria,055,008,008055,In Corso,ESECUZIONE LAVORI,SCUOLE MATERNE,Esecuzione lavori,0,0,0,2022-10-21,,2026-09-30,2022.0,0,DEMOLIZIONE,Demolizione/ricostruzione,3584736.0,1949760.0,12,12,1,1,11,0,1
G22C22000140006,Abruzzo,032,066,066032,Concluso,COLLAUDO,SCUOLE MATERNE,Concluso,1,1,1,2023-03-01,2025-08-31,2025-10-10,2023.0,0,DEMOLIZIONE,Demolizione/ricostruzione,890400.0,787200.0,5,3,1,1,4,0,1
G23C22000020006,Puglia,035,072,072035,In Corso,ESECUZIONE LAVORI,SCUOLE MATERNE,Esecuzione lavori,0,0,0,2022-01-26,,2026-03-15,2022.0,0,RISTRUTTURAZIONE CON EFFICIENTAMENTO ENERGETICO,Ristrutturazione/recupero,1515000.0,1105000.0,8,3,1,1,8,1,1
G23C22000040006,Calabria,020,101,101020,In Corso,COLLAUDO,SCUOLE MATERNE,Collaudo non concluso,0,1,0,2022-11-28,,2026-03-31,2022.0,0,RISTRUTTURAZIONE CON EFFICIENTAMENTO ENERGETICO,Ristrutturazione/recupero,494125.4,494125.4,3,1,1,1,2,0,1
G23C22000460006,Abruzzo,032,066,066032,In Corso,COLLAUDO,ASILI NIDO,Collaudo non concluso,0,1,0,2023-03-02,,2026-06-30,2023.0,0,RISTRUTTURAZIONE CON EFFICIENTAMENTO ENERGETICO,Ristrutturazione/recupero,2937800.04,2750000.0,4,5,1,1,3,0,1
G23C24000950006,Campania,072,063,063072,In Corso,COLLAUDO,ASILI NIDO,Collaudo non concluso,0,1,0,2024-06-04,,2026-06-30,2024.0,0,RISTRUTTURAZIONE CON EFFICIENTAMENTO ENERGETICO,Ristrutturazione/recupero,1360000.0,1360000.0,5,5,1,1,4,2,1
G23C24000970001,Lombardia,099,015,015099,Concluso,COLLAUDO,ASILI NIDO,Concluso,1,1,1,2024-06-01,2025-09-19,2025-09-19,2024.0,0,RISTRUTTURAZIONE CON EFFICIENTAMENTO ENERGETICO,Ristrutturazione/recupero,665000.0,400000.0,4,4,1,1,4,0,1
G23C24001060002,Veneto,107,028,028107,In Corso,COLLAUDO,ASILI NIDO,Collaudo non concluso,0,1,0,2024-10-25,,2026-06-30,2024.0,0,RISTRUTTURAZIONE CON EFFICIENTAMENTO ENERGETICO,Ristrutturazione/recupero,1138000.0,560000.0,4,4,1,0,3,0,1
G23C25000380006,Campania,063,063,063063,In Corso,COLLAUDO,ASILI NIDO,Collaudo non concluso,0,1,0,2025-03-17,,2026-08-31,2025.0,0,RISTRUTTURAZIONE CON EFFICIENTAMENTO ENERGETICO,Ristrutturazione/recupero,1000000.0,1000000.0,2,1,1,1,1,0,1
G23C25000400006,Campania,063,063,063063,In Corso,COLLAUDO,ASILI NIDO,Collaudo non concluso,0,1,0,2025-05-16,,2026-08-30,2025.0,0,RISTRUTTURAZIONE CON EFFICIENTAMENTO ENERGETICO,Ristrutturazione/recupero,680000.0,680000.0,2,2,1,1,1,0,1
G23C25000560006,Veneto,107,028,028107,In Corso,ESECUZIONE LAVORI,ASILI NIDO,Esecuzione lavori,0,0,0,2025-09-11,,2026-08-31,2025.0,0,RISTRUTTURAZIONE CON EFFICIENTAMENTO ENERGETICO,Ristrutturazione/recupero,480000.0,480000.0,2,1,1,0,1,0,1
G23C25000570006,Campania,131,065,065131,In Corso,Fase non disponibile,ASILI NIDO,Fase non disponibile,0,0,0,,,,,0,RISTRUTTURAZIONE CON EFFICIENTAMENTO ENERGETICO,Ristrutturazione/recupero,360000.0,360000.0,0,0,0,0,0,0,1
G24E21000140001,Emilia-Romagna,050,037,037050,In Corso,COLLAUDO,ASILI NIDO,Collaudo non concluso,0,1,0,2022-01-25,,2026-06-30,2022.0,1,AMPLIAMENTO (COMPRESA SOPRAELEVAZIONE) O POTENZIAMENTO,Ampliamento,1650000.0,1500000.0,10,9,1,1,9,0,1
G24E21000860005,Lazio,033,057,057033,Concluso,COLLAUDO,ALTRE STRUTTURE SOCIALI,Concluso,1,1,1,2021-03-22,2026-06-03,2026-06-03,2021.0,1,RISTRUTTURAZIONE (PER CAMBIO DI DESTINAZIONE D'USO),Ristrutturazione/recupero,1980000.01,1800000.01,6,6,1,1,5,0,1
G24E22000050006,Toscana,002,047,047002,In Corso,COLLAUDO,ASILI NIDO,Collaudo non concluso,0,1,0,2022-02-01,,2026-06-30,2022.0,0,RISTRUTTURAZIONE (PER CAMBIO DI DESTINAZIONE D'USO),Ristrutturazione/recupero,591212.94,460000.0,3,1,1,1,2,0,1
G24E22000280006,Trentino-Alto Adige,228,022,022228,Concluso,COLLAUDO,ASILI NIDO,Concluso,1,1,1,2023-08-04,2024-09-10,2025-11-30,2023.0,0,AMPLIAMENTO (COMPRESA SOPRAELEVAZIONE) O POTENZIAMENTO,Ampliamento,640000.0,640000.0,4,6,1,1,3,0,1
G24E22000290006,Abruzzo,017,069,069017,Concluso,COLLAUDO,ASILI NIDO,Concluso,1,1,1,2022-02-05,2026-03-16,2026-04-30,2022.0,0,AMPLIAMENTO (COMPRESA SOPRAELEVAZIONE) O POTENZIAMENTO,Ampliamento,957000.0,870000.0,5,5,1,1,4,0,1
G25E22000020006,Calabria,138,078,078138,In Corso,COLLAUDO,ASILI NIDO,Collaudo non concluso,0,1,0,2021-12-01,,2026-06-30,2021.0,0,NUOVA REALIZZAZIONE,Nuova realizzazione,982800.0,910000.0,4,4,1,1,3,0,1
G25E22000030006,Liguria,055,008,008055,In Corso,ESECUZIONE LAVORI,SCUOLE MATERNE,Esecuzione lavori,0,0,0,2022-10-21,,2026-06-30,2022.0,0,NUOVA REALIZZAZIONE,Nuova realizzazione,3095317.8,1752000.0,9,8,1,1,8,0,1
G25E22000060006,Veneto,037,027,027037,In Corso,COLLAUDO,ASILI NIDO,Collaudo non concluso,0,1,0,2022-02-01,,2026-06-30,2022.0,0,NUOVA REALIZZAZIONE,Nuova realizzazione,1003551.51,912319.55,5,5,1,1,3,0,1
G25E22000110006,Puglia,038,075,075038,In Corso,COLLAUDO,ASILI NIDO,Collaudo non concluso,0,1,0,2022-12-14,,2026-06-30,2022.0,0,NUOVA REALIZZAZIONE,Nuova realizzazione,1146970.0,1042700.0,4,1,1,1,3,1,1
G25E22000130006,Sicilia,029,087,087029,In Corso,ESECUZIONE LAVORI,ASILI NIDO,Esecuzione lavori,0,0,0,2022-09-08,,2026-10-01,2022.0,0,NUOVA REALIZZAZIONE,Nuova realizzazione,1341120.0,1219200.0,3,5,1,1,3,1,1
G25E22000140006,Sicilia,029,087,087029,In Corso,ESECUZIONE LAVORI,SCUOLE MATERNE,Esecuzione lavori,0,0,0,2022-02-28,,2026-08-30,2022.0,0,NUOVA REALIZZAZIONE,Nuova realizzazione,1874400.0,1704000.0,4,3,1,1,4,1,1
G25E22000150006,Puglia,013,074,074013,In Corso,COLLAUDO,ASILI NIDO,Collaudo non concluso,0,1,0,2022-12-15,,2026-08-31,2022.0,0,NUOVA REALIZZAZIONE,Nuova realizzazione,2112000.0,1920000.0,10,9,1,1,9,0,1
G25E22000190006,Sicilia,029,087,087029,In Corso,ESECUZIONE LAVORI,SCUOLE MATERNE,Esecuzione lavori,0,0,0,2022-02-28,,2026-08-30,2022.0,0,NUOVA REALIZZAZIONE,Nuova realizzazione,2923987.0,2658170.0,3,4,1,1,3,1,1
G25E22000240006,Sicilia,029,087,087029,In Corso,ESECUZIONE LAVORI,ASILI NIDO,Esecuzione lavori,0,0,0,2022-02-28,,2026-08-30,2022.0,0,NUOVA REALIZZAZIONE,Nuova realizzazione,1980000.0,1800000.0,2,4,1,1,2,1,1
G25E22000250006,Puglia,035,072,072035,In Corso,ESECUZIONE LAVORI,ASILI NIDO,Esecuzione lavori,0,0,0,2022-03-25,,2026-03-30,2022.0,0,NUOVA REALIZZAZIONE,Nuova realizzazione,1410000.0,1410000.0,4,2,1,1,4,1,1
G25E22000270006,Calabria,053,080,080053,In Corso,ESECUZIONE LAVORI,ASILI NIDO,Esecuzione lavori,0,0,0,2022-12-07,,2026-06-30,2022.0,0,NUOVA REALIZZAZIONE,Nuova realizzazione,1000000.0,1000000.0,5,5,1,1,4,0,1
G25E24000110006,Sicilia,029,087,087029,In Corso,ESECUZIONE LAVORI,ASILI NIDO,Esecuzione lavori,0,0,0,2024-06-13,,2026-08-30,2024.0,0,NUOVA REALIZZAZIONE,Nuova realizzazione,1584000.0,1584000.0,2,1,1,1,1,1,1
G25E24000120006,Calabria,003,078,078003,In Corso,ESECUZIONE LAVORI,ASILI NIDO,Esecuzione lavori,0,0,0,2024-04-30,,2026-06-30,2024.0,0,NUOVA REALIZZAZIONE,Nuova realizzazione,1008000.0,1008000.0,6,3,1,1,5,0,1
G25E24000130006,Calabria,138,078,078138,In Corso,ESECUZIONE LAVORI,ASILI NIDO,Esecuzione lavori,0,0,0,2024-06-17,,2026-06-30,2024.0,0,NUOVA REALIZZAZIONE,Nuova realizzazione,720000.0,720000.0,3,3,1,1,2,0,1
G25E24000140001,Basilicata,089,076,076089,In Corso,ESECUZIONE LAVORI,ASILI NIDO,Esecuzione lavori,0,0,0,2024-10-04,,2026-06-30,2024.0,0,NUOVA REALIZZAZIONE,Nuova realizzazione,696000.0,576000.0,2,2,1,1,1,0,1
G25E24000150006,Toscana,002,047,047002,In Corso,ESECUZIONE LAVORI,ASILI NIDO,Esecuzione lavori,0,0,0,2024-12-05,,2026-08-31,2024.0,0,NUOVA REALIZZAZIONE,Nuova realizzazione,1659672.25,1440000.0,12,12,1,1,11,0,1
G25E25000180006,Campania,002,062,062002,In Corso,COLLAUDO,ASILI NIDO,Collaudo non concluso,0,1,0,2025-08-07,,2026-06-30,2025.0,0,NUOVA REALIZZAZIONE,Nuova realizzazione,480000.0,480000.0,2,2,1,1,1,0,1
G25E25000260006,Calabria,138,078,078138,In Corso,ESECUZIONE LAVORI,ASILI NIDO,Esecuzione lavori,0,0,0,,,,,0,NUOVA REALIZZAZIONE,Nuova realizzazione,950000.0,950000.0,2,2,1,1,1,0,1
G25E25000290006,Calabria,020,101,101020,In Corso,Fase non disponibile,ASILI NIDO,Fase non disponibile,0,0,0,,,,,0,NUOVA REALIZZAZIONE,Nuova realizzazione,576000.0,576000.0,0,0,0,0,0,0,1
G25F21000670001,Campania,063,063,063063,In Corso,COLLAUDO,SCUOLE MATERNE,Collaudo non concluso,0,1,0,2022-09-22,,2026-06-30,2022.0,1,MANUTENZIONE STRAORDINARIA PER MESSA IN SICUREZZA (ESCLUSO DISSESTO IDROGEOLOGICO),Altro,2613403.11,2613403.11,5,3,1,1,4,0,1
G27G22000000006,Lazio,015,057,057015,Concluso,COLLAUDO,ASILI NIDO,Concluso,1,1,1,2022-09-08,2025-04-18,2025-12-31,2022.0,0,RECUPERO,Ristrutturazione/recupero,323000.0,234000.0,2,2,1,1,1,0,1
G27G22000120006,Basilicata,089,076,076089,In Corso,ESECUZIONE LAVORI,SCUOLE MATERNE,Esecuzione lavori,0,0,0,2023-05-09,,2025-12-31,2023.0,0,RECUPERO,Ristrutturazione/recupero,84652.7,76957.0,3,2,1,1,3,0,1
G27G24000080006,Sicilia,017,087,087017,In Corso,COLLAUDO,ASILI NIDO,Collaudo non concluso,0,1,0,2024-12-10,,2026-06-30,2024.0,0,RECUPERO,Ristrutturazione/recupero,2720000.0,2720000.0,2,1,1,1,1,0,2
G27G24000090006,Campania,045,063,063045,In Corso,COLLAUDO,ASILI NIDO,Collaudo non concluso,0,1,0,2024-04-30,,2026-06-30,2024.0,0,RECUPERO,Ristrutturazione/recupero,2300000.0,2300000.0,3,5,1,1,2,1,1
G28H22000020006,Abruzzo,030,067,067030,In Corso,ESECUZIONE LAVORI,ASILI NIDO,Esecuzione lavori,0,0,0,2022-11-14,,2026-06-30,2022.0,0,AMPLIAMENTO (COMPRESA SOPRAELEVAZIONE) O POTENZIAMENTO,Ampliamento,1137292.74,720000.0,7,6,1,1,7,1,1
G28H22000130006,Lazio,033,057,057033,Concluso,COLLAUDO,ASILI NIDO,Concluso,1,1,1,2022-09-08,2026-03-16,2026-03-16,2022.0,0,RISTRUTTURAZIONE (PER CAMBIO DI DESTINAZIONE D'USO),Ristrutturazione/recupero,355201.33,322910.3,3,2,1,1,2,0,1
G28H22000170006,Sardegna,009,092,092009,In Corso,COLLAUDO,ASILI NIDO,Collaudo non concluso,0,1,0,2022-12-06,,2026-06-30,2022.0,0,RISTRUTTURAZIONE (PER CAMBIO DI DESTINAZIONE D'USO),Ristrutturazione/recupero,1456000.0,1456000.0,2,3,1,1,0,0,1
G28H24000690006,Puglia,017,072,072017,In Corso,ESECUZIONE LAVORI,ASILI NIDO,Esecuzione lavori,0,0,0,2024-07-27,,2026-06-30,2024.0,0,AMPLIAMENTO (COMPRESA SOPRAELEVAZIONE) O POTENZIAMENTO,Ampliamento,720000.0,720000.0,1,1,1,1,0,0,1
G28H24000700006,Puglia,035,072,072035,In Corso,COLLAUDO,ASILI NIDO,Collaudo non concluso,0,1,0,2024-10-16,,2026-06-30,2024.0,0,AMPLIAMENTO (COMPRESA SOPRAELEVAZIONE) O POTENZIAMENTO,Ampliamento,720000.0,720000.0,2,3,1,0,1,0,1
G28H24000710006,Sicilia,038,087,087038,In Corso,COLLAUDO/REGOLARE ESECUZIONE,ASILI NIDO,Collaudo non concluso,0,1,0,2024-09-05,,2026-06-30,2024.0,0,RISTRUTTURAZIONE (PER CAMBIO DI DESTINAZIONE D'USO),Ristrutturazione/recupero,720000.0,720000.0,3,2,1,1,1,0,1
G28H25000290006,Calabria,003,078,078003,In Corso,COLLAUDO,ASILI NIDO,Collaudo non concluso,0,1,0,2025-03-17,,2026-06-30,2025.0,0,RISTRUTTURAZIONE (PER CAMBIO DI DESTINAZIONE D'USO),Ristrutturazione/recupero,720000.0,720000.0,2,1,1,1,1,0,1
G28H25000400006,Abruzzo,032,066,066032,In Corso,ESECUZIONE LAVORI,ASILI NIDO,Esecuzione lavori,0,0,0,2025-11-10,,2026-06-30,2025.0,0,AMPLIAMENTO (COMPRESA SOPRAELEVAZIONE) O POTENZIAMENTO,Ampliamento,607749.75,350606.0,2,1,1,1,1,0,1
G28I22000130006,Sardegna,013,090,090013,In Corso,COLLAUDO,ASILI NIDO,Collaudo non concluso,0,1,0,2023-05-31,,2026-06-30,2023.0,0,RISTRUTTURAZIONE CON EFFICIENTAMENTO ENERGETICO,Ristrutturazione/recupero,2067818.77,2031192.0,2,1,1,1,1,0,1
G31B20001750005,Liguria,011,008,008011,In Corso,COLLAUDO,ASILI NIDO,Collaudo non concluso,0,1,0,2022-09-22,,2026-06-30,2022.0,1,NUOVA REALIZZAZIONE,Nuova realizzazione,1226400.0,1064000.0,15,16,1,1,14,0,1
G31B21002780001,Calabria,157,078,078157,In Corso,COLLAUDO,ASILI NIDO,Collaudo non concluso,0,1,0,2022-12-23,,2026-06-30,2022.0,1,NUOVA REALIZZAZIONE,Nuova realizzazione,3000000.0,3000000.0,15,14,1,1,14,0,1
G31B21002840001,Toscana,016,045,045016,In Corso,COLLAUDO,"EDIFICI SOCIALI, CULTURALI E ASSISTENZIALI",Collaudo non concluso,0,1,0,2023-03-15,,2026-06-30,2023.0,0,NUOVA REALIZZAZIONE,Nuova realizzazione,2500000.0,2500000.0,7,9,1,1,5,0,1
G31B22000210006,Molise,078,070,070078,In Corso,ESECUZIONE LAVORI,ASILI NIDO,Esecuzione lavori,0,0,0,2022-10-27,,2026-06-30,2022.0,0,NUOVA REALIZZAZIONE,Nuova realizzazione,3230000.0,2800000.0,4,4,1,1,2,0,1
G31B22000220006,Molise,078,070,070078,In Corso,ESECUZIONE LAVORI,ASILI NIDO,Esecuzione lavori,0,0,0,2022-10-27,,2026-06-30,2022.0,0,NUOVA REALIZZAZIONE,Nuova realizzazione,1572000.0,1400000.0,3,3,1,1,2,0,1
G31B22000310006,Lombardia,085,018,018085,Concluso,COLLAUDO,SCUOLE MATERNE,Concluso,1,1,1,2023-04-03,2026-04-03,2026-04-03,2023.0,0,NUOVA REALIZZAZIONE,Nuova realizzazione,1348089.68,1225536.07,5,4,1,1,4,0,1
G31B22000450006,Molise,078,070,070078,In Corso,ESECUZIONE LAVORI,SCUOLE MATERNE,Esecuzione lavori,0,0,0,2022-10-27,,2026-06-30,2022.0,0,NUOVA REALIZZAZIONE,Nuova realizzazione,2415614.0,2068740.0,4,4,1,1,2,0,1
G31B22000990006,Campania,014,061,061014,In Corso,ESECUZIONE LAVORI,ASILI NIDO,Esecuzione lavori,0,0,0,2022-11-15,,2026-06-30,2022.0,0,NUOVA REALIZZAZIONE,Nuova realizzazione,1321463.4,1001600.0,4,3,1,1,3,0,1
G31B22001250006,Trentino-Alto Adige,006,021,021006,In Corso,COLLAUDO,SCUOLE MATERNE,Collaudo non concluso,0,1,0,2023-01-18,,2026-06-30,2023.0,0,NUOVA REALIZZAZIONE,Nuova realizzazione,7949999.51,4200000.0,15,18,1,1,10,0,1
G31I24000140006,Campania,019,063,063019,In Corso,ESECUZIONE LAVORI,ASILI NIDO,Esecuzione lavori,0,0,0,2024-08-23,,2026-06-30,2024.0,0,ALTRO,Altro,480000.0,480000.0,1,1,1,1,0,0,1
G32C21000540001,Emilia-Romagna,017,036,036017,In Corso,COLLAUDO,ASILI NIDO,Collaudo non concluso,0,1,0,2021-05-19,,2026-06-30,2021.0,1,DEMOLIZIONE,Demolizione/ricostruzione,924719.49,535946.99,11,8,1,1,9,0,1
G32C21000590004,Toscana,020,052,052020,Concluso,COLLAUDO,ALTRE INFRASTRUTTURE,Concluso,1,1,1,2022-10-10,2025-05-16,2025-12-31,2022.0,1,MANUTENZIONE STRAORDINARIA DI MIGLIORAMENTO SISMICO,Altro,488000.0,463500.0,5,5,1,1,4,0,1
G33C22000000006,Trentino-Alto Adige,024,021,021024,In Corso,ESECUZIONE LAVORI,ASILI NIDO,Esecuzione lavori,0,0,0,2023-04-11,,2026-06-30,2023.0,0,RISTRUTTURAZIONE CON EFFICIENTAMENTO ENERGETICO,Ristrutturazione/recupero,133914.0,121740.0,4,4,1,1,4,0,1
G33C22000320006,Sicilia,039,087,087039,Concluso,COLLAUDO,ASILI NIDO,Concluso,1,1,1,2022-11-29,2024-10-30,2024-10-30,2022.0,0,RISTRUTTURAZIONE CON EFFICIENTAMENTO ENERGETICO,Ristrutturazione/recupero,780000.0,780000.0,2,2,1,1,1,0,1
G33C24000270006,Calabria,058,078,078058,In Corso,COLLAUDO,ASILI NIDO,Collaudo non concluso,0,1,0,2024-06-13,,2026-06-30,2024.0,0,RISTRUTTURAZIONE CON EFFICIENTAMENTO ENERGETICO,Ristrutturazione/recupero,672000.0,560000.0,2,2,1,1,2,1,1
G34E21000760001,Campania,008,064,064008,In Corso,COLLAUDO,ALTRE STRUTTURE SOCIALI,Collaudo non concluso,0,1,0,2022-10-19,,2026-06-30,2022.0,1,RISTRUTTURAZIONE (PER CAMBIO DI DESTINAZIONE D'USO),Ristrutturazione/recupero,2999190.63,2999190.63,2,2,1,1,1,0,1
G34E22000060006,Toscana,019,048,048019,In Corso,COLLAUDO,ASILI NIDO,Collaudo non concluso,0,1,0,2022-11-28,,2026-06-30,2022.0,0,AMPLIAMENTO (COMPRESA SOPRAELEVAZIONE) O POTENZIAMENTO,Ampliamento,1100000.0,1000000.0,14,13,1,1,13,0,1
G35E21000020008,Lombardia,206,016,016206,In Corso,COLLAUDO,ASILI NIDO,Collaudo non concluso,0,1,0,2023-01-25,,2026-06-30,2023.0,0,NUOVA REALIZZAZIONE,Nuova realizzazione,2106675.28,864000.0,21,22,1,1,19,0,1
G35E22000000006,Toscana,019,048,048019,In Corso,ESECUZIONE LAVORI,SCUOLE MATERNE,Esecuzione lavori,0,0,0,2023-01-24,,2026-09-30,2023.0,0,NUOVA REALIZZAZIONE,Nuova realizzazione,4730000.0,4300000.0,12,12,1,1,12,1,1
G35E22000010006,Campania,105,065,065105,In Corso,COLLAUDO,ASILI NIDO,Collaudo non concluso,0,1,0,2022-12-29,,2026-06-30,2022.0,0,NUOVA REALIZZAZIONE,Nuova realizzazione,772800.0,772800.0,6,7,1,1,5,0,1
G35E22000180006,Calabria,058,078,078058,In Corso,COLLAUDO,ASILI NIDO,Collaudo non concluso,0,1,0,2023-02-01,,2026-06-30,2023.0,0,NUOVA REALIZZAZIONE,Nuova realizzazione,909252.95,690200.0,4,1,1,1,3,1,1
G35E22000230006,Toscana,008,049,049008,In Corso,ESECUZIONE LAVORI,ASILI NIDO,Esecuzione lavori,0,0,0,2022-03-29,,2026-06-30,2022.0,0,NUOVA REALIZZAZIONE,Nuova realizzazione,3061000.0,2610000.0,8,10,1,1,7,0,1
G35E22000240006,Lazio,054,056,056054,In Corso,COLLAUDO,SCUOLE MATERNE,Collaudo non concluso,0,1,0,2023-05-03,,2026-06-30,2023.0,0,NUOVA REALIZZAZIONE,Nuova realizzazione,1126994.45,1080000.0,9,9,1,1,8,0,1
G35E22000250001,Friuli-Venezia Giulia,022,093,093022,In Corso,COLLAUDO,ASILI NIDO,Collaudo non concluso,0,1,0,2023-03-11,,2026-06-30,2023.0,0,NUOVA REALIZZAZIONE,Nuova realizzazione,1688000.0,1098000.0,14,13,1,1,12,0,1
G35E24000170006,Calabria,157,078,078157,In Corso,COLLAUDO,ASILI NIDO,Collaudo non concluso,0,1,0,2024-09-05,,2026-06-20,2024.0,0,NUOVA REALIZZAZIONE,Nuova realizzazione,1512000.0,1512000.0,5,5,1,1,5,1,1
G35E24000180006,Calabria,157,078,078157,In Corso,COLLAUDO,ASILI NIDO,Collaudo non concluso,0,1,0,2024-09-05,,2026-06-30,2024.0,0,NUOVA REALIZZAZIONE,Nuova realizzazione,1512000.0,1512000.0,5,5,1,0,4,0,1
G35E24000190001,Veneto,085,026,026085,In Corso,ESECUZIONE LAVORI,ASILI NIDO,Esecuzione lavori,0,0,0,2024-08-02,,2026-12-31,2024.0,0,NUOVA REALIZZAZIONE,Nuova realizzazione,1160000.0,720000.0,3,3,1,1,1,0,1
G35E24000210006,Molise,078,070,070078,In Corso,ESECUZIONE LAVORI,ASILI NIDO,Esecuzione lavori,0,0,0,2024-11-04,,2026-08-31,2024.0,0,NUOVA REALIZZAZIONE,Nuova realizzazione,720000.0,720000.0,7,8,1,1,6,0,1
G35E25000200001,Calabria,047,079,079047,In Corso,Fase non disponibile,ASILI NIDO,Fase non disponibile,0,0,0,,,,,0,NUOVA REALIZZAZIONE,Nuova realizzazione,576000.0,576000.0,0,0,0,0,0,0,1
G38H22000030006,Umbria,024,054,054024,In Corso,ESECUZIONE LAVORI,ASILI NIDO,Esecuzione lavori,0,0,0,2022-03-28,,2026-06-30,2022.0,0,RISTRUTTURAZIONE (PER CAMBIO DI DESTINAZIONE D'USO),Ristrutturazione/recupero,1775158.24,830000.0,4,4,1,1,3,0,1
G38H22000050006,Calabria,047,079,079047,In Corso,ESECUZIONE LAVORI,ASILI NIDO,Esecuzione lavori,0,0,0,2022-02-09,,2026-06-30,2022.0,0,RISTRUTTURAZIONE (PER CAMBIO DI DESTINAZIONE D'USO),Ristrutturazione/recupero,868969.57,632969.57,8,2,1,1,7,0,1
G38H22000070006,Umbria,033,054,054033,In Corso,COLLAUDO,SCUOLE MATERNE,Collaudo non concluso,0,1,0,2022-10-26,,2026-06-30,2022.0,0,AMPLIAMENTO (COMPRESA SOPRAELEVAZIONE) O POTENZIAMENTO,Ampliamento,2453000.0,2230000.0,2,3,1,1,2,1,1
G38H22000290006,Piemonte,034,004,004034,Concluso,COLLAUDO,ASILI NIDO,Concluso,1,1,1,2021-12-02,2026-04-30,2026-06-30,2021.0,0,AMPLIAMENTO (COMPRESA SOPRAELEVAZIONE) O POTENZIAMENTO,Ampliamento,539000.0,490000.0,6,6,1,1,5,0,1
G38H22000310006,Calabria,157,078,078157,In Corso,COLLAUDO,ASILI NIDO,Collaudo non concluso,0,1,0,2022-10-26,,2026-06-30,2022.0,0,AMPLIAMENTO (COMPRESA SOPRAELEVAZIONE) O POTENZIAMENTO,Ampliamento,1216304.1,1105731.0,6,6,1,1,6,1,1
G38H24000690006,Sicilia,067,082,082067,In Corso,ESECUZIONE LAVORI,ASILI NIDO,Esecuzione lavori,0,0,0,2024-06-13,,2026-06-30,2024.0,0,RISTRUTTURAZIONE (PER CAMBIO DI DESTINAZIONE D'USO),Ristrutturazione/recupero,809156.66,720000.0,3,3,1,1,3,1,1
G38H24000700006,Campania,008,064,064008,In Corso,COLLAUDO,ASILI NIDO,Collaudo non concluso,0,1,0,2024-10-17,,2026-06-30,2024.0,0,RISTRUTTURAZIONE (PER CAMBIO DI DESTINAZIONE D'USO),Ristrutturazione/recupero,900000.0,900000.0,1,0,1,1,0,0,1
G38H24000710006,Campania,008,064,064008,In Corso,COLLAUDO/REGOLARE ESECUZIONE,ASILI NIDO,Collaudo non concluso,0,1,0,2024-10-17,,2026-06-30,2024.0,0,RISTRUTTURAZIONE (PER CAMBIO DI DESTINAZIONE D'USO),Ristrutturazione/recupero,900000.0,900000.0,1,1,1,0,0,0,1
G38H24000720006,Campania,008,064,064008,In Corso,COLLAUDO/REGOLARE ESECUZIONE,ASILI NIDO,Collaudo non concluso,0,1,0,2025-03-14,,2026-06-30,2025.0,0,RISTRUTTURAZIONE (PER CAMBIO DI DESTINAZIONE D'USO),Ristrutturazione/recupero,360000.0,360000.0,0,0,0,0,0,0,1
G38H24000730001,Lombardia,150,017,017150,Concluso,COLLAUDO,ASILI NIDO,Concluso,1,1,1,2024-08-05,2025-10-20,2025-10-31,2024.0,0,RISTRUTTURAZIONE (PER CAMBIO DI DESTINAZIONE D'USO),Ristrutturazione/recupero,510000.0,480000.0,3,6,1,1,2,0,1
G38H25000270006,Puglia,056,071,071056,In Corso,ESECUZIONE LAVORI,ASILI NIDO,Esecuzione lavori,0,0,0,2025-08-19,,2026-08-31,2025.0,0,RISTRUTTURAZIONE (PER CAMBIO DI DESTINAZIONE D'USO),Ristrutturazione/recupero,864000.0,864000.0,3,3,1,1,2,0,1
G38H25000280006,Sicilia,067,082,082067,In Corso,AGGIUDICAZIONE,ASILI NIDO,Prima dell'esecuzione,0,0,0,2025-08-02,,2026-06-30,2025.0,0,RISTRUTTURAZIONE (PER CAMBIO DI DESTINAZIONE D'USO),Ristrutturazione/recupero,600000.0,600000.0,1,1,1,0,1,0,1
G38H25000290006,Campania,026,064,064026,In Corso,ESECUZIONE LAVORI,ASILI NIDO,Esecuzione lavori,0,0,0,2025-09-03,,2026-12-31,2025.0,0,RISTRUTTURAZIONE (PER CAMBIO DI DESTINAZIONE D'USO),Ristrutturazione/recupero,480000.0,480000.0,7,7,1,1,6,0,1
G38H25000330006,Campania,064,063,063064,In Corso,ESECUZIONE LAVORI,ASILI NIDO,Esecuzione lavori,0,0,0,2025-08-27,,2026-06-30,2025.0,0,RISTRUTTURAZIONE (PER CAMBIO DI DESTINAZIONE D'USO),Ristrutturazione/recupero,1600000.0,1600000.0,0,0,0,0,0,0,1
G38H25000340006,Sicilia,039,087,087039,In Corso,ESECUZIONE LAVORI,ASILI NIDO,Esecuzione lavori,0,0,0,2026-04-01,,2026-06-30,2026.0,0,RISTRUTTURAZIONE (PER CAMBIO DI DESTINAZIONE D'USO),Ristrutturazione/recupero,1400000.0,1400000.0,1,1,1,0,0,0,1
G38H25000830006,Puglia,056,071,071056,In Corso,ESECUZIONE LAVORI,ASILI NIDO,Esecuzione lavori,0,0,0,2025-10-05,,2026-08-31,2025.0,0,RISTRUTTURAZIONE (PER CAMBIO DI DESTINAZIONE D'USO),Ristrutturazione/recupero,720000.0,720000.0,2,2,1,1,1,0,1
G38H25000860006,Campania,026,064,064026,In Corso,ESECUZIONE LAVORI,ASILI NIDO,Esecuzione lavori,0,0,0,2025-07-28,,2026-12-31,2025.0,0,RISTRUTTURAZIONE (PER CAMBIO DI DESTINAZIONE D'USO),Ristrutturazione/recupero,480000.0,480000.0,6,5,1,1,5,0,1
G38I21000650001,Piemonte,086,005,005086,In Corso,ESECUZIONE LAVORI,SCUOLE MATERNE,Esecuzione lavori,0,0,0,2022-12-30,,2026-07-30,2022.0,1,RISTRUTTURAZIONE CON EFFICIENTAMENTO ENERGETICO,Ristrutturazione/recupero,880000.0,800000.0,2,0,1,1,1,0,1
G38I22000100006,Molise,078,070,070078,In Corso,COLLAUDO,SCUOLE MATERNE,Collaudo non concluso,0,1,0,2022-10-27,,2026-06-30,2022.0,0,RISTRUTTURAZIONE CON EFFICIENTAMENTO ENERGETICO,Ristrutturazione/recupero,1183039.0,1075490.0,3,4,1,1,2,0,1
G38I22000260006,Piemonte,005,005,005005,In Corso,COLLAUDO,ASILI NIDO,Collaudo non concluso,0,1,0,2022-11-18,,2026-06-30,2022.0,0,RISTRUTTURAZIONE CON EFFICIENTAMENTO ENERGETICO,Ristrutturazione/recupero,1111000.0,1010000.0,6,11,1,1,5,3,1
G39G14001840005,Campania,105,065,065105,In Corso,ESECUZIONE LAVORI,ALTRE INFRASTRUTTURE,Esecuzione lavori,0,0,0,2023-01-13,,2026-06-30,2023.0,1,MANUTENZIONE STRAORDINARIA DI ADEGUAMENTO SISMICO,Altro,1434601.35,1434601.35,7,6,1,1,6,0,1
G41B21000450006,Emilia-Romagna,045,036,036045,In Corso,COLLAUDO,IMPIANTI SPORTIVI,Collaudo non concluso,0,1,0,2023-05-04,,2026-06-30,2023.0,1,NUOVA REALIZZAZIONE,Nuova realizzazione,2500071.24,980000.0,5,6,1,1,4,0,1
G41B21002880001,Marche,046,043,043046,In Corso,COLLAUDO,ASILI NIDO,Collaudo non concluso,0,1,0,2022-08-16,,2026-06-30,2022.0,1,NUOVA REALIZZAZIONE,Nuova realizzazione,1130000.0,874000.0,7,6,1,1,5,0,1
G41B22000550006,Piemonte,053,103,103053,Concluso,COLLAUDO,ASILI NIDO,Concluso,1,1,1,2022-11-15,2025-09-05,2026-06-30,2022.0,0,NUOVA REALIZZAZIONE,Nuova realizzazione,790000.0,550000.0,6,8,1,1,5,0,1
G41B22001370006,Trentino-Alto Adige,079,021,021079,Concluso,COLLAUDO,SCUOLE MATERNE,Concluso,1,1,1,2023-05-03,2025-08-29,2025-08-29,2023.0,0,NUOVA REALIZZAZIONE,Nuova realizzazione,6801163.15,3087288.0,8,6,1,1,6,0,1
G41B22001430006,Liguria,015,011,011015,In Corso,ESECUZIONE LAVORI,SCUOLE MATERNE,Esecuzione lavori,0,0,0,2022-09-08,,2026-12-31,2022.0,0,NUOVA REALIZZAZIONE,Nuova realizzazione,4018199.48,2887600.07,10,17,1,1,9,0,1
G41B22001900006,Piemonte,091,003,003091,In Corso,COLLAUDO,ASILI NIDO,Collaudo non concluso,0,1,0,2022-12-01,,2026-06-30,2022.0,0,NUOVA REALIZZAZIONE,Nuova realizzazione,1015806.98,789000.0,6,5,1,1,4,0,1
G41B22001910006,Piemonte,154,003,003154,In Corso,COLLAUDO,ASILI NIDO,Collaudo non concluso,0,1,0,2022-11-19,,2026-06-30,2022.0,0,NUOVA REALIZZAZIONE,Nuova realizzazione,1254000.0,1140000.0,8,7,1,1,6,0,1
G43C22000020006,Sicilia,075,083,083075,In Corso,COLLAUDO,SCUOLE MATERNE,Collaudo non concluso,0,1,0,2022-10-26,,2026-06-30,2022.0,0,RISTRUTTURAZIONE CON EFFICIENTAMENTO ENERGETICO,Ristrutturazione/recupero,592000.0,592000.0,4,5,1,1,3,0,1
G43C22001290007,Sicilia,001,084,084001,In Corso,ESECUZIONE LAVORI,SCUOLE MATERNE,Esecuzione lavori,0,0,0,2023-01-25,,2026-06-30,2023.0,0,RISTRUTTURAZIONE CON EFFICIENTAMENTO ENERGETICO,Ristrutturazione/recupero,1027000.0,1027000.0,3,3,1,1,2,0,1
G43C25000520006,Lazio,029,060,060029,In Corso,Fase non disponibile,ASILI NIDO,Fase non disponibile,0,0,0,,,,,0,RISTRUTTURAZIONE CON EFFICIENTAMENTO ENERGETICO,Ristrutturazione/recupero,600000.0,600000.0,0,0,0,0,0,0,1
G44E22000030006,Toscana,013,047,047013,In Corso,COLLAUDO,ASILI NIDO,Collaudo non concluso,0,1,0,2022-12-23,,2026-06-30,2022.0,0,AMPLIAMENTO (COMPRESA SOPRAELEVAZIONE) O POTENZIAMENTO,Ampliamento,264000.0,240000.0,2,2,1,1,1,0,1
G45E21000010006,Piemonte,086,001,001086,Concluso,COLLAUDO,SCUOLE MATERNE,Concluso,1,1,1,2022-11-04,2026-03-06,2026-06-30,2022.0,0,NUOVA REALIZZAZIONE,Nuova realizzazione,2530000.0,2300000.0,9,10,1,1,8,0,1
G45E21000020006,Sardegna,011,092,092011,In Corso,COLLAUDO,SCUOLE MATERNE,Collaudo non concluso,0,1,0,2022-10-24,,2026-06-30,2022.0,0,NUOVA REALIZZAZIONE,Nuova realizzazione,1776500.0,1615000.0,5,6,1,1,5,1,1
G45E21000030006,Sardegna,011,092,092011,In Corso,COLLAUDO,ASILI NIDO,Collaudo non concluso,0,1,0,2022-10-24,,2026-06-30,2022.0,0,NUOVA REALIZZAZIONE,Nuova realizzazione,1744200.0,1615000.0,5,6,1,1,5,1,1
G45E21000040006,Sardegna,011,092,092011,In Corso,COLLAUDO,ASILI NIDO,Collaudo non concluso,0,1,0,2022-10-24,,2026-06-30,2022.0,0,NUOVA REALIZZAZIONE,Nuova realizzazione,1744200.0,1615000.0,5,6,1,1,5,1,1
G45E21000050006,Sardegna,011,092,092011,In Corso,COLLAUDO,SCUOLE MATERNE,Collaudo non concluso,0,1,0,2022-10-24,,2026-06-30,2022.0,0,NUOVA REALIZZAZIONE,Nuova realizzazione,1744200.0,1615000.0,5,6,1,1,5,1,1
G45E22000020006,Marche,021,042,042021,In Corso,COLLAUDO,SCUOLE MATERNE,Collaudo non concluso,0,1,0,2022-02-01,,2026-06-30,2022.0,0,NUOVA REALIZZAZIONE,Nuova realizzazione,2964500.0,2695000.0,11,16,1,1,9,0,1
G45E22000050006,Basilicata,026,077,077026,In Corso,COLLAUDO,ASILI NIDO,Collaudo non concluso,0,1,0,2023-01-23,,2026-06-30,2023.0,0,NUOVA REALIZZAZIONE,Nuova realizzazione,562250.0,562250.0,4,3,1,1,3,0,1
G45E22000070006,Piemonte,154,003,003154,In Corso,COLLAUDO,SCUOLE MATERNE,Collaudo non concluso,0,1,0,2022-11-19,,2026-06-30,2022.0,0,NUOVA REALIZZAZIONE,Nuova realizzazione,2447500.0,2225000.0,10,9,1,1,8,0,1
G45E22000150006,Liguria,064,009,009064,In Corso,ESECUZIONE LAVORI,ASILI NIDO,Esecuzione lavori,0,0,0,2023-01-10,,2026-06-30,2023.0,0,NUOVA REALIZZAZIONE,Nuova realizzazione,1018839.28,848944.8,5,4,1,1,5,0,1
G45E22000250006,Campania,007,065,065007,In Corso,COLLAUDO,ASILI NIDO,Collaudo non concluso,0,1,0,2022-09-08,,2026-06-30,2022.0,0,NUOVA REALIZZAZIONE,Nuova realizzazione,1303100.0,1303100.0,7,7,1,1,6,0,1
G45E22000270006,Abruzzo,043,066,066043,In Corso,ESECUZIONE LAVORI,ASILI NIDO,Esecuzione lavori,0,0,0,2023-05-25,,2026-06-30,2023.0,0,NUOVA REALIZZAZIONE,Nuova realizzazione,1016397.53,923997.75,2,0,1,0,2,0,1
G45E22000280006,Campania,015,061,061015,In Corso,COLLAUDO,ASILI NIDO,Collaudo non concluso,0,1,0,2023-02-09,,2026-06-30,2023.0,0,NUOVA REALIZZAZIONE,Nuova realizzazione,1848000.0,1680000.0,7,3,1,0,6,0,1
G45E22000290006,Sardegna,009,111,111009,In Corso,COLLAUDO,ASILI NIDO,Collaudo non concluso,0,1,0,2023-01-16,,2026-06-30,2023.0,0,NUOVA REALIZZAZIONE,Nuova realizzazione,1376544.0,1376544.0,6,6,1,1,5,0,1
G45E24000330006,Calabria,122,078,078122,In Corso,COLLAUDO,ASILI NIDO,Collaudo non concluso,0,1,0,,,,,0,NUOVA REALIZZAZIONE,Nuova realizzazione,576000.0,576000.0,1,1,1,0,0,0,1
G45E24000350006,Campania,083,063,063083,In Corso,ESECUZIONE LAVORI,ASILI NIDO,Esecuzione lavori,0,0,0,2024-10-05,,2026-11-30,2024.0,0,NUOVA REALIZZAZIONE,Nuova realizzazione,2016000.0,2016000.0,3,1,1,1,1,0,1
G46F25000100006,Calabria,122,078,078122,In Corso,ESECUZIONE LAVORI,ASILI NIDO,Esecuzione lavori,0,0,0,2025-09-01,,2026-06-30,2025.0,0,DEMOLIZIONE,Demolizione/ricostruzione,576000.0,576000.0,0,0,0,0,0,0,1
G47G22000060006,Lombardia,009,016,016009,In Corso,ESECUZIONE LAVORI,ASILI NIDO,Esecuzione lavori,0,0,0,2023-05-22,,2026-06-30,2023.0,0,RECUPERO,Ristrutturazione/recupero,2244000.0,2040000.0,2,2,1,1,1,0,1
G47G22000180006,Sicilia,013,087,087013,Concluso,COLLAUDO,SCUOLE MATERNE,Concluso,1,1,1,2023-07-31,2025-08-04,2026-06-30,2023.0,0,RECUPERO,Ristrutturazione/recupero,600000.0,600000.0,2,2,1,1,1,0,1
G47G24000050006,Sicilia,001,084,084001,In Corso,ESECUZIONE LAVORI,ASILI NIDO,Esecuzione lavori,0,0,0,2024-06-13,,2026-08-31,2024.0,0,RECUPERO,Ristrutturazione/recupero,1080000.0,1080000.0,2,1,1,0,1,1,1
G47G24000060006,Sicilia,001,084,084001,In Corso,ESECUZIONE LAVORI,ASILI NIDO,Esecuzione lavori,0,0,0,2024-06-13,,2026-08-31,2024.0,0,RECUPERO,Ristrutturazione/recupero,760000.0,600000.0,2,3,1,1,1,0,1
G47G24000070006,Sicilia,001,084,084001,In Corso,ESECUZIONE LAVORI,ASILI NIDO,Esecuzione lavori,0,0,0,2024-06-13,,2026-08-31,2024.0,0,RECUPERO,Ristrutturazione/recupero,912000.0,912000.0,4,6,1,1,3,1,1
G48H22000240006,Sardegna,009,111,111009,In Corso,COLLAUDO,ASILI NIDO,Collaudo non concluso,0,1,0,2022-12-04,,2026-06-30,2022.0,0,RISTRUTTURAZIONE (PER CAMBIO DI DESTINAZIONE D'USO),Ristrutturazione/recupero,1350000.0,1350000.0,5,7,1,1,4,0,1
G48H24000570006,Lombardia,089,012,012089,In Corso,COLLAUDO,ASILI NIDO,Collaudo non concluso,0,1,0,2024-06-13,,2026-06-30,2024.0,0,AMPLIAMENTO (COMPRESA SOPRAELEVAZIONE) O POTENZIAMENTO,Ampliamento,676968.53,480000.0,4,4,1,1,3,0,1
G48H25000360006,Campania,060,061,061060,In Corso,COLLAUDO,ASILI NIDO,Collaudo non concluso,0,1,0,2025-09-30,,2026-06-30,2025.0,0,RISTRUTTURAZIONE (PER CAMBIO DI DESTINAZIONE D'USO),Ristrutturazione/recupero,480000.0,480000.0,1,1,1,1,0,0,1
G48H25000370006,Campania,015,061,061015,In Corso,Fase non disponibile,ASILI NIDO,Fase non disponibile,0,0,0,,,,,0,RISTRUTTURAZIONE (PER CAMBIO DI DESTINAZIONE D'USO),Ristrutturazione/recupero,840000.0,840000.0,0,0,0,0,0,0,1
G48H25000410006,Campania,015,061,061015,In Corso,Fase non disponibile,ASILI NIDO,Fase non disponibile,0,0,0,,,,,0,RISTRUTTURAZIONE (PER CAMBIO DI DESTINAZIONE D'USO),Ristrutturazione/recupero,840000.0,840000.0,0,0,0,0,0,0,1
G48H25000420006,Sicilia,010,084,084010,In Corso,ESECUZIONE LAVORI,ASILI NIDO,Esecuzione lavori,0,0,0,2025-09-19,,2026-06-30,2025.0,0,RISTRUTTURAZIONE (PER CAMBIO DI DESTINAZIONE D'USO),Ristrutturazione/recupero,772000.0,672000.0,1,1,1,1,0,0,1
G48H25000430006,Lombardia,070,017,017070,In Corso,ESECUZIONE LAVORI,ASILI NIDO,Esecuzione lavori,0,0,0,2025-07-01,,2026-06-30,2025.0,0,RISTRUTTURAZIONE (PER CAMBIO DI DESTINAZIONE D'USO),Ristrutturazione/recupero,400000.0,400000.0,2,2,1,1,1,0,1
G49J21002990005,Lombardia,252,016,016252,Concluso,COLLAUDO,ASILI NIDO,Concluso,1,1,1,2022-10-14,2025-04-09,2026-06-30,2022.0,1,MANUTENZIONE STRAORDINARIA CON EFFICIENTAMENTO ENERGETICO,Altro,231000.0,210000.0,2,1,1,1,1,0,1
G49J21003350001,Sicilia,001,084,084001,In Corso,ESECUZIONE LAVORI,SCUOLE MATERNE,Esecuzione lavori,0,0,0,2022-10-14,,2026-06-30,2022.0,1,MANUTENZIONE STRAORDINARIA CON EFFICIENTAMENTO ENERGETICO,Altro,3300000.0,3000000.0,3,3,1,1,2,0,1
G51B21002220005,Toscana,007,046,046007,In Corso,ESECUZIONE LAVORI,ASILI NIDO,Esecuzione lavori,0,0,0,2023-05-30,,2026-06-30,2023.0,1,NUOVA REALIZZAZIONE,Nuova realizzazione,2400000.0,2033000.0,10,10,1,1,9,0,1
G51B21002830001,Lazio,079,058,058079,In Corso,ESECUZIONE LAVORI,SCUOLE MATERNE,Esecuzione lavori,0,0,0,2022-11-10,,2026-06-30,2022.0,1,NUOVA REALIZZAZIONE,Nuova realizzazione,3299285.51,2999350.46,10,12,1,1,8,0,1
G51B22000840006,Lombardia,076,019,019076,In Corso,ESECUZIONE LAVORI,SCUOLE MATERNE,Esecuzione lavori,0,0,0,2023-04-15,,2026-06-30,2023.0,0,NUOVA REALIZZAZIONE,Nuova realizzazione,5069293.85,3984000.0,7,7,1,1,5,0,1
G51B22000950006,Trentino-Alto Adige,107,021,021107,Concluso,COLLAUDO,ASILI NIDO,Concluso,1,1,1,2023-04-20,2025-06-26,2026-06-30,2023.0,0,NUOVA REALIZZAZIONE,Nuova realizzazione,1737592.9,1061274.0,6,7,1,1,4,0,1
G51B22001050006,Marche,005,109,109005,Concluso,COLLAUDO,ASILI NIDO,Concluso,1,1,1,2022-10-21,2025-09-08,2026-06-30,2022.0,0,NUOVA REALIZZAZIONE,Nuova realizzazione,1130000.0,955000.0,9,9,1,1,8,0,1
G51B22001080006,Campania,143,065,065143,In Corso,ESECUZIONE LAVORI,ASILI NIDO,Esecuzione lavori,0,0,0,2023-05-29,,2026-03-31,2023.0,0,NUOVA REALIZZAZIONE,Nuova realizzazione,1914000.0,1740000.0,7,1,1,1,6,0,1
G51B22001330006,Abruzzo,092,069,069092,In Corso,ESECUZIONE LAVORI,SCUOLE MATERNE,Esecuzione lavori,0,0,0,2023-01-18,,2026-08-31,2023.0,0,NUOVA REALIZZAZIONE,Nuova realizzazione,3300000.0,3000000.0,10,12,1,1,9,0,1
G52C22000090006,Campania,055,064,064055,In Corso,ESECUZIONE LAVORI,ASILI NIDO,Esecuzione lavori,0,0,0,2022-09-08,,2026-06-30,2022.0,0,DEMOLIZIONE,Demolizione/ricostruzione,316794.01,287994.55,6,7,1,1,5,0,1
G52C22000100006,Campania,055,064,064055,In Corso,ESECUZIONE LAVORI,SCUOLE MATERNE,Esecuzione lavori,0,0,0,2022-09-08,,2026-06-30,2022.0,0,DEMOLIZIONE,Demolizione/ricostruzione,572048.92,520044.47,8,8,1,1,7,0,1
G52C22000130006,Campania,097,061,061097,In Corso,ESECUZIONE LAVORI,SCUOLE MATERNE,Esecuzione lavori,0,0,0,2022-12-01,,2026-12-31,2022.0,0,DEMOLIZIONE,Demolizione/ricostruzione,1980000.0,1980000.0,3,1,1,1,2,0,1
G53C22000150006,Toscana,009,045,045009,In Corso,COLLAUDO,ASILI NIDO,Collaudo non concluso,0,1,0,2022-12-06,,2026-05-31,2022.0,0,RISTRUTTURAZIONE CON EFFICIENTAMENTO ENERGETICO,Ristrutturazione/recupero,847600.0,847600.0,3,1,1,1,2,0,1
G53C22000160006,Emilia-Romagna,005,034,034005,In Corso,COLLAUDO,ASILI NIDO,Collaudo non concluso,0,1,0,2023-05-30,,2026-06-30,2023.0,0,RISTRUTTURAZIONE CON EFFICIENTAMENTO ENERGETICO,Ristrutturazione/recupero,91170.0,91170.0,1,1,1,0,1,0,1
G53C22000170006,Piemonte,097,005,005097,Concluso,COLLAUDO,ASILI NIDO,Concluso,1,1,1,2022-12-16,2024-02-28,2024-06-25,2022.0,0,RISTRUTTURAZIONE CON EFFICIENTAMENTO ENERGETICO,Ristrutturazione/recupero,715000.0,715000.0,11,2,1,1,10,0,1
G53C24000220006,Lazio,075,060,060075,In Corso,COLLAUDO/REGOLARE ESECUZIONE,ASILI NIDO,Collaudo non concluso,0,1,0,2025-03-14,,2026-06-30,2025.0,0,RISTRUTTURAZIONE CON EFFICIENTAMENTO ENERGETICO,Ristrutturazione/recupero,400000.0,400000.0,4,3,1,1,3,0,1
G53D22000400006,Campania,088,061,061088,In Corso,COLLAUDO,ASILI NIDO,Collaudo non concluso,0,1,0,2022-11-17,,2026-06-30,2022.0,0,RECUPERO,Ristrutturazione/recupero,845000.0,845000.0,6,6,1,1,5,0,1
G54E21004880006,Piemonte,051,001,001051,In Corso,ESECUZIONE LAVORI,ASILI NIDO,Esecuzione lavori,0,0,0,2023-03-03,,2026-06-30,2023.0,0,AMPLIAMENTO (COMPRESA SOPRAELEVAZIONE) O POTENZIAMENTO,Ampliamento,1214949.55,955408.11,1,1,1,0,1,0,1
G54I19000370001,Toscana,009,045,045009,In Corso,COLLAUDO,"EDIFICI SOCIALI, CULTURALI E ASSISTENZIALI",Collaudo non concluso,0,1,0,2021-02-19,,2026-06-30,2021.0,1,MANUTENZIONE STRAORDINARIA DI MIGLIORAMENTO SISMICO,Altro,1314399.45,1151100.5,6,5,1,1,5,0,1
G55E22000030006,Campania,091,064,064091,In Corso,ESECUZIONE LAVORI,ASILI NIDO,Esecuzione lavori,0,0,0,2023-04-10,,2026-08-30,2023.0,0,NUOVA REALIZZAZIONE,Nuova realizzazione,1633555.5,1633555.5,6,3,1,1,5,0,1
G55E22000050001,Trentino-Alto Adige,098,021,021098,In Corso,COLLAUDO,ASILI NIDO,Collaudo non concluso,0,1,0,2023-06-06,,2026-06-15,2023.0,0,NUOVA REALIZZAZIONE,Nuova realizzazione,1763682.02,743871.15,8,12,1,1,7,0,1
G55E22000110006,Trentino-Alto Adige,240,022,022240,In Corso,COLLAUDO,SCUOLE MATERNE,Collaudo non concluso,0,1,0,2022-10-26,,2026-06-30,2022.0,0,NUOVA REALIZZAZIONE,Nuova realizzazione,4417325.0,4015750.0,12,14,1,1,10,0,1
G55E22000150006,Lazio,003,060,060003,In Corso,ESECUZIONE LAVORI,SCUOLE MATERNE,Esecuzione lavori,0,0,0,2023-03-16,,2026-06-30,2023.0,0,NUOVA REALIZZAZIONE,Nuova realizzazione,1452000.0,1320000.0,8,4,1,1,7,0,1
G55E22000160006,Lazio,003,060,060003,In Corso,ESECUZIONE LAVORI,SCUOLE MATERNE,Esecuzione lavori,0,0,0,2023-06-20,,2026-06-30,2023.0,0,NUOVA REALIZZAZIONE,Nuova realizzazione,1709000.0,1440000.0,5,4,1,1,4,0,1
G55E22000180006,Calabria,060,078,078060,In Corso,COLLAUDO,ASILI NIDO,Collaudo non concluso,0,1,0,2022-12-22,,2026-06-30,2022.0,0,NUOVA REALIZZAZIONE,Nuova realizzazione,1838590.7,1702399.5,7,3,1,1,6,0,1
G55E22000190006,Calabria,060,078,078060,In Corso,ESECUZIONE LAVORI,ASILI NIDO,Esecuzione lavori,0,0,0,2022-09-01,,2026-12-30,2022.0,0,NUOVA REALIZZAZIONE,Nuova realizzazione,1284623.8,1189467.0,7,2,1,1,6,0,1
G55E22000220006,Campania,089,065,065089,In Corso,ESECUZIONE LAVORI,SCUOLE MATERNE,Esecuzione lavori,0,0,0,2022-12-15,,2026-06-30,2022.0,0,NUOVA REALIZZAZIONE,Nuova realizzazione,5000000.0,5000000.0,3,3,1,1,2,0,1
G55E22000230006,Lombardia,067,019,019067,In Corso,COLLAUDO,SCUOLE MATERNE,Collaudo non concluso,0,1,0,2023-04-13,,2026-12-31,2023.0,0,NUOVA REALIZZAZIONE,Nuova realizzazione,4800000.0,4800000.0,10,8,1,1,9,0,1
G55E22000250007,Sardegna,033,095,095033,In Corso,COLLAUDO,SCUOLE MATERNE,Collaudo non concluso,0,1,0,2022-12-29,,2026-06-30,2022.0,0,NUOVA REALIZZAZIONE,Nuova realizzazione,1198321.71,1089383.37,2,2,1,1,2,1,1
G55E22000310006,Toscana,007,046,046007,In Corso,COLLAUDO,ASILI NIDO,Collaudo non concluso,0,1,0,2023-01-23,,2026-06-30,2023.0,0,NUOVA REALIZZAZIONE,Nuova realizzazione,1360000.0,800000.0,18,16,1,1,18,3,1
G55E24000210007,Calabria,150,078,078150,In Corso,COLLAUDO,ASILI NIDO,Collaudo non concluso,0,1,0,2024-08-09,,2026-06-30,2024.0,0,NUOVA REALIZZAZIONE,Nuova realizzazione,576000.0,576000.0,2,2,1,1,1,0,1
G55E24000220006,Lazio,003,060,060003,In Corso,ESECUZIONE LAVORI,ASILI NIDO,Esecuzione lavori,0,0,0,2024-10-18,,2026-06-30,2024.0,0,NUOVA REALIZZAZIONE,Nuova realizzazione,1728000.0,1728000.0,8,8,1,1,8,1,1
G55E24000230006,Sicilia,050,087,087050,In Corso,COLLAUDO,ASILI NIDO,Collaudo non concluso,0,1,0,2024-07-22,,2026-06-30,2024.0,0,NUOVA REALIZZAZIONE,Nuova realizzazione,864000.0,864000.0,9,9,1,1,9,1,1
G55E24000240001,Toscana,007,046,046007,In Corso,ESECUZIONE LAVORI,ASILI NIDO,Esecuzione lavori,0,0,0,2024-12-02,,2026-11-30,2024.0,0,NUOVA REALIZZAZIONE,Nuova realizzazione,800000.0,480000.0,4,5,1,1,4,3,1
G55E24000270006,Marche,045,044,044045,In Corso,ESECUZIONE LAVORI,ASILI NIDO,Esecuzione lavori,0,0,0,2024-07-08,,2026-06-30,2024.0,0,NUOVA REALIZZAZIONE,Nuova realizzazione,864000.0,864000.0,4,4,1,1,3,0,1
G55E25000100006,Lazio,003,060,060003,In Corso,ESECUZIONE LAVORI,ASILI NIDO,Esecuzione lavori,0,0,0,2025-06-19,,2026-06-30,2025.0,0,NUOVA REALIZZAZIONE,Nuova realizzazione,1440000.0,1440000.0,4,4,1,1,3,0,1
G55E25000120007,Calabria,150,078,078150,In Corso,ESECUZIONE LAVORI,ASILI NIDO,Esecuzione lavori,0,0,0,2025-06-24,,2026-06-30,2025.0,0,NUOVA REALIZZAZIONE,Nuova realizzazione,576000.0,576000.0,3,2,1,1,2,0,1
G55E25000130006,Marche,045,044,044045,In Corso,ESECUZIONE LAVORI,ASILI NIDO,Esecuzione lavori,0,0,0,2025-06-13,,2026-06-30,2025.0,0,NUOVA REALIZZAZIONE,Nuova realizzazione,864000.0,864000.0,4,4,1,1,3,0,1
G55E25000160006,Campania,089,065,065089,In Corso,ESECUZIONE LAVORI,ASILI NIDO,Esecuzione lavori,0,0,0,,,2026-06-30,,0,NUOVA REALIZZAZIONE,Nuova realizzazione,480000.0,480000.0,2,2,1,1,1,0,1
G55E25000230006,Campania,055,064,064055,In Corso,ESECUZIONE LAVORI,ASILI NIDO,Esecuzione lavori,0,0,0,2025-08-06,,2026-06-30,2025.0,0,NUOVA REALIZZAZIONE,Nuova realizzazione,480000.0,480000.0,5,3,1,1,3,0,1
G55E25000340006,Abruzzo,056,069,069056,In Corso,ESECUZIONE LAVORI,ASILI NIDO,Esecuzione lavori,0,0,0,2025-08-22,,2026-06-30,2025.0,0,NUOVA REALIZZAZIONE,Nuova realizzazione,480000.0,480000.0,6,6,1,1,5,0,1
G55E25000480006,Piemonte,007,005,005007,In Corso,ESECUZIONE LAVORI,ASILI NIDO,Esecuzione lavori,0,0,0,2025-10-06,,2026-06-30,2025.0,0,NUOVA REALIZZAZIONE,Nuova realizzazione,450000.0,240000.0,6,6,1,1,5,0,1
G55E25000490006,Campania,014,062,062014,In Corso,ESECUZIONE LAVORI,ASILI NIDO,Esecuzione lavori,0,0,0,2025-09-18,,2026-06-30,2025.0,0,NUOVA REALIZZAZIONE,Nuova realizzazione,600000.0,600000.0,3,3,1,1,2,0,1
G55F22000030002,Lombardia,015,108,108015,In Corso,COLLAUDO,SCUOLE MATERNE,Collaudo non concluso,0,1,0,2022-09-08,,2026-06-30,2022.0,0,MANUTENZIONE STRAORDINARIA PER MESSA IN SICUREZZA (ESCLUSO DISSESTO IDROGEOLOGICO),Altro,470000.0,470000.0,6,6,1,1,5,0,1
G56F24000050006,Campania,089,065,065089,In Corso,ESECUZIONE LAVORI,ASILI NIDO,Esecuzione lavori,0,0,0,2024-09-18,,2026-06-30,2024.0,0,DEMOLIZIONE,Demolizione/ricostruzione,480000.0,480000.0,6,6,1,1,5,0,1
G57G22000000006,Lombardia,067,019,019067,In Corso,COLLAUDO,ASILI NIDO,Collaudo non concluso,0,1,0,2023-06-08,,2026-12-31,2023.0,0,RECUPERO,Ristrutturazione/recupero,286400.0,286400.0,9,4,1,1,9,0,1
G57G22000020006,Sicilia,022,083,083022,In Corso,ESECUZIONE LAVORI,ASILI NIDO,Esecuzione lavori,0,0,0,2023-03-30,,2026-06-30,2023.0,0,RECUPERO,Ristrutturazione/recupero,71500.0,71500.0,1,1,1,1,1,0,1
G57G25000060006,Liguria,036,010,010036,In Corso,ESECUZIONE LAVORI,ASILI NIDO,Esecuzione lavori,0,0,0,2025-07-30,,2026-08-31,2025.0,0,RECUPERO,Ristrutturazione/recupero,170000.0,170000.0,2,2,1,1,2,0,1
G58H22000030001,Trentino-Alto Adige,098,021,021098,In Corso,COLLAUDO,SCUOLE MATERNE,Collaudo non concluso,0,1,0,2023-06-06,,2026-06-15,2023.0,0,AMPLIAMENTO (COMPRESA SOPRAELEVAZIONE) O POTENZIAMENTO,Ampliamento,1614630.46,820457.81,8,13,1,1,7,0,1
G58H22000210006,Calabria,069,078,078069,In Corso,COLLAUDO,ASILI NIDO,Collaudo non concluso,0,1,0,2022-11-09,,2026-06-30,2022.0,0,RISTRUTTURAZIONE (PER CAMBIO DI DESTINAZIONE D'USO),Ristrutturazione/recupero,735198.0,735198.0,5,5,1,1,4,0,1
G58H22000220006,Marche,063,044,044063,In Corso,ESECUZIONE LAVORI,ASILI NIDO,Esecuzione lavori,0,0,0,2022-12-29,,2026-06-30,2022.0,0,AMPLIAMENTO (COMPRESA SOPRAELEVAZIONE) O POTENZIAMENTO,Ampliamento,548020.0,498200.0,4,6,1,1,3,0,1
G58H24000730006,Piemonte,225,004,004225,In Corso,COLLAUDO,ASILI NIDO,Collaudo non concluso,0,1,0,2024-10-16,,2026-06-30,2024.0,0,RISTRUTTURAZIONE (PER CAMBIO DI DESTINAZIONE D'USO),Ristrutturazione/recupero,480000.0,480000.0,3,3,1,1,2,0,1
G58H24000750001,Toscana,007,046,046007,In Corso,ESECUZIONE LAVORI,ASILI NIDO,Esecuzione lavori,0,0,0,2024-12-01,,2026-11-30,2024.0,0,RISTRUTTURAZIONE (PER CAMBIO DI DESTINAZIONE D'USO),Ristrutturazione/recupero,1000000.0,560000.0,4,4,1,1,4,3,1
G58H25000300006,Campania,070,061,061070,In Corso,Fase non disponibile,ASILI NIDO,Fase non disponibile,0,0,0,,,,,0,AMPLIAMENTO (COMPRESA SOPRAELEVAZIONE) O POTENZIAMENTO,Ampliamento,576000.0,576000.0,0,0,0,0,0,0,1
G58H25000440006,Campania,125,065,065125,In Corso,COLLAUDO,ASILI NIDO,Collaudo non concluso,0,1,0,2025-09-30,,2026-06-30,2025.0,0,RISTRUTTURAZIONE (PER CAMBIO DI DESTINAZIONE D'USO),Ristrutturazione/recupero,400000.0,400000.0,1,1,1,0,1,0,1
G58H25000740001,Lazio,075,060,060075,In Corso,ESECUZIONE LAVORI,ASILI NIDO,Esecuzione lavori,0,0,0,2025-09-18,,2026-08-31,2025.0,0,AMPLIAMENTO (COMPRESA SOPRAELEVAZIONE) O POTENZIAMENTO,Ampliamento,1200000.0,1200000.0,5,4,1,1,4,0,1
G58I22000180006,Campania,097,061,061097,In Corso,ESECUZIONE LAVORI,ASILI NIDO,Esecuzione lavori,0,0,0,2022-02-01,,2026-12-31,2022.0,0,RISTRUTTURAZIONE CON EFFICIENTAMENTO ENERGETICO,Ristrutturazione/recupero,532000.0,532000.0,5,3,1,1,4,0,1
G58I22000240006,Abruzzo,002,069,069002,In Corso,COLLAUDO,SCUOLE MATERNE,Collaudo non concluso,0,1,0,2023-02-06,,2026-06-30,2023.0,0,RISTRUTTURAZIONE CON EFFICIENTAMENTO ENERGETICO,Ristrutturazione/recupero,1007930.0,916300.0,6,5,1,1,4,0,1
G61B21004670004,Veneto,057,028,028057,Concluso,COLLAUDO,ASILI NIDO,Concluso,1,1,1,2023-11-30,2024-12-30,2024-12-30,2023.0,1,MANUTENZIONE STRAORDINARIA DI ADEGUAMENTO SISMICO,Altro,778713.72,577137.2,4,3,1,1,3,0,1
G61B21004690005,Lombardia,033,014,014033,Concluso,COLLAUDO,ASILI NIDO,Concluso,1,1,1,2020-09-01,2024-04-17,2026-06-30,2020.0,1,NUOVA REALIZZAZIONE,Nuova realizzazione,485000.0,358800.0,7,3,1,1,6,0,1
G61B21004720001,Campania,038,064,064038,In Corso,ESECUZIONE LAVORI,ASILI NIDO,Esecuzione lavori,0,0,0,2022-08-16,,2026-08-31,2022.0,1,MANUTENZIONE STRAORDINARIA DI ADEGUAMENTO SISMICO,Altro,964049.59,876408.72,7,8,1,1,6,0,1
G61B21004760001,Lazio,085,060,060085,In Corso,COLLAUDO,ASILI NIDO,Collaudo non concluso,0,1,0,2022-10-12,,2026-06-30,2022.0,1,NUOVA REALIZZAZIONE,Nuova realizzazione,2207043.28,2207043.28,9,11,1,1,8,0,1
G61B21011200006,Puglia,017,074,074017,In Corso,ESECUZIONE LAVORI,ASILI NIDO,Esecuzione lavori,0,0,0,2022-10-20,,2026-06-30,2022.0,0,NUOVA REALIZZAZIONE,Nuova realizzazione,2080057.1,1925978.8,5,11,1,1,5,1,1
G61B22000280006,Toscana,004,048,048004,In Corso,ESECUZIONE LAVORI,SCUOLE MATERNE,Esecuzione lavori,0,0,0,2022-11-15,,2026-08-31,2022.0,0,NUOVA REALIZZAZIONE,Nuova realizzazione,1320000.0,1200000.0,8,12,1,1,8,1,1
G62C22000050006,Toscana,004,048,048004,In Corso,ESECUZIONE LAVORI,ASILI NIDO,Esecuzione lavori,0,0,0,2022-11-15,,2026-08-31,2022.0,0,DEMOLIZIONE,Demolizione/ricostruzione,2283600.0,2076000.0,3,8,1,1,3,1,1
G63C22000260007,Emilia-Romagna,027,037,037027,Concluso,COLLAUDO,ASILI NIDO,Concluso,1,1,1,2023-01-19,2024-03-04,2024-03-04,2023.0,0,RISTRUTTURAZIONE CON EFFICIENTAMENTO ENERGETICO,Ristrutturazione/recupero,650000.0,650000.0,6,6,1,1,5,0,1
G63C22000280006,Sicilia,002,089,089002,Concluso,COLLAUDO,ASILI NIDO,Concluso,1,1,1,2022-09-08,2024-10-14,2024-10-14,2022.0,0,RISTRUTTURAZIONE CON EFFICIENTAMENTO ENERGETICO,Ristrutturazione/recupero,571737.76,519761.6,3,3,1,1,2,0,1
G63C22000290006,Puglia,010,073,073010,In Corso,COLLAUDO,ASILI NIDO,Collaudo non concluso,0,1,0,2022-12-30,,2026-06-30,2022.0,0,RISTRUTTURAZIONE CON EFFICIENTAMENTO ENERGETICO,Ristrutturazione/recupero,620000.0,620000.0,3,3,1,1,2,0,1
G63C22000300006,Puglia,008,074,074008,In Corso,COLLAUDO,ASILI NIDO,Collaudo non concluso,0,1,0,2022-03-25,,2026-06-30,2022.0,0,RISTRUTTURAZIONE CON EFFICIENTAMENTO ENERGETICO,Ristrutturazione/recupero,1364650.0,831500.0,9,3,1,1,8,0,1
G63C22000380006,Sicilia,034,082,082034,Concluso,COLLAUDO,SCUOLE MATERNE,Concluso,1,1,1,2023-01-16,2025-02-25,2024-11-30,2023.0,0,RISTRUTTURAZIONE CON EFFICIENTAMENTO ENERGETICO,Ristrutturazione/recupero,239929.0,239929.0,3,3,1,1,1,0,1
G64E21000930001,Calabria,079,078,078079,In Corso,COLLAUDO,SCUOLE MATERNE,Collaudo non concluso,0,1,0,2021-05-20,,2026-06-30,2021.0,1,AMPLIAMENTO (COMPRESA SOPRAELEVAZIONE) O POTENZIAMENTO,Ampliamento,691170.38,691170.38,6,6,1,1,4,1,1
G64E22000140006,Veneto,102,028,028102,In Corso,COLLAUDO,ASILI NIDO,Collaudo non concluso,0,1,0,2022-12-22,,2026-06-30,2022.0,0,NUOVA REALIZZAZIONE,Nuova realizzazione,902986.0,720000.0,9,9,1,1,8,0,1
G65E21000030001,Friuli-Venezia Giulia,070,030,030070,In Corso,COLLAUDO,SCUOLE MATERNE,Collaudo non concluso,0,1,0,2022-11-25,,2026-06-30,2022.0,0,NUOVA REALIZZAZIONE,Nuova realizzazione,4300400.0,3014556.0,17,17,1,1,16,0,1
G65E22000030006,Lombardia,083,097,097083,In Corso,COLLAUDO,ASILI NIDO,Collaudo non concluso,0,1,0,2022-11-07,,2026-06-30,2022.0,0,NUOVA REALIZZAZIONE,Nuova realizzazione,2818622.4,1500000.0,6,7,1,1,6,1,1
G65E22000050006,Liguria,059,008,008059,In Corso,ESECUZIONE LAVORI,ASILI NIDO,Esecuzione lavori,0,0,0,2023-02-03,,2026-09-30,2023.0,0,NUOVA REALIZZAZIONE,Nuova realizzazione,1540000.0,1400000.0,6,6,1,1,5,0,1
G65E22000070006,Lombardia,092,097,097092,In Corso,ESECUZIONE LAVORI,ASILI NIDO,Esecuzione lavori,0,0,0,2023-03-10,,2026-12-31,2023.0,0,NUOVA REALIZZAZIONE,Nuova realizzazione,2820000.0,2300000.0,8,5,1,1,7,0,1
G65E22000160006,Calabria,106,078,078106,In Corso,COLLAUDO,ASILI NIDO,Collaudo non concluso,0,1,0,2022-12-01,,2026-08-12,2022.0,0,NUOVA REALIZZAZIONE,Nuova realizzazione,777780.0,777780.0,8,9,1,1,7,0,1
G65E22000220001,Calabria,131,079,079131,In Corso,COLLAUDO,ALTRI EDIFICI SCOLASTICI,Collaudo non concluso,0,1,0,2022-10-14,,2026-06-30,2022.0,0,NUOVA REALIZZAZIONE,Nuova realizzazione,1350000.0,1250000.0,4,4,1,1,3,0,1
G65E22000240006,Lazio,048,056,056048,Concluso,COLLAUDO,ASILI NIDO,Concluso,1,1,1,2023-01-14,2025-07-30,2025-10-30,2023.0,0,NUOVA REALIZZAZIONE,Nuova realizzazione,770000.0,700000.0,7,7,1,1,6,0,1
G65E24000310006,Sicilia,002,089,089002,In Corso,ESECUZIONE LAVORI,ASILI NIDO,Esecuzione lavori,0,0,0,2024-06-13,,2026-06-30,2024.0,0,NUOVA REALIZZAZIONE,Nuova realizzazione,2016000.0,2016000.0,6,6,1,1,5,0,1
G65E24000330006,Basilicata,039,076,076039,In Corso,COLLAUDO,ASILI NIDO,Collaudo non concluso,0,1,0,2024-09-05,,2026-06-30,2024.0,0,NUOVA REALIZZAZIONE,Nuova realizzazione,480000.0,480000.0,4,3,1,1,2,0,1
G65E24000340006,Lombardia,025,108,108025,In Corso,ESECUZIONE LAVORI,ASILI NIDO,Esecuzione lavori,0,0,0,2024-06-13,,2026-06-30,2024.0,0,NUOVA REALIZZAZIONE,Nuova realizzazione,695600.0,480000.0,3,3,1,1,2,0,1
G65E24000360006,Lazio,085,060,060085,In Corso,COLLAUDO,ASILI NIDO,Collaudo non concluso,0,1,0,2024-05-15,,2026-06-30,2024.0,0,NUOVA REALIZZAZIONE,Nuova realizzazione,720000.0,720000.0,8,8,1,1,7,0,1
G65E24000370006,Campania,038,064,064038,In Corso,ESECUZIONE LAVORI,ASILI NIDO,Esecuzione lavori,0,0,0,2024-05-15,,2026-08-31,2024.0,0,NUOVA REALIZZAZIONE,Nuova realizzazione,480000.0,480000.0,3,3,1,1,2,0,1
G65E24000400006,Calabria,106,078,078106,In Corso,ESECUZIONE LAVORI,ASILI NIDO,Esecuzione lavori,0,0,0,2025-08-12,,2026-11-30,2025.0,0,NUOVA REALIZZAZIONE,Nuova realizzazione,600000.0,600000.0,6,7,1,1,5,0,1
G65E25000240006,Calabria,034,078,078034,In Corso,ESECUZIONE LAVORI,ASILI NIDO,Esecuzione lavori,0,0,0,2025-06-20,,2026-06-30,2025.0,0,NUOVA REALIZZAZIONE,Nuova realizzazione,480000.0,480000.0,5,5,1,1,4,0,1
G65E25000330006,Calabria,039,080,080039,In Corso,COLLAUDO,ASILI NIDO,Collaudo non concluso,0,1,0,2025-08-08,,2026-06-30,2025.0,0,NUOVA REALIZZAZIONE,Nuova realizzazione,600000.0,600000.0,5,4,1,1,4,0,1
G65E25000340006,Calabria,006,101,101006,In Corso,ESECUZIONE LAVORI,ASILI NIDO,Esecuzione lavori,0,0,0,2025-08-21,,2026-06-30,2025.0,0,NUOVA REALIZZAZIONE,Nuova realizzazione,480000.0,480000.0,3,2,1,1,2,0,1
G65E25000350006,Calabria,079,078,078079,In Corso,ESECUZIONE LAVORI,ASILI NIDO,Esecuzione lavori,0,0,0,2025-10-30,,2026-08-31,2025.0,0,NUOVA REALIZZAZIONE,Nuova realizzazione,672000.0,672000.0,4,6,1,1,3,0,1
G65E25000370006,Lombardia,009,098,098009,In Corso,ESECUZIONE LAVORI,ASILI NIDO,Esecuzione lavori,0,0,0,2025-09-30,,2026-09-30,2025.0,0,NUOVA REALIZZAZIONE,Nuova realizzazione,480000.0,480000.0,1,1,1,0,0,0,1
G66F22000030006,Liguria,059,008,008059,In Corso,ESECUZIONE LAVORI,SCUOLE MATERNE,Esecuzione lavori,0,0,0,2022-12-20,,2026-09-30,2022.0,0,DEMOLIZIONE,Demolizione/ricostruzione,1650000.0,1500000.0,7,7,1,1,6,0,1
G66F22000060006,Lazio,085,060,060085,Concluso,COLLAUDO,ASILI NIDO,Concluso,1,1,1,2022-11-09,2025-08-17,2026-06-30,2022.0,0,DEMOLIZIONE,Demolizione/ricostruzione,890000.0,890000.0,8,7,1,1,7,0,1
G66F22000070006,Calabria,106,078,078106,In Corso,COLLAUDO,SCUOLE MATERNE,Collaudo non concluso,0,1,0,2022-12-01,,2026-10-10,2022.0,0,DEMOLIZIONE,Demolizione/ricostruzione,1612638.25,1314180.0,7,7,1,1,6,0,1
G66F24000030006,Puglia,008,074,074008,In Corso,COLLAUDO,ASILI NIDO,Collaudo non concluso,0,1,0,2024-05-22,,2026-06-30,2024.0,0,DEMOLIZIONE,Demolizione/ricostruzione,1440000.0,1440000.0,2,3,1,1,1,0,1
G66F25000030006,Puglia,008,074,074008,In Corso,ESECUZIONE LAVORI,ASILI NIDO,Esecuzione lavori,0,0,0,2025-03-22,,2026-12-31,2025.0,0,DEMOLIZIONE,Demolizione/ricostruzione,1728000.0,1728000.0,5,5,1,1,4,0,1
G66F25000040006,Campania,083,064,064083,In Corso,ESECUZIONE LAVORI,ASILI NIDO,Esecuzione lavori,0,0,0,2025-05-01,,2026-09-30,2025.0,0,DEMOLIZIONE,Demolizione/ricostruzione,672000.0,672000.0,1,1,1,0,1,0,1
G67G22000070006,Sicilia,004,088,088004,In Corso,ESECUZIONE LAVORI,ASILI NIDO,Esecuzione lavori,0,0,0,2022-01-02,,2026-06-30,2022.0,0,RECUPERO,Ristrutturazione/recupero,803000.0,730000.0,2,2,1,1,2,1,1
G67G25000130006,Sardegna,071,090,090071,In Corso,COLLAUDO,ASILI NIDO,Collaudo non concluso,0,1,0,2025-09-18,,2026-08-31,2025.0,0,RECUPERO,Ristrutturazione/recupero,400000.0,400000.0,2,2,1,1,1,0,1
G68H21000050006,Sardegna,074,111,111074,Concluso,COLLAUDO,SCUOLE MATERNE,Concluso,1,1,1,2023-01-11,2025-03-03,2026-06-30,2023.0,0,RISTRUTTURAZIONE (PER CAMBIO DI DESTINAZIONE D'USO),Ristrutturazione/recupero,426400.0,426400.0,2,2,1,1,1,0,1
G68H24000520006,Sicilia,034,082,082034,In Corso,COLLAUDO,ASILI NIDO,Collaudo non concluso,0,1,0,2024-09-05,,2026-06-30,2024.0,0,RISTRUTTURAZIONE (PER CAMBIO DI DESTINAZIONE D'USO),Ristrutturazione/recupero,600000.0,600000.0,0,0,0,0,0,0,1
G68H24000530006,Puglia,017,074,074017,In Corso,ESECUZIONE LAVORI,ASILI NIDO,Esecuzione lavori,0,0,0,2024-09-06,,2026-06-30,2024.0,0,RISTRUTTURAZIONE (PER CAMBIO DI DESTINAZIONE D'USO),Ristrutturazione/recupero,720000.0,720000.0,3,4,1,1,2,0,1
G68H24000540006,Marche,043,041,041043,In Corso,COLLAUDO/REGOLARE ESECUZIONE,ASILI NIDO,Collaudo non concluso,0,1,0,2025-01-31,,2026-06-30,2025.0,0,AMPLIAMENTO (COMPRESA SOPRAELEVAZIONE) O POTENZIAMENTO,Ampliamento,480000.0,480000.0,4,6,1,1,3,0,1
G68H25000290006,Puglia,010,073,073010,In Corso,ESECUZIONE LAVORI,ASILI NIDO,Esecuzione lavori,0,0,0,2025-08-18,,2026-06-30,2025.0,0,RISTRUTTURAZIONE (PER CAMBIO DI DESTINAZIONE D'USO),Ristrutturazione/recupero,600000.0,600000.0,3,3,1,1,2,0,1
G68H25000750006,Sicilia,010,085,085010,In Corso,ESECUZIONE LAVORI,ASILI NIDO,Esecuzione lavori,0,0,0,2025-11-03,,2026-06-30,2025.0,0,RISTRUTTURAZIONE (PER CAMBIO DI DESTINAZIONE D'USO),Ristrutturazione/recupero,480000.0,480000.0,2,1,1,1,1,0,1
G69J21002910001,Calabria,039,080,080039,In Corso,ESECUZIONE LAVORI,ASILI NIDO,Esecuzione lavori,0,0,0,2022-09-22,,2026-05-30,2022.0,1,ALTRO,Altro,1562000.0,1420000.0,6,7,1,1,5,1,1
G72C22000140006,Campania,003,064,064003,In Corso,COLLAUDO,ASILI NIDO,Collaudo non concluso,0,1,0,2022-11-19,,2026-06-30,2022.0,0,DEMOLIZIONE,Demolizione/ricostruzione,700000.0,700000.0,3,3,1,1,2,0,1
G73C22000000006,Campania,073,065,065073,In Corso,COLLAUDO,SCUOLE MATERNE,Collaudo non concluso,0,1,0,2022-10-24,,2026-06-30,2022.0,0,RISTRUTTURAZIONE CON EFFICIENTAMENTO ENERGETICO,Ristrutturazione/recupero,718931.4,653574.0,5,5,1,1,4,0,1
G73C22000270006,Veneto,075,024,024075,In Corso,COLLAUDO,SCUOLE MATERNE,Collaudo non concluso,0,1,0,2023-06-16,,2026-03-31,2023.0,0,RISTRUTTURAZIONE CON EFFICIENTAMENTO ENERGETICO,Ristrutturazione/recupero,649000.0,590000.0,2,0,1,1,1,0,1
G73C24000160006,Campania,073,065,065073,In Corso,ESECUZIONE LAVORI,ASILI NIDO,Esecuzione lavori,0,0,0,2024-08-19,,2026-08-30,2024.0,0,RISTRUTTURAZIONE CON EFFICIENTAMENTO ENERGETICO,Ristrutturazione/recupero,1008000.0,1008000.0,5,5,1,1,4,0,1
G73D21000680005,Piemonte,125,001,001125,In Corso,COLLAUDO,ALTRI BENI CULTURALI,Collaudo non concluso,0,1,0,2023-01-19,,2026-06-30,2023.0,1,RECUPERO,Ristrutturazione/recupero,4604305.86,3000000.0,11,12,1,1,10,1,1
G74E22000640006,Liguria,004,009,009004,In Corso,COLLAUDO,SCUOLE MATERNE,Collaudo non concluso,0,1,0,2023-02-10,,2026-03-31,2023.0,0,AMPLIAMENTO (COMPRESA SOPRAELEVAZIONE) O POTENZIAMENTO,Ampliamento,620000.0,441600.0,6,6,1,1,6,1,1
G75E21000030001,Lombardia,007,014,014007,In Corso,COLLAUDO,ASILI NIDO,Collaudo non concluso,0,1,0,2022-11-24,,2026-06-30,2022.0,0,NUOVA REALIZZAZIONE,Nuova realizzazione,753600.0,678240.0,2,2,1,1,1,0,1
G75E21000060007,Abruzzo,064,066,066064,In Corso,COLLAUDO,ASILI NIDO,Collaudo non concluso,0,1,0,2022-01-27,,2026-06-30,2022.0,0,NUOVA REALIZZAZIONE,Nuova realizzazione,1884158.95,1884158.95,1,0,1,0,0,0,1
G75E22000000006,Lazio,007,059,059007,In Corso,ESECUZIONE LAVORI,ASILI NIDO,Esecuzione lavori,0,0,0,2022-01-24,,2026-07-31,2022.0,0,NUOVA REALIZZAZIONE,Nuova realizzazione,2853520.16,2654845.6,6,1,1,1,5,0,1
G75E22000040006,Friuli-Venezia Giulia,098,030,030098,In Corso,ESECUZIONE LAVORI,ASILI NIDO,Esecuzione lavori,0,0,0,2023-03-16,,2026-06-30,2023.0,0,NUOVA REALIZZAZIONE,Nuova realizzazione,1332725.47,1128000.0,8,9,1,1,6,0,1
G75E22000060006,Friuli-Venezia Giulia,098,030,030098,In Corso,ESECUZIONE LAVORI,SCUOLE MATERNE,Esecuzione lavori,0,0,0,2023-03-16,,2026-06-30,2023.0,0,NUOVA REALIZZAZIONE,Nuova realizzazione,2137340.38,1410360.0,8,9,1,1,6,0,1
G75E22000070006,Puglia,060,071,071060,In Corso,COLLAUDO,ASILI NIDO,Collaudo non concluso,0,1,0,2022-10-20,,2026-06-30,2022.0,0,NUOVA REALIZZAZIONE,Nuova realizzazione,1846938.25,1402579.15,7,8,1,1,5,0,1
G75E22000090006,Puglia,018,074,074018,In Corso,COLLAUDO,SCUOLE MATERNE,Collaudo non concluso,0,1,0,2023-03-04,,2026-06-30,2023.0,0,NUOVA REALIZZAZIONE,Nuova realizzazione,2600000.0,2600000.0,3,0,1,1,2,0,1
G75E22000150006,Emilia-Romagna,015,039,039015,In Corso,ESECUZIONE LAVORI,ASILI NIDO,Esecuzione lavori,0,0,0,2022-09-08,,2026-08-31,2022.0,0,NUOVA REALIZZAZIONE,Nuova realizzazione,3250000.0,3250000.0,10,10,1,1,9,0,1
G75E22000160006,Umbria,001,054,054001,Concluso,COLLAUDO,ASILI NIDO,Concluso,1,1,1,2022-10-20,2025-08-25,2025-08-25,2022.0,0,NUOVA REALIZZAZIONE,Nuova realizzazione,1430000.0,1300000.0,4,4,1,1,3,0,1
G75E22000180006,Puglia,018,074,074018,In Corso,COLLAUDO,ASILI NIDO,Collaudo non concluso,0,1,0,2023-03-06,,2026-06-30,2023.0,0,NUOVA REALIZZAZIONE,Nuova realizzazione,1437600.0,1437600.0,3,0,1,1,2,0,1
G75E22000190006,Piemonte,029,004,004029,In Corso,COLLAUDO,ASILI NIDO,Collaudo non concluso,0,1,0,2023-01-11,,2026-06-30,2023.0,0,NUOVA REALIZZAZIONE,Nuova realizzazione,1450000.0,1080000.0,4,5,1,1,3,0,1
G75E22000200006,Campania,118,065,065118,In Corso,ESECUZIONE LAVORI,ASILI NIDO,Esecuzione lavori,0,0,0,2022-11-09,,2026-02-01,2022.0,0,NUOVA REALIZZAZIONE,Nuova realizzazione,992180.0,992180.0,7,7,1,1,6,0,1
G75E22000240006,Calabria,069,079,079069,In Corso,COLLAUDO,SCUOLE MATERNE,Collaudo non concluso,0,1,0,2022-05-18,,2026-06-30,2022.0,0,NUOVA REALIZZAZIONE,Nuova realizzazione,820800.0,820800.0,6,7,1,1,5,0,1
G75E24000320006,Piemonte,076,003,003076,In Corso,COLLAUDO,ASILI NIDO,Collaudo non concluso,0,1,0,2024-09-16,,2026-06-30,2024.0,0,NUOVA REALIZZAZIONE,Nuova realizzazione,626000.0,576000.0,3,3,1,1,2,0,1
G75E24000330006,Campania,118,065,065118,In Corso,COLLAUDO/REGOLARE ESECUZIONE,ASILI NIDO,Collaudo non concluso,0,1,0,2024-06-13,,2026-06-30,2024.0,0,NUOVA REALIZZAZIONE,Nuova realizzazione,480000.0,480000.0,1,0,1,1,0,0,1
G75E24000340006,Basilicata,040,076,076040,In Corso,ESECUZIONE LAVORI,ASILI NIDO,Esecuzione lavori,0,0,0,2024-09-19,,2026-06-30,2024.0,0,NUOVA REALIZZAZIONE,Nuova realizzazione,480000.0,480000.0,7,7,1,0,6,0,1
G75E24000350006,Abruzzo,006,068,068006,In Corso,ESECUZIONE LAVORI,ASILI NIDO,Esecuzione lavori,0,0,0,2024-08-14,,2026-06-30,2024.0,0,NUOVA REALIZZAZIONE,Nuova realizzazione,500000.0,480000.0,5,5,1,1,4,0,1
G75E24000360006,Lazio,007,059,059007,In Corso,ESECUZIONE LAVORI,ASILI NIDO,Esecuzione lavori,0,0,0,2024-06-25,,2026-06-30,2024.0,0,NUOVA REALIZZAZIONE,Nuova realizzazione,1440000.0,1440000.0,2,2,1,0,1,0,1
G75E24000370006,Molise,052,094,094052,In Corso,ESECUZIONE LAVORI,ASILI NIDO,Esecuzione lavori,0,0,0,2024-09-02,,2026-06-30,2024.0,0,NUOVA REALIZZAZIONE,Nuova realizzazione,720000.0,720000.0,1,1,1,0,0,0,1
G75E24000380004,Sardegna,088,091,091088,In Corso,ESECUZIONE LAVORI,ASILI NIDO,Esecuzione lavori,0,0,0,2025-03-31,,2026-03-31,2025.0,0,NUOVA REALIZZAZIONE,Nuova realizzazione,262302.2,240000.0,2,2,1,0,1,0,1
G75E25000110006,Campania,073,065,065073,In Corso,COLLAUDO,ASILI NIDO,Collaudo non concluso,0,1,0,2025-08-01,,2026-06-30,2025.0,0,NUOVA REALIZZAZIONE,Nuova realizzazione,1008000.0,1008000.0,4,5,1,1,3,0,1
G75E25000180006,Lazio,072,058,058072,In Corso,Fase non disponibile,ASILI NIDO,Fase non disponibile,0,0,0,,,,,0,NUOVA REALIZZAZIONE,Nuova realizzazione,820000.0,720000.0,0,0,0,0,0,0,1
G75E25000190006,Campania,041,063,063041,In Corso,Fase non disponibile,ASILI NIDO,Fase non disponibile,0,0,0,,,,,0,NUOVA REALIZZAZIONE,Nuova realizzazione,2448000.0,2448000.0,0,0,0,0,0,0,1
G75E25000220006,Campania,021,064,064021,In Corso,Fase non disponibile,ASILI NIDO,Fase non disponibile,0,0,0,,,,,0,NUOVA REALIZZAZIONE,Nuova realizzazione,480000.0,480000.0,0,0,0,0,0,0,1
G75E25000340006,Lazio,004,056,056004,In Corso,ESECUZIONE LAVORI,ASILI NIDO,Esecuzione lavori,0,0,0,2025-07-30,,2026-08-31,2025.0,0,NUOVA REALIZZAZIONE,Nuova realizzazione,792000.0,792000.0,3,2,1,1,2,0,1
G75E25000430006,Lombardia,074,012,012074,In Corso,COLLAUDO,ASILI NIDO,Collaudo non concluso,0,1,0,2025-10-22,,2026-06-30,2025.0,0,NUOVA REALIZZAZIONE,Nuova realizzazione,520000.0,480000.0,5,5,1,1,5,0,1
G76F22000030006,Campania,073,065,065073,Concluso,COLLAUDO,SCUOLE MATERNE,Concluso,1,1,1,2022-10-24,2026-05-05,2026-06-30,2022.0,0,DEMOLIZIONE,Demolizione/ricostruzione,440000.0,400000.0,3,3,1,1,2,0,1
G77G21000030006,Molise,052,094,094052,In Corso,ESECUZIONE LAVORI,ASILI NIDO,Esecuzione lavori,0,0,0,2023-03-13,,2026-06-30,2023.0,0,RECUPERO,Ristrutturazione/recupero,1103375.42,978900.0,2,2,1,1,1,0,1
G77G22000060006,Toscana,037,050,050037,Concluso,COLLAUDO,ASILI NIDO,Concluso,1,1,1,2023-01-19,2024-08-27,2024-10-11,2023.0,0,RECUPERO,Ristrutturazione/recupero,280000.0,280000.0,9,9,1,1,9,0,1
G77G22000070006,Toscana,037,050,050037,Concluso,COLLAUDO,ASILI NIDO,Concluso,1,1,1,2023-01-19,2025-08-20,2025-12-31,2023.0,0,RECUPERO,Ristrutturazione/recupero,187000.0,175000.0,4,4,1,1,4,0,1
G78H22000000006,Campania,052,062,062052,Concluso,COLLAUDO,ASILI NIDO,Concluso,1,1,1,2022-02-16,2026-04-24,2026-04-24,2022.0,0,AMPLIAMENTO (COMPRESA SOPRAELEVAZIONE) O POTENZIAMENTO,Ampliamento,814000.0,740000.0,6,6,1,1,5,1,1
G78H22000010001,Umbria,001,054,054001,Concluso,COLLAUDO,ASILI NIDO,Concluso,1,1,1,2022-10-20,2025-08-25,2025-08-25,2022.0,0,RISTRUTTURAZIONE (PER CAMBIO DI DESTINAZIONE D'USO),Ristrutturazione/recupero,1210000.0,1100000.0,6,6,1,1,5,0,1
G78H22000050001,Umbria,001,054,054001,Concluso,COLLAUDO,ASILI NIDO,Concluso,1,1,1,2022-11-17,2025-10-14,2025-10-14,2022.0,0,RISTRUTTURAZIONE (PER CAMBIO DI DESTINAZIONE D'USO),Ristrutturazione/recupero,1224000.0,840000.0,4,5,1,1,3,0,1
G78H22000210006,Liguria,049,009,009049,In Corso,COLLAUDO,ASILI NIDO,Collaudo non concluso,0,1,0,2022-03-29,,2026-06-30,2022.0,0,AMPLIAMENTO (COMPRESA SOPRAELEVAZIONE) O POTENZIAMENTO,Ampliamento,1089745.66,935000.0,11,11,1,1,11,1,1
G78H22000270006,Abruzzo,013,069,069013,In Corso,ESECUZIONE LAVORI,ASILI NIDO,Esecuzione lavori,0,0,0,2023-03-06,,2026-06-30,2023.0,0,RISTRUTTURAZIONE (PER CAMBIO DI DESTINAZIONE D'USO),Ristrutturazione/recupero,821541.0,821541.0,5,3,1,1,4,0,1
G78H24000490006,Lombardia,002,012,012002,In Corso,COLLAUDO,ASILI NIDO,Collaudo non concluso,0,1,0,2024-08-21,,2026-06-30,2024.0,0,RISTRUTTURAZIONE (PER CAMBIO DI DESTINAZIONE D'USO),Ristrutturazione/recupero,480000.0,480000.0,1,1,1,0,1,0,1
G78H25000230006,Lazio,072,058,058072,In Corso,Fase non disponibile,ASILI NIDO,Fase non disponibile,0,0,0,,,,,0,RISTRUTTURAZIONE (PER CAMBIO DI DESTINAZIONE D'USO),Ristrutturazione/recupero,1150000.0,1008000.0,0,0,0,0,0,0,1
G78I21000440001,Puglia,070,075,075070,In Corso,COLLAUDO,"EDIFICI SOCIALI, CULTURALI E ASSISTENZIALI",Collaudo non concluso,0,1,0,2022-11-17,,2026-06-30,2022.0,1,RISTRUTTURAZIONE CON EFFICIENTAMENTO ENERGETICO,Ristrutturazione/recupero,1335900.0,1159000.0,4,3,1,1,3,0,1
G78I22000210006,Sicilia,010,081,081010,Concluso,COLLAUDO,ASILI NIDO,Concluso,1,1,1,2022-02-22,2024-11-12,2024-11-12,2022.0,0,RISTRUTTURAZIONE CON EFFICIENTAMENTO ENERGETICO,Ristrutturazione/recupero,400330.0,400330.0,2,2,1,1,0,0,1
G81B21002240001,Marche,008,109,109008,Concluso,COLLAUDO,ASILI NIDO,Concluso,1,1,1,2021-04-29,2025-12-18,2025-12-18,2021.0,1,NUOVA REALIZZAZIONE,Nuova realizzazione,998722.78,857626.96,7,3,1,1,6,0,1
G81B22000980006,Campania,040,064,064040,In Corso,COLLAUDO,ASILI NIDO,Collaudo non concluso,0,1,0,2022-02-14,,2026-06-30,2022.0,0,NUOVA REALIZZAZIONE,Nuova realizzazione,1058451.01,962228.19,6,8,1,1,5,0,1
G81B22001760006,Lazio,010,058,058010,In Corso,ESECUZIONE LAVORI,ASILI NIDO,Esecuzione lavori,0,0,0,2022-03-22,,2026-06-30,2022.0,1,NUOVA REALIZZAZIONE,Nuova realizzazione,1073848.0,948100.0,4,2,1,1,3,0,1
G82B24008370007,Sicilia,001,086,086001,In Corso,ESECUZIONE LAVORI,ASILI NIDO,Esecuzione lavori,0,0,0,2024-06-20,,2026-06-30,2024.0,0,MANUTENZIONE STRAORDINARIA,Altro,576000.0,576000.0,2,2,1,0,0,0,1
G82B24008390006,Sicilia,052,083,083052,In Corso,ESECUZIONE LAVORI,SCUOLE MATERNE,Esecuzione lavori,0,0,0,2024-11-12,,2026-06-30,2024.0,0,MANUTENZIONE STRAORDINARIA,Altro,480000.0,480000.0,1,1,1,1,0,0,1
G82J25000010001,Campania,046,061,061046,In Corso,ESECUZIONE LAVORI,SERVIZI PER L'INFANZIA,Esecuzione lavori,0,0,0,2025-05-23,,2026-06-30,2025.0,0,NUOVA REALIZZAZIONE,Nuova realizzazione,1008000.0,1008000.0,4,4,1,1,3,0,1
G83C21000090006,Sicilia,026,087,087026,In Corso,ESECUZIONE LAVORI,SCUOLE MATERNE,Esecuzione lavori,0,0,0,2022-01-01,,2026-09-30,2022.0,0,RISTRUTTURAZIONE CON EFFICIENTAMENTO ENERGETICO,Ristrutturazione/recupero,660000.0,460000.0,3,3,1,1,2,0,1
G83C22000230006,Sardegna,058,111,111058,Concluso,COLLAUDO,ASILI NIDO,Concluso,1,1,1,2022-11-22,2024-10-28,2026-06-30,2022.0,0,RISTRUTTURAZIONE CON EFFICIENTAMENTO ENERGETICO,Ristrutturazione/recupero,337000.0,337000.0,2,2,1,1,1,0,1
G83C24000320006,Sicilia,032,084,084032,In Corso,COLLAUDO,ASILI NIDO,Collaudo non concluso,0,1,0,2024-05-29,,2026-06-30,2024.0,0,RISTRUTTURAZIONE CON EFFICIENTAMENTO ENERGETICO,Ristrutturazione/recupero,560000.0,560000.0,1,0,1,1,0,0,1
G83C25000390006,Sicilia,001,086,086001,In Corso,ESECUZIONE LAVORI,ASILI NIDO,Esecuzione lavori,0,0,0,2025-12-11,,2026-06-30,2025.0,0,RISTRUTTURAZIONE CON EFFICIENTAMENTO ENERGETICO,Ristrutturazione/recupero,480000.0,480000.0,3,3,1,1,1,0,1
G85E21000070006,Lombardia,135,018,018135,In Corso,ESECUZIONE LAVORI,SCUOLE MATERNE,Esecuzione lavori,0,0,0,2023-01-26,,2026-05-31,2023.0,0,NUOVA REALIZZAZIONE,Nuova realizzazione,2262601.32,2220000.0,5,2,1,1,3,0,1
G85E21000090006,Emilia-Romagna,041,040,040041,In Corso,ESECUZIONE LAVORI,SCUOLE MATERNE,Esecuzione lavori,0,0,0,2022-12-28,,2026-08-31,2022.0,0,NUOVA REALIZZAZIONE,Nuova realizzazione,4380000.0,2915700.0,10,11,1,1,9,0,1
G85E21000100006,Molise,044,094,094044,In Corso,COLLAUDO,SCUOLE MATERNE,Collaudo non concluso,0,1,0,2023-02-10,,2026-06-30,2023.0,0,NUOVA REALIZZAZIONE,Nuova realizzazione,1401136.36,1401136.36,5,3,1,1,4,0,1
G85E21000110006,Lombardia,097,019,019097,In Corso,ESECUZIONE LAVORI,ASILI NIDO,Esecuzione lavori,0,0,0,2022-12-27,,2026-06-30,2022.0,0,NUOVA REALIZZAZIONE,Nuova realizzazione,2020000.0,1240000.0,9,10,1,1,8,0,1
G85E22000020006,Puglia,044,075,075044,In Corso,COLLAUDO,ASILI NIDO,Collaudo non concluso,0,1,0,2022-12-22,,2026-06-30,2022.0,0,NUOVA REALIZZAZIONE,Nuova realizzazione,2323200.0,2112000.0,5,6,1,1,4,1,1
G85E22000070006,Lombardia,177,015,015177,In Corso,ESECUZIONE LAVORI,ASILI NIDO,Esecuzione lavori,0,0,0,2023-01-18,,2026-06-30,2023.0,0,NUOVA REALIZZAZIONE,Nuova realizzazione,1493096.0,1357360.0,2,2,1,1,1,0,1
G85E22000270006,Campania,046,061,061046,In Corso,ESECUZIONE LAVORI,ASILI NIDO,Esecuzione lavori,0,0,0,2022-11-15,,2026-12-31,2022.0,0,NUOVA REALIZZAZIONE,Nuova realizzazione,800000.0,800000.0,3,3,1,1,2,0,1
G85E24000340001,Toscana,001,046,046001,In Corso,ESECUZIONE LAVORI,ASILI NIDO,Esecuzione lavori,0,0,0,2024-06-13,,2026-11-01,2024.0,0,NUOVA REALIZZAZIONE,Nuova realizzazione,1900000.0,1008000.0,1,1,1,1,0,0,1
G85E24000380006,Lombardia,177,015,015177,In Corso,ESECUZIONE LAVORI,ASILI NIDO,Esecuzione lavori,0,0,0,2024-11-01,,2026-06-30,2024.0,0,NUOVA REALIZZAZIONE,Nuova realizzazione,480000.0,480000.0,1,1,1,0,1,0,1
G85E24000390006,Lazio,033,060,060033,In Corso,ESECUZIONE LAVORI,ASILI NIDO,Esecuzione lavori,0,0,0,2024-12-05,,2026-06-30,2024.0,0,RISTRUTTURAZIONE CON EFFICIENTAMENTO ENERGETICO,Ristrutturazione/recupero,720000.0,720000.0,9,9,1,1,8,0,1
G85E24000400006,Lazio,118,058,058118,In Corso,ESECUZIONE LAVORI,ASILI NIDO,Esecuzione lavori,0,0,0,2024-06-13,,2026-06-30,2024.0,0,NUOVA REALIZZAZIONE,Nuova realizzazione,1728000.0,1728000.0,8,8,1,1,7,0,1
G85E24000410008,Sicilia,013,089,089013,In Corso,ESECUZIONE LAVORI,ASILI NIDO,Esecuzione lavori,0,0,0,2023-05-24,,2026-06-30,2023.0,0,NUOVA REALIZZAZIONE,Nuova realizzazione,1117231.0,1008000.0,5,4,1,1,4,0,1
G85E24000420006,Campania,051,063,063051,In Corso,ESECUZIONE LAVORI,ASILI NIDO,Esecuzione lavori,0,0,0,2024-09-05,,2026-06-30,2024.0,0,NUOVA REALIZZAZIONE,Nuova realizzazione,864000.0,864000.0,4,3,1,1,3,0,1
G85E24000430001,Veneto,077,028,028077,In Corso,COLLAUDO,ASILI NIDO,Collaudo non concluso,0,1,0,2024-07-05,,2026-12-31,2024.0,0,NUOVA REALIZZAZIONE,Nuova realizzazione,1880000.0,864000.0,6,8,1,1,5,0,1
G85E24000490006,Sicilia,013,089,089013,In Corso,ESECUZIONE LAVORI,ASILI NIDO,Esecuzione lavori,0,0,0,2023-03-31,,2026-06-30,2023.0,0,NUOVA REALIZZAZIONE,Nuova realizzazione,1768000.0,1728000.0,5,5,1,1,4,0,1
G85E24001060006,Campania,037,061,061037,In Corso,Fase non disponibile,ASILI NIDO,Fase non disponibile,0,0,0,,,,,0,NUOVA REALIZZAZIONE,Nuova realizzazione,672000.0,672000.0,0,0,0,0,0,0,1
G85E25000330006,Calabria,086,080,080086,In Corso,AGGIUDICAZIONE,ASILI NIDO,Prima dell'esecuzione,0,0,0,2025-05-28,,2026-06-30,2025.0,0,NUOVA REALIZZAZIONE,Nuova realizzazione,576000.0,576000.0,4,4,1,1,4,1,1
G85E25000340006,Sicilia,013,089,089013,In Corso,ESECUZIONE LAVORI,ASILI NIDO,Esecuzione lavori,0,0,0,2025-07-08,,2026-06-30,2025.0,0,NUOVA REALIZZAZIONE,Nuova realizzazione,1008000.0,1008000.0,5,5,1,1,4,0,1
G85E25000510006,Puglia,008,075,075008,In Corso,Fase non disponibile,ASILI NIDO,Fase non disponibile,0,0,0,,,,,0,NUOVA REALIZZAZIONE,Nuova realizzazione,480000.0,480000.0,0,0,0,0,0,0,1
G85E25000560006,Calabria,041,080,080041,In Corso,Fase non disponibile,ASILI NIDO,Fase non disponibile,0,0,0,,,,,0,NUOVA REALIZZAZIONE,Nuova realizzazione,576000.0,576000.0,0,0,0,0,0,0,1
G85E25000570006,Calabria,086,080,080086,In Corso,ESECUZIONE LAVORI,ASILI NIDO,Esecuzione lavori,0,0,0,2025-12-23,,2026-06-30,2025.0,0,NUOVA REALIZZAZIONE,Nuova realizzazione,576000.0,576000.0,3,3,1,0,3,0,1
G86F22000100006,Campania,051,063,063051,In Corso,ESECUZIONE LAVORI,ASILI NIDO,Esecuzione lavori,0,0,0,2022-09-08,,2026-08-30,2022.0,0,DEMOLIZIONE,Demolizione/ricostruzione,4431535.9,4028669.0,5,2,1,1,4,0,1
G87G25000030006,Lazio,033,060,060033,In Corso,ESECUZIONE LAVORI,ASILI NIDO,Esecuzione lavori,0,0,0,2025-06-09,,2026-06-30,2025.0,0,RECUPERO,Ristrutturazione/recupero,600000.0,600000.0,5,4,1,1,4,0,1
G88H21000030006,Veneto,023,028,028023,Concluso,COLLAUDO,ASILI NIDO,Concluso,1,1,1,2023-02-06,2026-03-03,2026-06-25,2023.0,0,AMPLIAMENTO (COMPRESA SOPRAELEVAZIONE) O POTENZIAMENTO,Ampliamento,218000.0,218000.0,5,4,1,1,3,0,1
G88H21000040006,Lombardia,145,013,013145,Concluso,COLLAUDO,ASILI NIDO,Concluso,1,1,1,2023-02-08,2026-04-21,2026-06-30,2023.0,0,AMPLIAMENTO (COMPRESA SOPRAELEVAZIONE) O POTENZIAMENTO,Ampliamento,1230000.0,1230000.0,5,6,1,1,4,0,1
G88H22000000006,Lombardia,094,016,016094,Concluso,COLLAUDO,ASILI NIDO,Concluso,1,1,1,2023-02-01,2024-08-28,2026-06-30,2023.0,0,AMPLIAMENTO (COMPRESA SOPRAELEVAZIONE) O POTENZIAMENTO,Ampliamento,1381497.64,1250000.0,2,6,1,1,1,0,1
G88H22000040006,Campania,046,061,061046,In Corso,ESECUZIONE LAVORI,SCUOLE MATERNE,Esecuzione lavori,0,0,0,2022-01-01,,2026-12-31,2022.0,0,AMPLIAMENTO (COMPRESA SOPRAELEVAZIONE) O POTENZIAMENTO,Ampliamento,1679798.25,1679798.25,3,3,1,1,2,0,1
G88H22000070006,Trentino-Alto Adige,036,022,022036,In Corso,COLLAUDO,ASILI NIDO,Collaudo non concluso,0,1,0,2023-11-09,,2025-12-31,2023.0,0,RISTRUTTURAZIONE (PER CAMBIO DI DESTINAZIONE D'USO),Ristrutturazione/recupero,1738178.69,924050.0,11,11,1,1,10,0,1
G88H22000090006,Marche,034,042,042034,Concluso,COLLAUDO,ASILI NIDO,Concluso,1,1,1,2022-01-11,2024-10-28,2024-10-28,2022.0,0,AMPLIAMENTO (COMPRESA SOPRAELEVAZIONE) O POTENZIAMENTO,Ampliamento,244800.0,244800.0,5,4,1,1,5,0,1
G88H22000290006,Emilia-Romagna,031,099,099031,Concluso,COLLAUDO,ASILI NIDO,Concluso,1,1,1,2022-12-23,2024-09-30,2024-09-30,2022.0,0,AMPLIAMENTO (COMPRESA SOPRAELEVAZIONE) O POTENZIAMENTO,Ampliamento,189100.09,128980.0,5,3,1,1,5,0,1
G88H24000610006,Lombardia,020,017,017020,In Corso,COLLAUDO,ASILI NIDO,Collaudo non concluso,0,1,0,2024-07-04,,2026-05-30,2024.0,0,AMPLIAMENTO (COMPRESA SOPRAELEVAZIONE) O POTENZIAMENTO,Ampliamento,672000.0,672000.0,3,3,1,1,2,0,1
G88H24000640006,Sardegna,062,091,091062,In Corso,Fase non disponibile,ASILI NIDO,Fase non disponibile,0,0,0,,,,,0,AMPLIAMENTO (COMPRESA SOPRAELEVAZIONE) O POTENZIAMENTO,Ampliamento,576000.0,576000.0,0,0,0,0,0,0,1
G88H24000650006,Lombardia,056,017,017056,In Corso,COLLAUDO,ASILI NIDO,Collaudo non concluso,0,1,0,2024-09-27,,2026-06-30,2024.0,0,RISTRUTTURAZIONE (PER CAMBIO DI DESTINAZIONE D'USO),Ristrutturazione/recupero,400000.0,400000.0,4,4,1,1,3,0,1
G88H25000160006,Calabria,095,080,080095,In Corso,ESECUZIONE LAVORI,ASILI NIDO,Esecuzione lavori,0,0,0,2026-01-27,,2026-06-30,2026.0,0,AMPLIAMENTO (COMPRESA SOPRAELEVAZIONE) O POTENZIAMENTO,Ampliamento,480000.0,480000.0,4,3,1,1,3,0,1
G89J21002100001,Molise,038,070,070038,In Corso,ESECUZIONE LAVORI,SCUOLE MATERNE,Esecuzione lavori,0,0,0,2022-11-12,,2025-12-31,2022.0,1,ALTRO,Altro,1600000.0,1500000.0,3,3,1,1,1,0,1
G89J21002130001,Campania,028,061,061028,In Corso,COLLAUDO,ASILI NIDO,Collaudo non concluso,0,1,0,2021-05-21,,2026-06-30,2021.0,1,ALTRO,Altro,2673000.0,2430000.0,13,10,1,1,11,0,1
G91B21002890005,Campania,036,062,062036,In Corso,ESECUZIONE LAVORI,ALTRE INFRASTRUTTURE,Esecuzione lavori,0,0,0,2023-01-11,,2026-06-30,2023.0,1,NUOVA REALIZZAZIONE,Nuova realizzazione,1496327.72,1385488.64,8,8,1,1,7,0,1
G91B21002970001,Abruzzo,078,069,069078,In Corso,ESECUZIONE LAVORI,ALTRE INFRASTRUTTURE,Esecuzione lavori,0,0,0,2023-03-21,,2026-06-30,2023.0,1,MANUTENZIONE STRAORDINARIA DI ADEGUAMENTO SISMICO,Altro,3080000.0,2800000.0,10,2,1,1,9,0,1
G91B21003030001,Lazio,052,060,060052,In Corso,ESECUZIONE LAVORI,ASILI NIDO,Esecuzione lavori,0,0,0,2022-08-18,,2026-06-30,2022.0,1,NUOVA REALIZZAZIONE,Nuova realizzazione,3300000.0,3000000.0,7,4,1,1,6,0,1
G91B21007820006,Piemonte,049,004,004049,In Corso,COLLAUDO,SCUOLE MATERNE,Collaudo non concluso,0,1,0,2022-11-24,,2026-06-30,2022.0,0,NUOVA REALIZZAZIONE,Nuova realizzazione,2620000.0,2240000.0,7,7,1,1,6,0,1
G91B22000850006,Lombardia,040,012,012040,In Corso,COLLAUDO,SCUOLE MATERNE,Collaudo non concluso,0,1,0,2022-10-26,,2026-06-30,2022.0,0,NUOVA REALIZZAZIONE,Nuova realizzazione,4225000.0,4225000.0,7,9,1,1,6,0,1
G91B22001250006,Emilia-Romagna,012,037,037012,In Corso,ESECUZIONE LAVORI,SCUOLE MATERNE,Esecuzione lavori,0,0,0,2021-12-02,,2026-06-30,2021.0,0,NUOVA REALIZZAZIONE,Nuova realizzazione,3131256.42,2640000.0,6,7,1,1,6,0,1
G91B22001780006,Piemonte,107,002,002107,In Corso,COLLAUDO,SCUOLE MATERNE,Collaudo non concluso,0,1,0,2023-04-03,,2026-06-30,2023.0,0,NUOVA REALIZZAZIONE,Nuova realizzazione,1900000.0,1900000.0,5,9,1,1,3,0,1
G91B22002080006,Lazio,007,060,060007,In Corso,ESECUZIONE LAVORI,ASILI NIDO,Esecuzione lavori,0,0,0,2023-05-10,,2026-06-30,2023.0,0,NUOVA REALIZZAZIONE,Nuova realizzazione,2728000.0,2480000.0,4,5,1,1,3,0,1
G92H18000280004,Lombardia,120,017,017120,In Corso,COLLAUDO,SCUOLE MATERNE,Collaudo non concluso,0,1,0,2023-02-14,,2024-07-15,2023.0,1,AMPLIAMENTO (COMPRESA SOPRAELEVAZIONE) O POTENZIAMENTO,Ampliamento,910000.0,660000.0,10,8,1,1,10,2,1
G93C22000030006,Basilicata,042,076,076042,In Corso,COLLAUDO,SCUOLE MATERNE,Collaudo non concluso,0,1,0,2022-02-24,,2026-06-30,2022.0,0,RISTRUTTURAZIONE CON EFFICIENTAMENTO ENERGETICO,Ristrutturazione/recupero,394000.0,394000.0,2,2,1,1,1,0,1
G93C24001050006,Veneto,032,024,024032,In Corso,COLLAUDO,ASILI NIDO,Collaudo non concluso,0,1,0,2025-09-30,,2026-06-30,2025.0,0,RISTRUTTURAZIONE CON EFFICIENTAMENTO ENERGETICO,Ristrutturazione/recupero,480000.0,480000.0,2,1,1,1,1,0,1
G93C24001060006,Veneto,032,024,024032,In Corso,COLLAUDO,ASILI NIDO,Collaudo non concluso,0,1,0,2025-09-30,,2026-06-30,2025.0,0,RISTRUTTURAZIONE CON EFFICIENTAMENTO ENERGETICO,Ristrutturazione/recupero,3226068.0,1200000.0,4,2,1,1,3,0,1
G94D22000250006,Sicilia,046,082,082046,In Corso,ESECUZIONE LAVORI,ASILI NIDO,Esecuzione lavori,0,0,0,2022-10-26,,2026-08-31,2022.0,0,ALTRO,Altro,1272000.0,1272000.0,4,2,1,1,3,0,1
G94E21000940001,Abruzzo,033,069,069033,In Corso,ESECUZIONE LAVORI,ALTRE STRUTTURE SOCIALI,Esecuzione lavori,0,0,0,2021-05-03,,2026-06-30,2021.0,1,RISTRUTTURAZIONE (PER CAMBIO DI DESTINAZIONE D'USO),Ristrutturazione/recupero,2494211.24,2267464.76,7,6,1,1,6,0,1
G95E17000050009,Campania,027,062,062027,In Corso,ESECUZIONE LAVORI,SCUOLE MATERNE,Esecuzione lavori,0,0,0,2016-09-21,,2026-08-30,2016.0,1,NUOVA REALIZZAZIONE,Nuova realizzazione,1965791.01,1787082.74,10,10,1,1,9,0,1
G95E21000000001,Lombardia,070,015,015070,Concluso,COLLAUDO,ASILI NIDO,Concluso,1,1,1,2022-12-16,2026-01-27,2026-01-27,2022.0,0,NUOVA REALIZZAZIONE,Nuova realizzazione,2816000.0,2160000.0,16,21,1,1,13,0,1
G95E21000030006,Abruzzo,078,069,069078,In Corso,ESECUZIONE LAVORI,SCUOLE MATERNE,Esecuzione lavori,0,0,0,2023-04-24,,2026-06-30,2023.0,0,NUOVA REALIZZAZIONE,Nuova realizzazione,2008520.8,1825928.0,8,1,1,1,7,0,1
G95E22000000006,Abruzzo,037,067,067037,In Corso,COLLAUDO,ASILI NIDO,Collaudo non concluso,0,1,0,2022-11-22,,2026-06-30,2022.0,0,NUOVA REALIZZAZIONE,Nuova realizzazione,2161147.51,1964679.55,10,16,1,1,10,1,1
G95E22000010006,Sicilia,042,084,084042,In Corso,COLLAUDO,SCUOLE MATERNE,Collaudo non concluso,0,1,0,2022-11-17,,2026-06-30,2022.0,0,NUOVA REALIZZAZIONE,Nuova realizzazione,2940260.0,2940260.0,4,7,1,1,2,0,1
G95E22000030006,Abruzzo,033,069,069033,In Corso,ESECUZIONE LAVORI,ASILI NIDO,Esecuzione lavori,0,0,0,2022-02-07,,2026-06-30,2022.0,0,NUOVA REALIZZAZIONE,Nuova realizzazione,1016397.53,923997.75,6,5,1,1,5,0,1
G95E22000040006,Umbria,001,055,055001,In Corso,COLLAUDO,ASILI NIDO,Collaudo non concluso,0,1,0,2022-02-25,,2026-06-30,2022.0,0,NUOVA REALIZZAZIONE,Nuova realizzazione,1676078.8,1523708.0,5,5,1,1,4,0,1
G95E22000170006,Campania,034,063,063034,In Corso,ESECUZIONE LAVORI,ASILI NIDO,Esecuzione lavori,0,0,0,2022-09-08,,2026-06-30,2022.0,0,NUOVA REALIZZAZIONE,Nuova realizzazione,1595000.0,1450000.0,5,5,1,1,5,1,1
G95E22000190006,Campania,014,064,064014,In Corso,ESECUZIONE LAVORI,ASILI NIDO,Esecuzione lavori,0,0,0,2022-10-06,,2026-06-30,2022.0,0,NUOVA REALIZZAZIONE,Nuova realizzazione,427064.0,388240.0,1,1,1,1,0,0,1
G95E22000200006,Campania,034,063,063034,In Corso,ESECUZIONE LAVORI,ASILI NIDO,Esecuzione lavori,0,0,0,2022-09-08,,2026-06-30,2022.0,0,NUOVA REALIZZAZIONE,Nuova realizzazione,2376000.0,2160000.0,5,5,1,1,5,1,1
G95E22000220006,Campania,027,062,062027,In Corso,ESECUZIONE LAVORI,ASILI NIDO,Esecuzione lavori,0,0,0,2022-03-29,,2026-08-30,2022.0,0,NUOVA REALIZZAZIONE,Nuova realizzazione,1454740.0,1454740.0,5,4,1,1,4,0,1
G95E22000240006,Puglia,081,075,075081,In Corso,COLLAUDO,ASILI NIDO,Collaudo non concluso,0,1,0,2023-05-30,,2026-06-30,2023.0,0,NUOVA REALIZZAZIONE,Nuova realizzazione,1800000.0,1800000.0,11,2,1,1,10,0,1
G95E22000250006,Campania,070,063,063070,In Corso,ESECUZIONE LAVORI,ASILI NIDO,Esecuzione lavori,0,0,0,2023-01-17,,2026-06-30,2023.0,0,NUOVA REALIZZAZIONE,Nuova realizzazione,2692864.63,2448058.75,6,6,1,1,4,0,1
G95E22000260006,Friuli-Venezia Giulia,127,030,030127,In Corso,ESECUZIONE LAVORI,ASILI NIDO,Esecuzione lavori,0,0,0,2023-03-07,,2026-07-31,2023.0,0,NUOVA REALIZZAZIONE,Nuova realizzazione,841376.49,841376.49,3,4,1,1,2,0,1
G95E22000270006,Sicilia,042,084,084042,In Corso,COLLAUDO,ASILI NIDO,Collaudo non concluso,0,1,0,2022-10-20,,2026-06-30,2022.0,0,NUOVA REALIZZAZIONE,Nuova realizzazione,1079830.0,1079830.0,5,6,1,1,4,0,1
G95E22000280006,Lombardia,118,018,018118,In Corso,COLLAUDO,ASILI NIDO,Collaudo non concluso,0,1,0,2022-10-26,,2026-06-30,2022.0,0,NUOVA REALIZZAZIONE,Nuova realizzazione,660700.0,660700.0,4,4,1,1,3,0,1
G95E24000270006,Abruzzo,028,067,067028,Concluso,COLLAUDO,ASILI NIDO,Concluso,1,1,1,2024-06-13,2025-10-09,2025-10-19,2024.0,0,NUOVA REALIZZAZIONE,Nuova realizzazione,550000.0,480000.0,9,9,1,1,8,0,1
G95E24000280001,Lazio,027,059,059027,In Corso,COLLAUDO,ASILI NIDO,Collaudo non concluso,0,1,0,2024-08-10,,2026-06-30,2024.0,0,NUOVA REALIZZAZIONE,Nuova realizzazione,952800.0,720000.0,4,4,1,1,4,1,1
G95E24000320006,Abruzzo,035,068,068035,In Corso,ESECUZIONE LAVORI,ASILI NIDO,Esecuzione lavori,0,0,0,2024-06-30,,2026-08-31,2024.0,0,NUOVA REALIZZAZIONE,Nuova realizzazione,680000.0,480000.0,5,6,1,1,4,0,1
G95E24000330006,Calabria,116,079,079116,In Corso,ESECUZIONE LAVORI,ASILI NIDO,Esecuzione lavori,0,0,0,2024-07-20,,2026-06-30,2024.0,0,NUOVA REALIZZAZIONE,Nuova realizzazione,576000.0,576000.0,4,4,1,1,1,0,1
G95E24000360006,Lazio,006,056,056006,In Corso,ESECUZIONE LAVORI,ASILI NIDO,Esecuzione lavori,0,0,0,2024-05-20,,2026-10-30,2024.0,0,NUOVA REALIZZAZIONE,Nuova realizzazione,288000.0,288000.0,4,5,1,1,3,0,1
G95E25000180006,Abruzzo,035,068,068035,In Corso,COLLAUDO,ASILI NIDO,Collaudo non concluso,0,1,0,2025-02-01,,2026-06-30,2025.0,0,NUOVA REALIZZAZIONE,Nuova realizzazione,480000.0,480000.0,7,7,1,1,6,0,1
G95E25000210006,Abruzzo,028,067,067028,In Corso,COLLAUDO,ASILI NIDO,Collaudo non concluso,0,1,0,2025-08-05,,2026-06-19,2025.0,0,NUOVA REALIZZAZIONE,Nuova realizzazione,480000.0,480000.0,6,6,1,1,5,0,1
G95E25000270006,Lombardia,149,016,016149,In Corso,ESECUZIONE LAVORI,ASILI NIDO,Esecuzione lavori,0,0,0,2025-07-21,,2026-05-31,2025.0,0,NUOVA REALIZZAZIONE,Nuova realizzazione,647000.0,547000.0,7,7,1,1,6,0,1
G95E25000330006,Veneto,037,026,026037,In Corso,ESECUZIONE LAVORI,ASILI NIDO,Esecuzione lavori,0,0,0,2025-07-09,,2026-06-30,2025.0,0,NUOVA REALIZZAZIONE,Nuova realizzazione,660000.0,480000.0,4,4,1,1,3,0,1
G95E25000370006,Puglia,081,075,075081,In Corso,ESECUZIONE LAVORI,ASILI NIDO,Esecuzione lavori,0,0,0,2025-11-13,,2026-08-31,2025.0,0,NUOVA REALIZZAZIONE,Nuova realizzazione,768000.0,768000.0,4,5,1,1,3,0,1
G95E25000400006,Molise,039,070,070039,In Corso,ESECUZIONE LAVORI,ASILI NIDO,Esecuzione lavori,0,0,0,2025-12-30,,2026-08-31,2025.0,0,NUOVA REALIZZAZIONE,Nuova realizzazione,1080000.0,1080000.0,5,5,1,1,4,1,1
G95E25000410006,Calabria,145,078,078145,In Corso,ESECUZIONE LAVORI,ASILI NIDO,Esecuzione lavori,0,0,0,2025-11-13,,2026-07-31,2025.0,0,NUOVA REALIZZAZIONE,Nuova realizzazione,480000.0,480000.0,4,4,1,1,3,0,1
G96F22000030006,Lazio,052,060,060052,In Corso,ESECUZIONE LAVORI,ASILI NIDO,Esecuzione lavori,0,0,0,2023-02-23,,2026-06-30,2023.0,0,DEMOLIZIONE,Demolizione/ricostruzione,812900.0,739000.0,5,4,1,1,4,0,1
G96F22000150006,Piemonte,036,006,006036,In Corso,ESECUZIONE LAVORI,ASILI NIDO,Esecuzione lavori,0,0,0,2023-06-05,,2026-06-30,2023.0,0,DEMOLIZIONE,Demolizione/ricostruzione,592365.0,592365.0,6,8,1,1,5,0,1
G96F24000040006,Sicilia,011,086,086011,In Corso,ESECUZIONE LAVORI,ASILI NIDO,Esecuzione lavori,0,0,0,2024-09-02,,2026-06-30,2024.0,0,DEMOLIZIONE,Demolizione/ricostruzione,885632.0,864000.0,6,6,1,1,5,1,1
G97H21001930001,Lazio,007,060,060007,In Corso,ESECUZIONE LAVORI,ALTRI EDIFICI SCOLASTICI,Esecuzione lavori,0,0,0,2022-10-13,,2026-06-30,2022.0,1,MANUTENZIONE STRAORDINARIA,Altro,1471881.4,1338074.0,6,5,1,1,5,0,1
G98H22000030007,Piemonte,163,001,001163,In Corso,ESECUZIONE LAVORI,ASILI NIDO,Esecuzione lavori,0,0,0,2022-09-08,,2026-09-30,2022.0,0,RISTRUTTURAZIONE (PER CAMBIO DI DESTINAZIONE D'USO),Ristrutturazione/recupero,330000.0,300000.0,3,2,1,1,1,0,1
G98H22000060006,Toscana,004,045,045004,In Corso,COLLAUDO,ASILI NIDO,Collaudo non concluso,0,1,0,2023-04-17,,2026-06-30,2023.0,0,RISTRUTTURAZIONE (PER CAMBIO DI DESTINAZIONE D'USO),Ristrutturazione/recupero,370370.0,336700.0,2,2,1,1,1,0,1
G98H22000110006,Abruzzo,035,068,068035,In Corso,COLLAUDO,SCUOLE MATERNE,Collaudo non concluso,0,1,0,2022-12-13,,2026-06-30,2022.0,0,AMPLIAMENTO (COMPRESA SOPRAELEVAZIONE) O POTENZIAMENTO,Ampliamento,1023000.0,930000.0,5,5,1,1,4,0,1
G98H22000300006,Veneto,025,023,023025,In Corso,ESECUZIONE LAVORI,ASILI NIDO,Esecuzione lavori,0,0,0,2022-12-01,,2026-06-30,2022.0,0,AMPLIAMENTO (COMPRESA SOPRAELEVAZIONE) O POTENZIAMENTO,Ampliamento,940000.0,940000.0,8,8,1,1,7,0,1
G98H22000310006,Puglia,027,075,075027,In Corso,ESECUZIONE LAVORI,ASILI NIDO,Esecuzione lavori,0,0,0,2022-11-02,,2026-06-30,2022.0,0,RISTRUTTURAZIONE (PER CAMBIO DI DESTINAZIONE D'USO),Ristrutturazione/recupero,1282160.0,1165600.0,5,5,1,1,3,0,1
G98H24000530006,Basilicata,042,076,076042,In Corso,COLLAUDO,ASILI NIDO,Collaudo non concluso,0,1,0,2024-08-01,,2026-06-30,2024.0,0,RISTRUTTURAZIONE (PER CAMBIO DI DESTINAZIONE D'USO),Ristrutturazione/recupero,600000.0,600000.0,0,0,0,0,0,0,1
G98H24000570006,Sicilia,046,082,082046,In Corso,ESECUZIONE LAVORI,ASILI NIDO,Esecuzione lavori,0,0,0,2025-07-30,,2026-12-31,2025.0,0,AMPLIAMENTO (COMPRESA SOPRAELEVAZIONE) O POTENZIAMENTO,Ampliamento,840000.0,840000.0,4,4,1,1,3,0,1
G98H25000310006,Sicilia,011,086,086011,In Corso,ESECUZIONE LAVORI,ASILI NIDO,Esecuzione lavori,0,0,0,2025-07-25,,2026-06-30,2025.0,0,RISTRUTTURAZIONE (PER CAMBIO DI DESTINAZIONE D'USO),Ristrutturazione/recupero,720000.0,720000.0,2,1,1,1,1,0,1
G98H25000410006,Abruzzo,012,066,066012,In Corso,COLLAUDO,ASILI NIDO,Collaudo non concluso,0,1,0,2025-09-30,,2026-06-30,2025.0,0,RISTRUTTURAZIONE (PER CAMBIO DI DESTINAZIONE D'USO),Ristrutturazione/recupero,240000.0,240000.0,1,1,1,1,1,0,1
H11B21001320005,Sardegna,033,111,111033,In Corso,COLLAUDO,SERVIZI PER L'INFANZIA,Collaudo non concluso,0,1,0,2021-04-27,,2026-06-30,2021.0,1,NUOVA REALIZZAZIONE,Nuova realizzazione,770000.0,663000.0,4,5,1,1,3,0,1
H11B21001400004,Marche,045,042,042045,In Corso,COLLAUDO,SCUOLE MATERNE,Collaudo non concluso,0,1,0,2022-10-18,,2026-03-31,2022.0,1,NUOVA REALIZZAZIONE,Nuova realizzazione,3820607.0,2950000.0,8,7,1,1,7,0,1
H11B21002110005,Toscana,003,100,100003,In Corso,ESECUZIONE LAVORI,ASILI NIDO,Esecuzione lavori,0,0,0,2021-05-05,,2026-08-31,2021.0,1,NUOVA REALIZZAZIONE,Nuova realizzazione,1965000.0,1269000.0,13,11,1,1,13,1,1
H11B21008320006,Lombardia,071,015,015071,Concluso,COLLAUDO,SCUOLE MATERNE,Concluso,1,1,1,2022-11-28,2025-09-05,2025-12-31,2022.0,0,NUOVA REALIZZAZIONE,Nuova realizzazione,2300000.0,2300000.0,7,7,1,1,5,0,1
H11B21008440001,Lombardia,069,016,016069,In Corso,COLLAUDO,SCUOLE MATERNE,Collaudo non concluso,0,1,0,2022-12-01,,2025-12-31,2022.0,0,NUOVA REALIZZAZIONE,Nuova realizzazione,1455766.4,916568.0,9,10,1,1,8,0,1
H11B22000830006,Toscana,017,048,048017,In Corso,ESECUZIONE LAVORI,ASILI NIDO,Esecuzione lavori,0,0,0,2022-11-11,,2026-08-31,2022.0,0,NUOVA REALIZZAZIONE,Nuova realizzazione,2455800.62,1654770.0,9,9,1,1,9,1,1
H11B22000930006,Toscana,003,100,100003,In Corso,ESECUZIONE LAVORI,SCUOLE MATERNE,Esecuzione lavori,0,0,0,2022-12-30,,2026-08-31,2022.0,0,NUOVA REALIZZAZIONE,Nuova realizzazione,2758000.0,1980000.0,7,8,1,1,7,1,1
H11B22001630006,Lombardia,024,016,016024,In Corso,COLLAUDO,ASILI NIDO,Collaudo non concluso,0,1,0,2022-09-08,,2026-06-30,2022.0,0,NUOVA REALIZZAZIONE,Nuova realizzazione,2539011.6,1799210.0,7,6,1,1,6,0,1
H11B22001640006,Lombardia,024,016,016024,In Corso,COLLAUDO,ASILI NIDO,Collaudo non concluso,0,1,0,2022-09-08,,2026-06-30,2022.0,0,NUOVA REALIZZAZIONE,Nuova realizzazione,1798157.56,1522456.0,12,10,1,1,11,0,1
H11B22001730006,Toscana,035,048,048035,In Corso,ESECUZIONE LAVORI,ASILI NIDO,Esecuzione lavori,0,0,0,2023-01-19,,2026-06-30,2023.0,0,NUOVA REALIZZAZIONE,Nuova realizzazione,1325500.0,1205000.0,7,12,1,1,6,1,1
H11B22001770006,Campania,076,065,065076,Concluso,COLLAUDO,SCUOLE MATERNE,Concluso,1,1,1,2021-12-18,2026-03-30,2026-06-30,2021.0,0,NUOVA REALIZZAZIONE,Nuova realizzazione,2987600.0,2716000.0,11,4,1,1,10,0,1
H11B22001790006,Lombardia,096,016,016096,In Corso,ESECUZIONE LAVORI,ASILI NIDO,Esecuzione lavori,0,0,0,2022-10-28,,2026-06-30,2022.0,0,NUOVA REALIZZAZIONE,Nuova realizzazione,2100000.0,1675000.0,9,9,1,1,9,1,1
H11B22001810006,Trentino-Alto Adige,155,022,022155,In Corso,ESECUZIONE LAVORI,ASILI NIDO,Esecuzione lavori,0,0,0,2022-11-16,,2026-06-30,2022.0,0,NUOVA REALIZZAZIONE,Nuova realizzazione,1344000.0,1140000.0,3,2,1,1,2,0,1
H11B22001830006,Marche,045,042,042045,In Corso,COLLAUDO,ASILI NIDO,Collaudo non concluso,0,1,0,2022-10-28,,2026-03-30,2022.0,0,NUOVA REALIZZAZIONE,Nuova realizzazione,1452000.0,1320000.0,7,9,1,1,6,0,1
H12C22000000006,Lombardia,103,017,017103,In Corso,COLLAUDO,ASILI NIDO,Collaudo non concluso,0,1,0,2022-10-20,,2026-06-30,2022.0,0,DEMOLIZIONE,Demolizione/ricostruzione,550905.25,550905.25,5,6,1,1,4,0,1
H12C22000140006,Marche,029,041,041029,In Corso,COLLAUDO,ASILI NIDO,Collaudo non concluso,0,1,0,2022-10-25,,2026-06-30,2022.0,0,DEMOLIZIONE,Demolizione/ricostruzione,2032800.0,1848000.0,6,6,1,1,6,1,1
H13C22000290006,Toscana,017,048,048017,In Corso,ESECUZIONE LAVORI,ASILI NIDO,Esecuzione lavori,0,0,0,2023-03-05,,2026-08-31,2023.0,0,RISTRUTTURAZIONE CON EFFICIENTAMENTO ENERGETICO,Ristrutturazione/recupero,893000.0,730000.0,3,3,1,1,3,1,1
H13C22000300006,Toscana,017,048,048017,In Corso,COLLAUDO,ASILI NIDO,Collaudo non concluso,0,1,0,2023-03-05,,2026-06-30,2023.0,0,RISTRUTTURAZIONE CON EFFICIENTAMENTO ENERGETICO,Ristrutturazione/recupero,583000.0,530000.0,5,5,1,1,5,1,1
H13C22000310006,Sardegna,038,095,095038,In Corso,COLLAUDO,ASILI NIDO,Collaudo non concluso,0,1,0,2022-11-22,,2026-03-31,2022.0,0,RISTRUTTURAZIONE CON EFFICIENTAMENTO ENERGETICO,Ristrutturazione/recupero,1278912.8,1080000.0,2,1,1,0,1,0,1
H13C22000320006,Toscana,017,048,048017,In Corso,ESECUZIONE LAVORI,ASILI NIDO,Esecuzione lavori,0,0,0,2023-03-05,,2026-08-31,2023.0,0,RISTRUTTURAZIONE CON EFFICIENTAMENTO ENERGETICO,Ristrutturazione/recupero,777504.0,688640.0,6,6,1,1,6,1,1
H13C22000330006,Toscana,017,048,048017,In Corso,COLLAUDO,ASILI NIDO,Collaudo non concluso,0,1,0,2023-03-05,,2026-08-31,2023.0,0,RISTRUTTURAZIONE CON EFFICIENTAMENTO ENERGETICO,Ristrutturazione/recupero,788064.0,698240.0,6,6,1,1,6,1,1
H14E22002090006,Toscana,017,048,048017,In Corso,COLLAUDO,SCUOLE MATERNE,Collaudo non concluso,0,1,0,2023-03-05,,2026-08-31,2023.0,0,AMPLIAMENTO (COMPRESA SOPRAELEVAZIONE) O POTENZIAMENTO,Ampliamento,1923000.0,1430000.0,7,9,1,1,7,3,1
H14E22002230006,Toscana,017,048,048017,In Corso,COLLAUDO,ASILI NIDO,Collaudo non concluso,0,1,0,2022-11-11,,2026-06-30,2022.0,0,AMPLIAMENTO (COMPRESA SOPRAELEVAZIONE) O POTENZIAMENTO,Ampliamento,724800.0,670000.0,3,4,1,1,3,1,1
H14E22002500006,Lombardia,084,013,013084,In Corso,ESECUZIONE LAVORI,ASILI NIDO,Esecuzione lavori,0,0,0,2022-10-26,,2026-03-31,2022.0,0,AMPLIAMENTO (COMPRESA SOPRAELEVAZIONE) O POTENZIAMENTO,Ampliamento,670000.0,543224.25,13,13,1,1,12,0,1
H15E22000000006,Calabria,117,079,079117,In Corso,COLLAUDO,ASILI NIDO,Collaudo non concluso,0,1,0,2023-01-18,,2026-06-30,2023.0,0,NUOVA REALIZZAZIONE,Nuova realizzazione,619200.0,619200.0,4,4,1,1,3,0,1
H15E22000070006,Umbria,029,055,055029,Concluso,COLLAUDO,ASILI NIDO,Concluso,1,1,1,2022-11-22,2026-01-28,2026-01-28,2022.0,0,NUOVA REALIZZAZIONE,Nuova realizzazione,638000.0,534184.0,2,5,1,1,1,0,1
H15E22000090001,Abruzzo,047,067,067047,In Corso,COLLAUDO,SCUOLE MATERNE,Collaudo non concluso,0,1,0,2022-11-14,,2026-06-30,2022.0,0,NUOVA REALIZZAZIONE,Nuova realizzazione,4672670.84,2800283.7,30,30,1,1,29,0,1
H15E22000160006,Abruzzo,085,066,066085,In Corso,ESECUZIONE LAVORI,ASILI NIDO,Esecuzione lavori,0,0,0,2023-02-23,,2026-08-31,2023.0,0,NUOVA REALIZZAZIONE,Nuova realizzazione,2574000.0,2340000.0,2,2,1,1,0,0,1
H15E22000170001,Toscana,017,048,048017,In Corso,COLLAUDO,ASILI NIDO,Collaudo non concluso,0,1,0,2022-12-04,,2026-06-30,2022.0,0,RISTRUTTURAZIONE (PER CAMBIO DI DESTINAZIONE D'USO),Ristrutturazione/recupero,2850000.0,1430000.0,4,4,1,1,3,0,1
H15E22000180006,Lombardia,024,016,016024,In Corso,COLLAUDO,ASILI NIDO,Collaudo non concluso,0,1,0,2022-09-08,,2026-06-30,2022.0,0,NUOVA REALIZZAZIONE,Nuova realizzazione,2134131.0,1799210.0,9,8,1,1,8,0,1
H15E22000190006,Lombardia,024,016,016024,In Corso,COLLAUDO,ASILI NIDO,Collaudo non concluso,0,1,0,2022-09-08,,2026-06-30,2022.0,0,NUOVA REALIZZAZIONE,Nuova realizzazione,2144131.0,1799210.0,7,7,1,1,6,0,1
H15E22000200006,Lombardia,024,016,016024,In Corso,COLLAUDO,ASILI NIDO,Collaudo non concluso,0,1,0,2022-09-08,,2026-06-30,2022.0,0,NUOVA REALIZZAZIONE,Nuova realizzazione,2129131.0,1799210.0,9,8,1,1,8,0,1
H15E22000230006,Campania,015,064,064015,In Corso,COLLAUDO,SCUOLE MATERNE,Collaudo non concluso,0,1,0,2022-09-08,,2026-06-30,2022.0,0,NUOVA REALIZZAZIONE,Nuova realizzazione,1032950.02,939045.47,4,3,1,1,3,0,1
H15E24000070006,Toscana,017,048,048017,In Corso,COLLAUDO,ASILI NIDO,Collaudo non concluso,0,1,0,2024-05-15,,2026-08-31,2024.0,0,NUOVA REALIZZAZIONE,Nuova realizzazione,1890000.0,1440000.0,13,15,1,1,11,0,1
H15E24000080006,Toscana,017,048,048017,In Corso,ESECUZIONE LAVORI,ASILI NIDO,Esecuzione lavori,0,0,0,2024-05-15,,2026-08-31,2024.0,0,NUOVA REALIZZAZIONE,Nuova realizzazione,1850000.0,1200000.0,9,11,1,1,7,0,1
H15E24000090006,Lazio,071,060,060071,In Corso,COLLAUDO,ASILI NIDO,Collaudo non concluso,0,1,0,2024-09-05,,2026-06-30,2024.0,0,NUOVA REALIZZAZIONE,Nuova realizzazione,576000.0,576000.0,5,5,1,1,4,0,1
H15E24000100006,Calabria,047,078,078047,In Corso,ESECUZIONE LAVORI,ASILI NIDO,Esecuzione lavori,0,0,0,2024-07-23,,2026-12-31,2024.0,0,NUOVA REALIZZAZIONE,Nuova realizzazione,672000.0,672000.0,6,6,1,1,5,0,1
H15E24000110001,Veneto,071,023,023071,In Corso,COLLAUDO,ASILI NIDO,Collaudo non concluso,0,1,0,2024-09-05,,2026-06-30,2024.0,0,NUOVA REALIZZAZIONE,Nuova realizzazione,2000000.0,1152000.0,6,8,1,1,5,0,1
H15E24000120001,Puglia,036,071,071036,In Corso,ESECUZIONE LAVORI,ASILI NIDO,Esecuzione lavori,0,0,0,2024-09-05,,2026-06-30,2024.0,0,NUOVA REALIZZAZIONE,Nuova realizzazione,1160000.0,1008000.0,4,5,1,1,3,0,1
H15E25000010006,Lazio,053,060,060053,In Corso,AGGIUDICAZIONE,ASILI NIDO,Prima dell'esecuzione,0,0,0,,,,,0,NUOVA REALIZZAZIONE,Nuova realizzazione,576000.0,576000.0,4,3,1,1,3,0,1
H15E25000020006,Campania,028,062,062028,In Corso,ESECUZIONE LAVORI,ASILI NIDO,Esecuzione lavori,0,0,0,2025-07-14,,2026-08-31,2025.0,0,NUOVA REALIZZAZIONE,Nuova realizzazione,480000.0,480000.0,5,4,1,1,4,0,1
H15E25000070006,Calabria,047,078,078047,In Corso,ESECUZIONE LAVORI,ASILI NIDO,Esecuzione lavori,0,0,0,2024-01-12,,2026-08-30,2024.0,0,NUOVA REALIZZAZIONE,Nuova realizzazione,672000.0,672000.0,5,5,1,1,4,0,1
H15E25000080006,Campania,076,065,065076,In Corso,COLLAUDO,ASILI NIDO,Collaudo non concluso,0,1,0,2025-09-01,,2026-06-30,2025.0,0,NUOVA REALIZZAZIONE,Nuova realizzazione,480000.0,480000.0,7,6,1,1,6,0,1
H16F22000120006,Abruzzo,013,066,066013,In Corso,COLLAUDO,ASILI NIDO,Collaudo non concluso,0,1,0,2023-05-31,,2026-03-31,2023.0,0,DEMOLIZIONE,Demolizione/ricostruzione,383616.0,355200.0,4,1,1,1,3,0,1
H16G21000920001,Campania,049,065,065049,Concluso,COLLAUDO,ASILI NIDO,Concluso,1,1,1,2022-11-21,2025-10-16,2025-10-16,2022.0,1,AMMODERNAMENTO TECNOLOGICO E LABORATORIALE,Altro,389777.17,354342.88,2,2,1,1,1,0,1
H17G22000090006,Sicilia,028,087,087028,In Corso,ESECUZIONE LAVORI,ASILI NIDO,Esecuzione lavori,0,0,0,2023-04-28,,2026-06-30,2023.0,0,RECUPERO,Ristrutturazione/recupero,1019040.0,926400.0,5,5,1,1,4,0,1
H17G24000120006,Toscana,017,048,048017,In Corso,ESECUZIONE LAVORI,ASILI NIDO,Esecuzione lavori,0,0,0,2024-05-15,,2026-12-31,2024.0,0,RECUPERO,Ristrutturazione/recupero,500000.0,500000.0,3,3,1,1,3,0,1
H17G24000130006,Toscana,017,048,048017,In Corso,ESECUZIONE LAVORI,ASILI NIDO,Esecuzione lavori,0,0,0,2024-05-15,,2026-12-31,2024.0,0,RECUPERO,Ristrutturazione/recupero,1200000.0,1200000.0,3,3,1,1,3,0,1
H18H22000010006,Lazio,012,058,058012,In Corso,COLLAUDO,ASILI NIDO,Collaudo non concluso,0,1,0,2022-11-22,,2025-12-31,2022.0,0,RISTRUTTURAZIONE (PER CAMBIO DI DESTINAZIONE D'USO),Ristrutturazione/recupero,103994.51,103994.51,2,2,1,1,2,0,1
H18H22000020006,Sardegna,057,090,090057,In Corso,COLLAUDO,ASILI NIDO,Collaudo non concluso,0,1,0,2022-09-08,,2026-06-30,2022.0,0,AMPLIAMENTO (COMPRESA SOPRAELEVAZIONE) O POTENZIAMENTO,Ampliamento,440200.0,440200.0,3,2,1,1,2,0,1
H18H22000160001,Toscana,017,048,048017,In Corso,ESECUZIONE LAVORI,ASILI NIDO,Esecuzione lavori,0,0,0,2022-12-04,,2026-08-31,2022.0,0,RISTRUTTURAZIONE (PER CAMBIO DI DESTINAZIONE D'USO),Ristrutturazione/recupero,2093400.0,1066000.0,4,5,1,1,3,0,1
H18H22000170006,Abruzzo,031,066,066031,In Corso,ESECUZIONE LAVORI,ASILI NIDO,Esecuzione lavori,0,0,0,2023-04-27,,2026-06-30,2023.0,0,AMPLIAMENTO (COMPRESA SOPRAELEVAZIONE) O POTENZIAMENTO,Ampliamento,325138.0,325138.0,4,4,1,1,4,0,1
H18H24000320006,Campania,071,063,063071,In Corso,COLLAUDO,ASILI NIDO,Collaudo non concluso,0,1,0,2024-09-10,,2026-06-30,2024.0,0,RISTRUTTURAZIONE (PER CAMBIO DI DESTINAZIONE D'USO),Ristrutturazione/recupero,523921.79,400000.0,2,2,1,1,1,0,1
H18H24000380006,Campania,076,065,065076,Concluso,COLLAUDO,ASILI NIDO,Concluso,1,1,1,2024-09-01,2026-03-10,2026-03-31,2024.0,0,AMPLIAMENTO (COMPRESA SOPRAELEVAZIONE) O POTENZIAMENTO,Ampliamento,672000.0,672000.0,4,3,1,1,3,0,1
H18H25000180006,Sardegna,046,091,091046,In Corso,ESECUZIONE LAVORI,ASILI NIDO,Esecuzione lavori,0,0,0,,,,,0,RISTRUTTURAZIONE (PER CAMBIO DI DESTINAZIONE D'USO),Ristrutturazione/recupero,400000.0,400000.0,2,3,1,1,1,0,1
H18H25000190006,Puglia,055,075,075055,In Corso,ESECUZIONE LAVORI,ASILI NIDO,Esecuzione lavori,0,0,0,2025-05-23,,2026-06-30,2025.0,0,AMPLIAMENTO (COMPRESA SOPRAELEVAZIONE) O POTENZIAMENTO,Ampliamento,672000.0,672000.0,4,4,1,1,3,0,1
H18H25000220006,Puglia,082,075,075082,In Corso,ESECUZIONE LAVORI,ASILI NIDO,Esecuzione lavori,0,0,0,2025-09-09,,2026-06-30,2025.0,0,AMPLIAMENTO (COMPRESA SOPRAELEVAZIONE) O POTENZIAMENTO,Ampliamento,480000.0,480000.0,7,6,1,1,6,0,1
H18H25000730006,Veneto,092,026,026092,In Corso,ESECUZIONE LAVORI,ASILI NIDO,Esecuzione lavori,0,0,0,2025-10-20,,2026-06-30,2025.0,0,RISTRUTTURAZIONE (PER CAMBIO DI DESTINAZIONE D'USO),Ristrutturazione/recupero,800000.0,400000.0,4,4,1,1,3,0,1
H18I21001560005,Toscana,003,100,100003,In Corso,ESECUZIONE LAVORI,SCUOLE MATERNE,Esecuzione lavori,0,0,0,2021-04-30,,2026-08-31,2021.0,1,RISTRUTTURAZIONE CON EFFICIENTAMENTO ENERGETICO,Ristrutturazione/recupero,1020000.0,750000.0,12,12,1,1,12,1,1
H18I22000140006,Toscana,017,048,048017,In Corso,COLLAUDO,ASILI NIDO,Collaudo non concluso,0,1,0,2023-03-05,,2026-08-31,2023.0,0,RISTRUTTURAZIONE CON EFFICIENTAMENTO ENERGETICO,Ristrutturazione/recupero,1681613.0,937830.0,8,8,1,1,8,4,1
H18I22000440006,Trentino-Alto Adige,137,022,022137,In Corso,COLLAUDO,ASILI NIDO,Collaudo non concluso,0,1,0,2022-10-20,,2026-06-30,2022.0,0,RISTRUTTURAZIONE CON EFFICIENTAMENTO ENERGETICO,Ristrutturazione/recupero,658137.77,658137.77,9,9,1,1,4,0,1
H21B21000970001,Marche,044,043,043044,In Corso,ESECUZIONE LAVORI,SCUOLE MATERNE,Esecuzione lavori,0,0,0,2022-10-07,,2026-06-30,2022.0,1,NUOVA REALIZZAZIONE,Nuova realizzazione,2588073.66,2005518.34,24,26,1,1,23,0,1
H21B22001170006,Lazio,006,057,057006,In Corso,ESECUZIONE LAVORI,ASILI NIDO,Esecuzione lavori,0,0,0,2022-11-18,,2026-06-30,2022.0,0,NUOVA REALIZZAZIONE,Nuova realizzazione,528000.0,480000.0,6,6,1,1,5,0,1
H21B22001190006,Veneto,018,023,023018,In Corso,COLLAUDO,SCUOLE MATERNE,Collaudo non concluso,0,1,0,2022-11-22,,2026-06-30,2022.0,0,NUOVA REALIZZAZIONE,Nuova realizzazione,2401300.0,2183000.0,5,7,1,1,3,0,1
H22B24001630001,Campania,009,063,063009,In Corso,ESECUZIONE LAVORI,ASILI NIDO,Esecuzione lavori,0,0,0,2024-08-05,,2026-08-30,2024.0,0,MANUTENZIONE STRAORDINARIA,Altro,768000.0,768000.0,2,1,1,1,1,0,1
H23C21000070006,Sardegna,090,092,092090,In Corso,COLLAUDO,ASILI NIDO,Collaudo non concluso,0,1,0,2022-12-15,,2026-06-30,2022.0,0,RISTRUTTURAZIONE CON EFFICIENTAMENTO ENERGETICO,Ristrutturazione/recupero,701000.0,701000.0,2,2,1,1,1,0,1
H23C22000010006,Lazio,017,056,056017,In Corso,COLLAUDO,ASILI NIDO,Collaudo non concluso,0,1,0,2022-02-23,,2026-06-30,2022.0,0,RISTRUTTURAZIONE CON EFFICIENTAMENTO ENERGETICO,Ristrutturazione/recupero,385000.0,350000.0,3,3,1,1,2,0,1
H23D22000260006,Basilicata,053,076,076053,In Corso,ESECUZIONE LAVORI,SCUOLE MATERNE,Esecuzione lavori,0,0,0,2023-01-11,,2026-06-30,2023.0,0,RECUPERO,Ristrutturazione/recupero,1901370.0,1901370.0,2,2,1,1,1,0,1
H24E22000560006,Emilia-Romagna,030,038,038030,In Corso,COLLAUDO,ASILI NIDO,Collaudo non concluso,0,1,0,2022-02-22,,2026-12-31,2022.0,0,AMPLIAMENTO (COMPRESA SOPRAELEVAZIONE) O POTENZIAMENTO,Ampliamento,699800.0,604800.0,19,19,1,1,18,0,1
H25E22000010006,Sardegna,090,092,092090,In Corso,ESECUZIONE LAVORI,SCUOLE MATERNE,Esecuzione lavori,0,0,0,2022-09-08,,2026-10-30,2022.0,0,NUOVA REALIZZAZIONE,Nuova realizzazione,6489720.0,6009000.0,6,6,1,1,6,1,1
H25E22000030006,Lazio,018,060,060018,In Corso,ESECUZIONE LAVORI,ASILI NIDO,Esecuzione lavori,0,0,0,2023-01-26,,2026-06-30,2023.0,0,DEMOLIZIONE,Demolizione/ricostruzione,1440000.0,1440000.0,5,4,1,1,4,0,1
H25E22000050006,Lombardia,115,016,016115,Concluso,COLLAUDO,ASILI NIDO,Concluso,1,1,1,2023-07-13,2026-05-27,2026-06-30,2023.0,0,NUOVA REALIZZAZIONE,Nuova realizzazione,1611493.72,1559920.0,10,11,1,1,9,0,1
H25E22000120006,Abruzzo,095,066,066095,In Corso,ESECUZIONE LAVORI,ASILI NIDO,Esecuzione lavori,0,0,0,,,2025-12-31,,0,NUOVA REALIZZAZIONE,Nuova realizzazione,988000.0,988000.0,2,2,1,1,1,0,1
H25E22000190006,Sicilia,002,087,087002,In Corso,ESECUZIONE LAVORI,ASILI NIDO,Esecuzione lavori,0,0,0,2023-01-09,,2026-06-30,2023.0,0,NUOVA REALIZZAZIONE,Nuova realizzazione,910800.0,828000.0,3,3,1,1,2,0,1
H25E22000210006,Calabria,030,078,078030,In Corso,ESECUZIONE LAVORI,ASILI NIDO,Esecuzione lavori,0,0,0,2023-03-03,,2026-06-30,2023.0,0,NUOVA REALIZZAZIONE,Nuova realizzazione,1047000.0,810000.0,4,6,1,1,4,1,1
H25E22000270006,Sicilia,014,081,081014,In Corso,COLLAUDO,SCUOLE MATERNE,Collaudo non concluso,0,1,0,2023-02-22,,2026-06-30,2023.0,0,NUOVA REALIZZAZIONE,Nuova realizzazione,2100000.0,2100000.0,2,2,1,1,0,0,1
H25E22000280006,Sicilia,082,083,083082,In Corso,ESECUZIONE LAVORI,SCUOLE MATERNE,Esecuzione lavori,0,0,0,2022-09-08,,2026-04-22,2022.0,0,NUOVA REALIZZAZIONE,Nuova realizzazione,998000.0,998000.0,6,6,1,1,4,0,1
H25E22000300006,Calabria,129,078,078129,In Corso,COLLAUDO,SCUOLE MATERNE,Collaudo non concluso,0,1,0,2022-12-28,,2026-06-30,2022.0,0,NUOVA REALIZZAZIONE,Nuova realizzazione,476251.0,476251.0,1,0,1,1,0,0,1
H25E22000310006,Campania,004,061,061004,In Corso,ESECUZIONE LAVORI,SCUOLE MATERNE,Esecuzione lavori,0,0,0,2022-09-08,,2026-06-30,2022.0,0,NUOVA REALIZZAZIONE,Nuova realizzazione,3000000.0,3000000.0,9,6,1,1,6,0,1
H25E24000050001,Veneto,089,028,028089,In Corso,ESECUZIONE LAVORI,ASILI NIDO,Esecuzione lavori,0,0,0,2025-03-14,,2026-06-30,2025.0,0,NUOVA REALIZZAZIONE,Nuova realizzazione,2259650.0,1440000.0,6,6,1,1,5,1,1
H25E24000060006,Campania,122,065,065122,In Corso,ESECUZIONE LAVORI,ASILI NIDO,Esecuzione lavori,0,0,0,2024-04-15,,2026-06-30,2024.0,0,NUOVA REALIZZAZIONE,Nuova realizzazione,1043192.56,1008000.0,6,7,1,1,5,0,1
H25E24000070006,Campania,049,061,061049,In Corso,ESECUZIONE LAVORI,ASILI NIDO,Esecuzione lavori,0,0,0,2024-09-23,,2026-08-31,2024.0,0,NUOVA REALIZZAZIONE,Nuova realizzazione,2016000.0,2016000.0,10,10,1,1,9,0,1
H25E24000080006,Veneto,017,028,028017,In Corso,COLLAUDO,ASILI NIDO,Collaudo non concluso,0,1,0,2024-11-08,,2026-06-30,2024.0,0,NUOVA REALIZZAZIONE,Nuova realizzazione,1500000.0,720000.0,6,7,1,1,5,0,1
H25E24000090006,Campania,050,065,065050,In Corso,COLLAUDO,ASILI NIDO,Collaudo non concluso,0,1,0,2024-10-01,,2026-06-30,2024.0,0,NUOVA REALIZZAZIONE,Nuova realizzazione,1200000.0,1200000.0,4,4,1,1,3,0,1
H25E24000100006,Campania,050,065,065050,In Corso,ESECUZIONE LAVORI,ASILI NIDO,Esecuzione lavori,0,0,0,2024-08-28,,2026-07-31,2024.0,0,NUOVA REALIZZAZIONE,Nuova realizzazione,816000.0,816000.0,2,2,1,1,1,0,1
H25E24000110006,Campania,054,063,063054,In Corso,ESECUZIONE LAVORI,ASILI NIDO,Esecuzione lavori,0,0,0,2024-06-13,,2026-08-31,2024.0,0,NUOVA REALIZZAZIONE,Nuova realizzazione,671000.0,576000.0,8,8,1,1,7,0,1
H25E25000020006,Puglia,024,073,073024,In Corso,COLLAUDO,ASILI NIDO,Collaudo non concluso,0,1,0,2025-08-01,,2026-06-30,2025.0,0,NUOVA REALIZZAZIONE,Nuova realizzazione,720000.0,720000.0,4,4,1,1,3,0,1
H25E25000030006,Campania,122,065,065122,In Corso,ESECUZIONE LAVORI,ASILI NIDO,Esecuzione lavori,0,0,0,2026-01-01,,2026-06-30,2026.0,0,NUOVA REALIZZAZIONE,Nuova realizzazione,864000.0,864000.0,5,3,1,1,4,0,1
H25E25000040006,Piemonte,067,005,005067,In Corso,COLLAUDO,ASILI NIDO,Collaudo non concluso,0,1,0,2025-05-23,,2026-06-30,2025.0,0,NUOVA REALIZZAZIONE,Nuova realizzazione,280000.0,240000.0,2,2,1,1,1,0,1
H25E25000050006,Puglia,047,075,075047,In Corso,ESECUZIONE LAVORI,ASILI NIDO,Esecuzione lavori,0,0,0,2025-08-02,,2026-08-31,2025.0,0,NUOVA REALIZZAZIONE,Nuova realizzazione,480000.0,480000.0,6,5,1,1,5,0,1
H25E25000140006,Puglia,029,075,075029,In Corso,Fase non disponibile,ASILI NIDO,Fase non disponibile,0,0,0,,,,,0,NUOVA REALIZZAZIONE,Nuova realizzazione,1224000.0,1224000.0,0,0,0,0,0,0,1
H25E25000160006,Calabria,030,078,078030,In Corso,ESECUZIONE LAVORI,ASILI NIDO,Esecuzione lavori,0,0,0,2025-09-23,,2026-06-30,2025.0,0,NUOVA REALIZZAZIONE,Nuova realizzazione,360000.0,360000.0,2,2,1,1,1,0,1
H26F21000000006,Calabria,008,080,080008,In Corso,ESECUZIONE LAVORI,SCUOLE MATERNE,Esecuzione lavori,0,0,0,2022-02-28,,2026-06-30,2022.0,0,DEMOLIZIONE,Demolizione/ricostruzione,641083.14,630000.0,7,7,1,1,6,0,1
H26F22000050006,Campania,050,065,065050,In Corso,ESECUZIONE LAVORI,SCUOLE MATERNE,Esecuzione lavori,0,0,0,2022-02-24,,2026-08-31,2022.0,0,DEMOLIZIONE,Demolizione/ricostruzione,2769062.96,2769062.96,7,3,1,1,5,0,1
H26F22000190006,Calabria,008,080,080008,In Corso,ESECUZIONE LAVORI,ASILI NIDO,Esecuzione lavori,0,0,0,2022-02-28,,2026-06-30,2022.0,0,DEMOLIZIONE,Demolizione/ricostruzione,350000.0,350000.0,5,5,1,1,4,0,1
H26F24000060006,Puglia,024,073,073024,In Corso,ESECUZIONE LAVORI,ASILI NIDO,Esecuzione lavori,0,0,0,2024-09-05,,2026-06-30,2024.0,0,DEMOLIZIONE,Demolizione/ricostruzione,720000.0,720000.0,3,3,1,1,2,0,1
H26F24000070006,Campania,085,061,061085,In Corso,COLLAUDO/REGOLARE ESECUZIONE,SCUOLE MATERNE,Collaudo non concluso,0,1,0,2024-09-13,,2026-06-30,2024.0,0,DEMOLIZIONE,Demolizione/ricostruzione,768000.0,768000.0,3,3,1,1,2,0,1
H26F25000040006,Campania,050,065,065050,In Corso,STIPULA CONTRATTO,ASILI NIDO,Prima dell'esecuzione,0,0,0,2025-08-08,,2026-10-31,2025.0,0,DEMOLIZIONE,Demolizione/ricostruzione,3016000.0,2016000.0,2,3,1,1,1,0,1
H27G22000010006,Emilia-Romagna,034,036,036034,Concluso,COLLAUDO,ASILI NIDO,Concluso,1,1,1,2023-03-10,2024-07-17,2025-12-31,2023.0,0,RECUPERO,Ristrutturazione/recupero,480000.0,480000.0,4,4,1,1,3,0,1
H28H22000010006,Campania,034,064,064034,In Corso,ESECUZIONE LAVORI,ASILI NIDO,Esecuzione lavori,0,0,0,2022-10-21,,2026-06-30,2022.0,0,RISTRUTTURAZIONE (PER CAMBIO DI DESTINAZIONE D'USO),Ristrutturazione/recupero,541701.88,492456.25,4,4,1,1,2,0,1
H28H22000170006,Marche,044,043,043044,In Corso,COLLAUDO,ASILI NIDO,Collaudo non concluso,0,1,0,2023-01-18,,2026-06-30,2023.0,0,AMPLIAMENTO (COMPRESA SOPRAELEVAZIONE) O POTENZIAMENTO,Ampliamento,1525480.0,1386800.0,16,16,1,1,16,1,1
H28H22000200006,Lombardia,178,016,016178,Concluso,COLLAUDO,ALTRE STRUTTURE SOCIALI,Concluso,1,1,1,2022-12-06,2024-06-13,2024-06-13,2022.0,0,MANUTENZIONE STRAORDINARIA DI ADEGUAMENTO IMPIANTISTICA E O ANTINCENDIO,Altro,180000.0,180000.0,2,2,1,1,1,0,1
H28H24000310006,Calabria,036,102,102036,In Corso,ESECUZIONE LAVORI,ASILI NIDO,Esecuzione lavori,0,0,0,2024-06-13,,2026-07-15,2024.0,0,AMPLIAMENTO (COMPRESA SOPRAELEVAZIONE) O POTENZIAMENTO,Ampliamento,576000.0,576000.0,2,2,1,0,1,0,1
H28H24000320006,Marche,044,043,043044,In Corso,COLLAUDO,ASILI NIDO,Collaudo non concluso,0,1,0,2024-09-05,,2026-08-31,2024.0,0,AMPLIAMENTO (COMPRESA SOPRAELEVAZIONE) O POTENZIAMENTO,Ampliamento,720000.0,720000.0,10,10,1,1,10,1,1
H28H24000330006,Basilicata,053,076,076053,In Corso,COLLAUDO,ASILI NIDO,Collaudo non concluso,0,1,0,2024-09-18,,2026-06-30,2024.0,0,RISTRUTTURAZIONE (PER CAMBIO DI DESTINAZIONE D'USO),Ristrutturazione/recupero,560000.0,560000.0,3,3,1,1,2,1,1
H28H24000340006,Sicilia,091,083,083091,In Corso,ESECUZIONE LAVORI,ASILI NIDO,Esecuzione lavori,0,0,0,2024-07-31,,2026-09-30,2024.0,0,AMPLIAMENTO (COMPRESA SOPRAELEVAZIONE) O POTENZIAMENTO,Ampliamento,480000.0,480000.0,5,5,1,1,4,0,1
H28H24000370006,Lombardia,052,016,016052,In Corso,COLLAUDO,ASILI NIDO,Collaudo non concluso,0,1,0,2024-09-06,,2026-08-28,2024.0,0,AMPLIAMENTO (COMPRESA SOPRAELEVAZIONE) O POTENZIAMENTO,Ampliamento,576000.0,576000.0,1,1,1,0,0,0,1
H28H24000390006,Puglia,047,075,075047,In Corso,ESECUZIONE LAVORI,ASILI NIDO,Esecuzione lavori,0,0,0,2024-05-30,,2026-08-30,2024.0,0,AMPLIAMENTO (COMPRESA SOPRAELEVAZIONE) O POTENZIAMENTO,Ampliamento,480000.0,480000.0,4,6,1,1,3,0,1
H28H25000200006,Calabria,036,102,102036,In Corso,Fase non disponibile,ASILI NIDO,Fase non disponibile,0,0,0,,,,,0,RISTRUTTURAZIONE (PER CAMBIO DI DESTINAZIONE D'USO),Ristrutturazione/recupero,400000.0,400000.0,0,0,0,0,0,0,1
H28H25000210006,Calabria,008,080,080008,In Corso,ESECUZIONE LAVORI,ASILI NIDO,Esecuzione lavori,0,0,0,2025-07-25,,2026-06-30,2025.0,0,RISTRUTTURAZIONE (PER CAMBIO DI DESTINAZIONE D'USO),Ristrutturazione/recupero,400000.0,400000.0,3,3,1,1,2,0,1
H28H25000230006,Campania,054,063,063054,In Corso,ESECUZIONE LAVORI,ASILI NIDO,Esecuzione lavori,0,0,0,2025-03-17,,2026-08-31,2025.0,0,NUOVA REALIZZAZIONE,Nuova realizzazione,576000.0,576000.0,7,7,1,1,6,0,1
H28H25000240006,Lombardia,178,016,016178,In Corso,Fase non disponibile,ASILI NIDO,Fase non disponibile,0,0,0,,,,,0,RISTRUTTURAZIONE (PER CAMBIO DI DESTINAZIONE D'USO),Ristrutturazione/recupero,98400.0,98400.0,0,0,0,0,0,0,1
H28H25000300006,Lazio,029,059,059029,In Corso,Fase non disponibile,ASILI NIDO,Fase non disponibile,0,0,0,,,,,0,AMPLIAMENTO (COMPRESA SOPRAELEVAZIONE) O POTENZIAMENTO,Ampliamento,672000.0,672000.0,0,0,0,0,0,0,1
H28I22000390006,Veneto,039,026,026039,In Corso,ESECUZIONE LAVORI,ASILI NIDO,Esecuzione lavori,0,0,0,2023-02-15,,2026-08-30,2023.0,0,RISTRUTTURAZIONE CON EFFICIENTAMENTO ENERGETICO,Ristrutturazione/recupero,4914120.31,3964822.91,14,14,1,1,13,0,1
H28I22000430006,Campania,034,064,064034,Concluso,COLLAUDO,SCUOLE MATERNE,Concluso,1,1,1,2022-11-18,2025-09-12,2026-06-30,2022.0,0,RISTRUTTURAZIONE CON EFFICIENTAMENTO ENERGETICO,Ristrutturazione/recupero,992006.4,901824.0,5,6,1,1,4,0,1
H31B21002440005,Veneto,055,023,023055,In Corso,COLLAUDO,SCUOLE MATERNE,Collaudo non concluso,0,1,0,2022-02-14,,2026-07-31,2022.0,1,NUOVA REALIZZAZIONE,Nuova realizzazione,2200000.0,2050000.0,5,5,1,1,3,0,1
H31B22001810006,Campania,044,064,064044,In Corso,COLLAUDO,ASILI NIDO,Collaudo non concluso,0,1,0,2023-08-07,,2026-08-31,2023.0,0,NUOVA REALIZZAZIONE,Nuova realizzazione,3005412.84,3005412.84,4,5,1,1,3,0,1
H31B22002150006,Veneto,055,023,023055,In Corso,COLLAUDO,ASILI NIDO,Collaudo non concluso,0,1,0,2022-09-15,,2026-07-31,2022.0,0,NUOVA REALIZZAZIONE,Nuova realizzazione,2332994.63,1680000.0,5,6,1,1,3,0,1
H31G19000040004,Emilia-Romagna,017,099,099017,Concluso,COLLAUDO,ALTRE STRUTTURE SOCIALI,Concluso,1,1,1,2019-09-30,2024-04-10,2024-02-28,2019.0,1,RECUPERO,Ristrutturazione/recupero,307483.4,208000.0,4,2,1,1,2,0,1
H33C22000000006,Calabria,063,080,080063,In Corso,COLLAUDO,ASILI NIDO,Collaudo non concluso,0,1,0,2022-09-08,,2026-06-30,2022.0,0,RISTRUTTURAZIONE CON EFFICIENTAMENTO ENERGETICO,Ristrutturazione/recupero,204952.0,186320.0,2,2,1,1,1,0,1
H33D22000070006,Veneto,019,023,023019,In Corso,ESECUZIONE LAVORI,ASILI NIDO,Esecuzione lavori,0,0,0,2023-04-14,,2026-07-31,2023.0,0,RISTRUTTURAZIONE CON EFFICIENTAMENTO ENERGETICO,Ristrutturazione/recupero,535000.0,535000.0,5,5,1,1,4,0,1
H33D22000170006,Veneto,019,023,023019,In Corso,COLLAUDO,SCUOLE MATERNE,Collaudo non concluso,0,1,0,2022-02-20,,2026-03-30,2022.0,0,RISTRUTTURAZIONE CON EFFICIENTAMENTO ENERGETICO,Ristrutturazione/recupero,1585000.0,1585000.0,10,10,1,1,9,0,1
H33D22000180006,Veneto,019,023,023019,In Corso,ESECUZIONE LAVORI,SCUOLE MATERNE,Esecuzione lavori,0,0,0,2023-04-13,,2026-06-30,2023.0,0,RISTRUTTURAZIONE CON EFFICIENTAMENTO ENERGETICO,Ristrutturazione/recupero,940000.0,940000.0,6,6,1,1,5,0,1
H34E22002340006,Emilia-Romagna,051,037,037051,Concluso,COLLAUDO,ASILI NIDO,Concluso,1,1,1,2022-11-07,2025-05-30,2025-12-31,2022.0,0,RISTRUTTURAZIONE (PER CAMBIO DI DESTINAZIONE D'USO),Ristrutturazione/recupero,300000.0,300000.0,2,3,1,1,1,0,1
H35D25000010006,Liguria,065,008,008065,In Corso,COLLAUDO,ASILI NIDO,Collaudo non concluso,0,1,0,2025-05-23,,2026-06-30,2025.0,0,RISTRUTTURAZIONE (PER CAMBIO DI DESTINAZIONE D'USO),Ristrutturazione/recupero,720000.0,720000.0,2,3,1,1,1,0,1
H35E22000080006,Calabria,094,078,078094,In Corso,COLLAUDO,ASILI NIDO,Collaudo non concluso,0,1,0,2022-02-25,,2026-06-30,2022.0,0,NUOVA REALIZZAZIONE,Nuova realizzazione,1312839.0,1193490.0,7,4,1,1,6,1,1
H35E22000090006,Toscana,037,048,048037,In Corso,ESECUZIONE LAVORI,ASILI NIDO,Esecuzione lavori,0,0,0,2022-02-16,,2026-06-30,2022.0,0,NUOVA REALIZZAZIONE,Nuova realizzazione,300000.0,300000.0,6,6,1,1,5,0,1
H35E22000160006,Calabria,018,080,080018,In Corso,ESECUZIONE LAVORI,ASILI NIDO,Esecuzione lavori,0,0,0,2022-10-20,,2026-06-30,2022.0,0,NUOVA REALIZZAZIONE,Nuova realizzazione,956670.0,869700.0,4,4,1,1,3,0,1
H35E22000190006,Lazio,025,057,057025,In Corso,ESECUZIONE LAVORI,ASILI NIDO,Esecuzione lavori,0,0,0,2022-11-28,,2026-06-30,2022.0,0,NUOVA REALIZZAZIONE,Nuova realizzazione,1650000.0,1500000.0,4,3,1,1,3,0,1
H35E22000200006,Puglia,005,110,110005,In Corso,COLLAUDO,ASILI NIDO,Collaudo non concluso,0,1,0,2022-10-26,,2026-06-30,2022.0,0,NUOVA REALIZZAZIONE,Nuova realizzazione,829500.0,829500.0,2,2,1,0,2,0,1
H35E24000120006,Puglia,093,075,075093,In Corso,ESECUZIONE LAVORI,ASILI NIDO,Esecuzione lavori,0,0,0,2024-09-05,,2026-06-30,2024.0,0,NUOVA REALIZZAZIONE,Nuova realizzazione,480000.0,480000.0,6,6,1,1,5,0,1
H35E24000130006,Sicilia,003,087,087003,In Corso,ESECUZIONE LAVORI,ASILI NIDO,Esecuzione lavori,0,0,0,2024-08-27,,2026-06-30,2024.0,0,NUOVA REALIZZAZIONE,Nuova realizzazione,2016000.0,2016000.0,3,3,1,1,3,1,1
H35E24000150006,Calabria,063,080,080063,In Corso,ESECUZIONE LAVORI,ASILI NIDO,Esecuzione lavori,0,0,0,2024-06-13,,2026-08-31,2024.0,0,NUOVA REALIZZAZIONE,Nuova realizzazione,960000.0,960000.0,4,4,1,1,1,0,1
H35E24000160006,Calabria,063,080,080063,In Corso,ESECUZIONE LAVORI,ASILI NIDO,Esecuzione lavori,0,0,0,2024-06-13,,2026-08-31,2024.0,0,NUOVA REALIZZAZIONE,Nuova realizzazione,1440000.0,1440000.0,5,6,1,1,3,0,1
H35E24000170006,Calabria,063,080,080063,In Corso,ESECUZIONE LAVORI,ASILI NIDO,Esecuzione lavori,0,0,0,2024-06-13,,2026-06-30,2024.0,0,NUOVA REALIZZAZIONE,Nuova realizzazione,1440000.0,1440000.0,7,6,1,1,6,0,1
H35E25000060006,Lazio,016,057,057016,In Corso,ESECUZIONE LAVORI,ASILI NIDO,Esecuzione lavori,0,0,0,2025-08-04,,2026-06-30,2025.0,0,NUOVA REALIZZAZIONE,Nuova realizzazione,480000.0,480000.0,6,7,1,1,5,0,1
H35E25000080006,Campania,024,065,065024,In Corso,ESECUZIONE LAVORI,ASILI NIDO,Esecuzione lavori,0,0,0,2025-09-29,,2026-06-30,2025.0,0,NUOVA REALIZZAZIONE,Nuova realizzazione,288000.0,288000.0,1,0,1,1,0,0,1
H35E25000090006,Calabria,063,080,080063,In Corso,ESECUZIONE LAVORI,ASILI NIDO,Esecuzione lavori,0,0,0,2025-05-23,,2026-08-31,2025.0,0,NUOVA REALIZZAZIONE,Nuova realizzazione,1728000.0,1728000.0,4,4,1,1,3,0,1
H35E25000100006,Calabria,063,080,080063,In Corso,ESECUZIONE LAVORI,ASILI NIDO,Esecuzione lavori,0,0,0,2025-05-23,,2026-08-31,2025.0,0,NUOVA REALIZZAZIONE,Nuova realizzazione,1728000.0,1728000.0,4,4,1,1,3,0,1
H35F21000400001,Liguria,023,011,011023,In Corso,ESECUZIONE LAVORI,SERVIZI PER L'INFANZIA,Esecuzione lavori,0,0,0,2022-12-06,,2026-06-30,2022.0,1,RESTAURO,Ristrutturazione/recupero,450000.0,450000.0,9,9,1,1,8,0,1
H36F22000000006,Calabria,063,080,080063,In Corso,ESECUZIONE LAVORI,SCUOLE MATERNE,Esecuzione lavori,0,0,0,2022-09-08,,2026-06-30,2022.0,0,DEMOLIZIONE,Demolizione/ricostruzione,420000.0,420000.0,3,5,1,1,2,0,1
H37G24000090006,Sicilia,016,085,085016,In Corso,ESECUZIONE LAVORI,ASILI NIDO,Esecuzione lavori,0,0,0,2024-07-17,,2026-06-30,2024.0,0,RECUPERO,Ristrutturazione/recupero,1140000.0,1140000.0,2,2,1,0,2,1,1
H37H21001560001,Calabria,029,079,079029,In Corso,ESECUZIONE LAVORI,ASILI NIDO,Esecuzione lavori,0,0,0,2022-10-11,,2026-05-30,2022.0,1,MANUTENZIONE STRAORDINARIA,Altro,1076167.49,978334.08,3,4,1,1,2,0,1
H37H21001580001,Abruzzo,033,066,066033,In Corso,COLLAUDO,SCUOLE MATERNE,Collaudo non concluso,0,1,0,2022-04-26,,2026-06-30,2022.0,1,MANUTENZIONE STRAORDINARIA,Altro,780000.0,780000.0,3,3,1,1,2,0,1
H37H22000660006,Calabria,063,080,080063,In Corso,COLLAUDO,SCUOLE MATERNE,Collaudo non concluso,0,1,0,2022-09-08,,2026-06-30,2022.0,0,MANUTENZIONE STRAORDINARIA,Altro,328680.0,298800.0,2,2,1,1,1,0,1
H37H22000670006,Calabria,063,080,080063,In Corso,COLLAUDO,SCUOLE MATERNE,Collaudo non concluso,0,1,0,2022-09-08,,2026-06-30,2022.0,0,MANUTENZIONE STRAORDINARIA,Altro,328680.0,298800.0,2,2,1,1,1,0,1
H38H22000010006,Lazio,045,056,056045,Concluso,COLLAUDO,ASILI NIDO,Concluso,1,1,1,2023-05-20,2025-12-23,2026-06-30,2023.0,0,AMPLIAMENTO (COMPRESA SOPRAELEVAZIONE) O POTENZIAMENTO,Ampliamento,516000.0,516000.0,9,2,1,1,8,0,1
H38H22000030006,Sardegna,086,090,090086,Concluso,COLLAUDO,SCUOLE MATERNE,Concluso,1,1,1,2023-01-10,2023-10-13,2026-12-31,2023.0,0,AMPLIAMENTO (COMPRESA SOPRAELEVAZIONE) O POTENZIAMENTO,Ampliamento,99000.0,99000.0,2,3,1,1,2,0,1
H38H22000180006,Campania,028,063,063028,In Corso,ESECUZIONE LAVORI,ASILI NIDO,Esecuzione lavori,0,0,0,2022-03-24,,2026-08-30,2022.0,0,RISTRUTTURAZIONE (PER CAMBIO DI DESTINAZIONE D'USO),Ristrutturazione/recupero,1616000.0,1616000.0,8,9,1,1,7,0,1
H38H22000190006,Toscana,031,051,051031,In Corso,ESECUZIONE LAVORI,ASILI NIDO,Esecuzione lavori,0,0,0,2022-10-20,,2026-06-30,2022.0,0,AMPLIAMENTO (COMPRESA SOPRAELEVAZIONE) O POTENZIAMENTO,Ampliamento,420000.0,420000.0,2,1,1,1,1,0,1
H38H24000420006,Veneto,040,026,026040,Concluso,COLLAUDO,ASILI NIDO,Concluso,1,1,1,2024-09-03,2026-02-23,2026-06-30,2024.0,0,AMPLIAMENTO (COMPRESA SOPRAELEVAZIONE) O POTENZIAMENTO,Ampliamento,690000.0,576000.0,5,5,1,1,4,0,1
H38H24000450006,Calabria,063,080,080063,In Corso,ESECUZIONE LAVORI,ASILI NIDO,Esecuzione lavori,0,0,0,2024-06-13,,2026-06-30,2024.0,0,RISTRUTTURAZIONE (PER CAMBIO DI DESTINAZIONE D'USO),Ristrutturazione/recupero,400000.0,400000.0,3,3,1,1,1,0,1
H38H24000460001,Piemonte,108,003,003108,In Corso,ESECUZIONE LAVORI,ASILI NIDO,Esecuzione lavori,0,0,0,2024-06-24,,2026-08-31,2024.0,0,AMPLIAMENTO (COMPRESA SOPRAELEVAZIONE) O POTENZIAMENTO,Ampliamento,1600000.0,720000.0,5,5,1,1,4,0,1
H38H24000480006,Sicilia,022,082,082022,In Corso,ESECUZIONE LAVORI,ASILI NIDO,Esecuzione lavori,0,0,0,2024-07-25,,2026-06-30,2024.0,0,AMPLIAMENTO (COMPRESA SOPRAELEVAZIONE) O POTENZIAMENTO,Ampliamento,579091.86,480000.0,4,4,1,1,3,0,1
H38H25000180006,Calabria,092,079,079092,In Corso,ESECUZIONE LAVORI,ASILI NIDO,Esecuzione lavori,0,0,0,2025-09-25,,2026-03-31,2025.0,0,RISTRUTTURAZIONE (PER CAMBIO DI DESTINAZIONE D'USO),Ristrutturazione/recupero,620000.0,620000.0,2,2,1,1,1,0,1
H38I22000080006,Emilia-Romagna,014,033,033014,In Corso,ESECUZIONE LAVORI,SCUOLE MATERNE,Esecuzione lavori,0,0,0,2022-12-05,,2026-06-30,2022.0,0,AMPLIAMENTO (COMPRESA SOPRAELEVAZIONE) O POTENZIAMENTO,Ampliamento,1100000.0,1000000.0,5,6,1,1,4,0,1
H41B21001960001,Campania,079,065,065079,In Corso,COLLAUDO,"EDIFICI SOCIALI, CULTURALI E ASSISTENZIALI",Collaudo non concluso,0,1,0,2023-01-09,,2026-06-30,2023.0,1,NUOVA REALIZZAZIONE,Nuova realizzazione,2619265.0,2381150.0,7,7,1,1,6,0,1
H41B21002060001,Calabria,022,101,101022,In Corso,COLLAUDO,ALTRE STRUTTURE SOCIALI,Collaudo non concluso,0,1,0,2021-05-18,,2026-06-30,2021.0,1,MANUTENZIONE STRAORDINARIA DI ADEGUAMENTO SISMICO,Altro,1120197.15,970898.28,5,3,1,1,4,0,1
H41B21007590001,Trentino-Alto Adige,007,021,021007,In Corso,COLLAUDO,SCUOLE MATERNE,Collaudo non concluso,0,1,0,2018-03-26,,2026-06-19,2018.0,0,NUOVA REALIZZAZIONE,Nuova realizzazione,6487452.07,2883503.95,18,23,1,1,16,0,1
H41B22000820006,Campania,034,065,065034,In Corso,ESECUZIONE LAVORI,SCUOLE MATERNE,Esecuzione lavori,0,0,0,2023-01-18,,2026-06-30,2023.0,0,NUOVA REALIZZAZIONE,Nuova realizzazione,1768800.0,1608000.0,8,9,1,1,6,1,1
H41B22001840006,Marche,028,043,043028,In Corso,COLLAUDO,ASILI NIDO,Collaudo non concluso,0,1,0,2023-06-19,,2026-06-30,2023.0,0,NUOVA REALIZZAZIONE,Nuova realizzazione,772000.0,590000.0,6,6,1,1,5,0,1
H42B24003190001,Sicilia,068,082,082068,In Corso,COLLAUDO,ASILI NIDO,Collaudo non concluso,0,1,0,2024-10-10,,2026-06-30,2024.0,0,MANUTENZIONE STRAORDINARIA,Altro,480000.0,480000.0,4,4,1,1,3,0,1
H42C22000000006,Campania,106,065,065106,In Corso,COLLAUDO,SCUOLE MATERNE,Collaudo non concluso,0,1,0,2022-09-08,,2026-03-31,2022.0,0,DEMOLIZIONE,Demolizione/ricostruzione,2203498.44,2003180.4,4,5,1,1,3,0,1
H43C21000070003,Toscana,001,053,053001,In Corso,ESECUZIONE LAVORI,ASILI NIDO,Esecuzione lavori,0,0,0,2022-10-26,,2026-06-30,2022.0,0,RISTRUTTURAZIONE CON EFFICIENTAMENTO ENERGETICO,Ristrutturazione/recupero,978108.3,625553.0,8,9,1,1,7,0,1
H43C22000000006,Lombardia,021,019,019021,In Corso,COLLAUDO,ASILI NIDO,Collaudo non concluso,0,1,0,2022-02-01,,2026-06-30,2022.0,0,RISTRUTTURAZIONE CON EFFICIENTAMENTO ENERGETICO,Ristrutturazione/recupero,1028000.0,950000.0,3,1,1,1,2,0,1
H43C22000070007,Calabria,059,078,078059,In Corso,ESECUZIONE LAVORI,ASILI NIDO,Esecuzione lavori,0,0,0,2023-03-20,,2026-06-30,2023.0,0,RISTRUTTURAZIONE CON EFFICIENTAMENTO ENERGETICO,Ristrutturazione/recupero,1429371.9,1299429.0,2,0,1,1,1,0,1
H43C22000090007,Calabria,059,078,078059,In Corso,ESECUZIONE LAVORI,SCUOLE MATERNE,Esecuzione lavori,0,0,0,2022-11-22,,2026-06-30,2022.0,0,RISTRUTTURAZIONE CON EFFICIENTAMENTO ENERGETICO,Ristrutturazione/recupero,1180080.0,1072800.0,2,0,1,1,1,0,1
H43C22000480006,Campania,079,065,065079,In Corso,COLLAUDO,SCUOLE MATERNE,Collaudo non concluso,0,1,0,2023-02-06,,2026-06-20,2023.0,0,RISTRUTTURAZIONE CON EFFICIENTAMENTO ENERGETICO,Ristrutturazione/recupero,906620.0,824200.0,4,4,1,1,4,1,1
H43C25000360006,Campania,058,062,062058,In Corso,ESECUZIONE LAVORI,ASILI NIDO,Esecuzione lavori,0,0,0,2025-09-11,,2026-09-08,2025.0,0,RISTRUTTURAZIONE CON EFFICIENTAMENTO ENERGETICO,Ristrutturazione/recupero,360000.0,360000.0,4,4,1,1,3,0,1
H44E21000990005,Puglia,019,072,072019,In Corso,ESECUZIONE LAVORI,ASILI NIDO,Esecuzione lavori,0,0,0,2022-09-22,,2026-06-30,2022.0,1,AMPLIAMENTO (COMPRESA SOPRAELEVAZIONE) O POTENZIAMENTO,Ampliamento,880000.0,630000.0,5,3,1,1,4,0,1
H44E21003250006,Toscana,038,048,048038,In Corso,ESECUZIONE LAVORI,ASILI NIDO,Esecuzione lavori,0,0,0,2021-12-30,,2026-06-30,2021.0,0,NUOVA REALIZZAZIONE,Nuova realizzazione,2571000.0,1330000.0,13,12,1,1,12,1,1
H45E22000010006,Puglia,037,072,072037,Concluso,COLLAUDO,ASILI NIDO,Concluso,1,1,1,2022-09-08,2025-12-31,2025-12-31,2022.0,0,NUOVA REALIZZAZIONE,Nuova realizzazione,1320000.0,1200000.0,5,5,1,1,4,0,1
H45E22000040006,Veneto,039,027,027039,In Corso,COLLAUDO,ASILI NIDO,Collaudo non concluso,0,1,0,2023-05-30,,2026-06-30,2023.0,0,NUOVA REALIZZAZIONE,Nuova realizzazione,1038000.0,789000.0,4,4,1,1,3,0,1
H45E22000070006,Campania,025,065,065025,In Corso,COLLAUDO,SCUOLE MATERNE,Collaudo non concluso,0,1,0,2022-02-24,,2026-06-30,2022.0,0,NUOVA REALIZZAZIONE,Nuova realizzazione,2601717.17,2428632.0,6,7,1,1,5,0,1
H45E22000090006,Liguria,062,010,010062,In Corso,COLLAUDO,SCUOLE MATERNE,Collaudo non concluso,0,1,0,2023-11-27,,2026-06-30,2023.0,0,NUOVA REALIZZAZIONE,Nuova realizzazione,2586128.0,2196000.0,10,10,1,1,10,1,1
H45E22000110006,Lazio,060,058,058060,In Corso,ESECUZIONE LAVORI,ASILI NIDO,Esecuzione lavori,0,0,0,2022-10-20,,2026-08-30,2022.0,0,NUOVA REALIZZAZIONE,Nuova realizzazione,1200000.0,789600.0,7,8,1,1,6,0,1
H45E22000130006,Lazio,060,058,058060,In Corso,ESECUZIONE LAVORI,SCUOLE MATERNE,Esecuzione lavori,0,0,0,2023-01-18,,2026-08-30,2023.0,0,NUOVA REALIZZAZIONE,Nuova realizzazione,4622310.0,4202100.0,10,11,1,1,9,0,1
H45E22000140006,Puglia,031,075,075031,In Corso,COLLAUDO,ASILI NIDO,Collaudo non concluso,0,1,0,2022-01-01,,2026-07-30,2022.0,0,NUOVA REALIZZAZIONE,Nuova realizzazione,2079000.0,1890000.0,12,6,1,1,10,0,1
H45E22000150006,Campania,040,062,062040,In Corso,ESECUZIONE LAVORI,SCUOLE MATERNE,Esecuzione lavori,0,0,0,2023-05-26,,2026-03-31,2023.0,0,NUOVA REALIZZAZIONE,Nuova realizzazione,3053694.03,2806168.11,11,3,1,1,10,0,1
H45E22000210006,Basilicata,100,076,076100,In Corso,COLLAUDO,ASILI NIDO,Collaudo non concluso,0,1,0,2023-09-20,,2025-06-21,2023.0,0,NUOVA REALIZZAZIONE,Nuova realizzazione,522500.0,522500.0,4,4,1,1,3,0,1
H45E22000220006,Veneto,092,023,023092,In Corso,COLLAUDO,SCUOLE MATERNE,Collaudo non concluso,0,1,0,2023-01-16,,2026-06-30,2023.0,0,NUOVA REALIZZAZIONE,Nuova realizzazione,1804660.0,1640600.0,7,2,1,1,6,0,1
H45E22000370006,Campania,025,065,065025,In Corso,COLLAUDO,ASILI NIDO,Collaudo non concluso,0,1,0,2022-09-12,,2026-06-30,2022.0,0,NUOVA REALIZZAZIONE,Nuova realizzazione,1760000.0,1600000.0,8,8,1,1,7,0,1
H45E22000430006,Lombardia,176,018,018176,In Corso,COLLAUDO,ASILI NIDO,Collaudo non concluso,0,1,0,2023-06-19,,2026-06-30,2023.0,0,NUOVA REALIZZAZIONE,Nuova realizzazione,1870742.08,1500000.0,3,6,1,1,2,0,1
H45E22000460006,Piemonte,076,096,096076,In Corso,COLLAUDO,ASILI NIDO,Collaudo non concluso,0,1,0,2022-10-26,,2026-07-31,2022.0,0,NUOVA REALIZZAZIONE,Nuova realizzazione,1188410.09,963000.0,9,10,1,1,8,0,1
H45E22000470006,Sicilia,049,087,087049,In Corso,ESECUZIONE LAVORI,ASILI NIDO,Esecuzione lavori,0,0,0,2022-09-08,,2026-12-31,2022.0,0,NUOVA REALIZZAZIONE,Nuova realizzazione,1260000.0,1260000.0,4,3,1,1,3,0,1
H45E24000240006,Campania,034,065,065034,In Corso,ESECUZIONE LAVORI,ASILI NIDO,Esecuzione lavori,0,0,0,2024-06-13,,2026-08-31,2024.0,0,NUOVA REALIZZAZIONE,Nuova realizzazione,1472000.0,1008000.0,6,6,1,1,6,1,1
H45E24000250006,Campania,025,065,065025,In Corso,Fase non disponibile,ASILI NIDO,Fase non disponibile,0,0,0,,,,,0,NUOVA REALIZZAZIONE,Nuova realizzazione,1008000.0,1008000.0,0,0,0,0,0,0,1
H45E24000260006,Campania,020,063,063020,In Corso,COLLAUDO,ASILI NIDO,Collaudo non concluso,0,1,0,2024-06-23,,2026-08-31,2024.0,0,NUOVA REALIZZAZIONE,Nuova realizzazione,1008000.0,1008000.0,3,3,1,1,2,0,1
H45E24000270006,Lazio,055,056,056055,In Corso,COLLAUDO,ASILI NIDO,Collaudo non concluso,0,1,0,2024-08-21,,2026-06-30,2024.0,0,NUOVA REALIZZAZIONE,Nuova realizzazione,480000.0,480000.0,4,4,1,1,3,0,1
H45E24000280006,Lombardia,088,017,017088,In Corso,ESECUZIONE LAVORI,ASILI NIDO,Esecuzione lavori,0,0,0,2024-09-16,,2026-08-31,2024.0,0,NUOVA REALIZZAZIONE,Nuova realizzazione,1175000.0,864000.0,9,9,1,1,8,0,1
H45E24000300006,Campania,106,065,065106,In Corso,ESECUZIONE LAVORI,ASILI NIDO,Esecuzione lavori,0,0,0,2024-02-28,,2026-06-30,2024.0,0,NUOVA REALIZZAZIONE,Nuova realizzazione,480000.0,480000.0,2,2,1,1,1,0,1
H45E24000310006,Veneto,011,023,023011,In Corso,COLLAUDO,ASILI NIDO,Collaudo non concluso,0,1,0,2024-07-15,,2026-06-30,2024.0,0,NUOVA REALIZZAZIONE,Nuova realizzazione,700400.0,480000.0,6,6,1,1,3,0,1
H45E24000340006,Puglia,019,072,072019,In Corso,ESECUZIONE LAVORI,ASILI NIDO,Esecuzione lavori,0,0,0,2024-09-05,,2027-07-17,2024.0,0,NUOVA REALIZZAZIONE,Nuova realizzazione,1440000.0,1440000.0,3,5,1,1,1,0,1
H45E25000190006,Abruzzo,021,068,068021,In Corso,ESECUZIONE LAVORI,ASILI NIDO,Esecuzione lavori,0,0,0,2025-07-07,,2026-06-30,2025.0,0,NUOVA REALIZZAZIONE,Nuova realizzazione,480000.0,480000.0,7,6,1,1,6,0,1
H45E25000200006,Campania,058,062,062058,In Corso,ESECUZIONE LAVORI,ASILI NIDO,Esecuzione lavori,0,0,0,2025-09-11,,2026-09-08,2025.0,0,NUOVA REALIZZAZIONE,Nuova realizzazione,480000.0,480000.0,4,4,1,1,3,0,1
H45E25000210006,Calabria,059,078,078059,In Corso,ESECUZIONE LAVORI,ASILI NIDO,Esecuzione lavori,0,0,0,2025-07-03,,2026-06-30,2025.0,0,NUOVA REALIZZAZIONE,Nuova realizzazione,480000.0,480000.0,3,4,1,1,2,0,1
H45E25000220006,Molise,061,070,070061,In Corso,COLLAUDO,ASILI NIDO,Collaudo non concluso,0,1,0,2025-09-30,,2026-06-30,2025.0,0,NUOVA REALIZZAZIONE,Nuova realizzazione,312000.0,312000.0,4,3,1,1,3,0,1
H45E25000230006,Marche,071,044,044071,In Corso,COLLAUDO,ASILI NIDO,Collaudo non concluso,0,1,0,2025-06-12,,2026-06-30,2025.0,0,NUOVA REALIZZAZIONE,Nuova realizzazione,480000.0,480000.0,5,5,1,1,4,0,1
H45E25000240006,Calabria,055,080,080055,In Corso,STIPULA CONTRATTO,ASILI NIDO,Prima dell'esecuzione,0,0,0,2025-12-05,,2026-06-30,2025.0,0,NUOVA REALIZZAZIONE,Nuova realizzazione,960000.0,960000.0,2,2,1,1,1,0,1
H45E25000250006,Puglia,037,072,072037,In Corso,ESECUZIONE LAVORI,ASILI NIDO,Esecuzione lavori,0,0,0,,,,,0,NUOVA REALIZZAZIONE,Nuova realizzazione,1008000.0,1008000.0,4,3,1,1,3,0,1
H46F22000010006,Campania,058,062,062058,In Corso,ESECUZIONE LAVORI,SCUOLE MATERNE,Esecuzione lavori,0,0,0,2018-07-04,,2026-09-01,2018.0,0,DEMOLIZIONE,Demolizione/ricostruzione,1888017.99,1387950.23,5,5,1,1,4,0,1
H46F22000020006,Campania,058,062,062058,In Corso,ESECUZIONE LAVORI,SCUOLE MATERNE,Esecuzione lavori,0,0,0,2023-04-19,,2026-07-31,2023.0,0,DEMOLIZIONE,Demolizione/ricostruzione,782470.64,648750.0,3,3,1,1,2,0,1
H46F22000160006,Campania,058,062,062058,In Corso,ESECUZIONE LAVORI,ASILI NIDO,Esecuzione lavori,0,0,0,2022-03-24,,2026-07-31,2022.0,0,DEMOLIZIONE,Demolizione/ricostruzione,1804842.37,1679950.8,2,2,1,1,1,0,1
H46F25000100006,Campania,058,062,062058,In Corso,ESECUZIONE LAVORI,ASILI NIDO,Esecuzione lavori,0,0,0,2025-09-19,,2026-09-08,2025.0,0,DEMOLIZIONE,Demolizione/ricostruzione,240000.0,240000.0,3,3,1,1,2,0,1
H47G24000260006,Veneto,092,023,023092,In Corso,COLLAUDO,ASILI NIDO,Collaudo non concluso,0,1,0,2025-08-01,,2026-09-30,2025.0,0,NUOVA REALIZZAZIONE,Nuova realizzazione,576000.0,576000.0,2,2,1,1,1,0,1
H48H21000040006,Emilia-Romagna,042,033,033042,In Corso,ESECUZIONE LAVORI,SCUOLE MATERNE,Esecuzione lavori,0,0,0,2022-09-08,,2026-06-30,2022.0,0,AMPLIAMENTO (COMPRESA SOPRAELEVAZIONE) O POTENZIAMENTO,Ampliamento,2800000.0,2000000.0,3,3,1,1,2,0,1
H48H22000000006,Trentino-Alto Adige,070,021,021070,In Corso,COLLAUDO,ASILI NIDO,Collaudo non concluso,0,1,0,2022-11-16,,2026-06-30,2022.0,0,AMPLIAMENTO (COMPRESA SOPRAELEVAZIONE) O POTENZIAMENTO,Ampliamento,884396.03,676749.24,6,12,1,1,5,0,1
H48H22000010006,Trentino-Alto Adige,070,021,021070,In Corso,COLLAUDO,SCUOLE MATERNE,Collaudo non concluso,0,1,0,2023-01-19,,2026-06-30,2023.0,0,AMPLIAMENTO (COMPRESA SOPRAELEVAZIONE) O POTENZIAMENTO,Ampliamento,1566363.36,1201987.75,6,12,1,1,5,0,1
H48H22000020006,Veneto,021,027,027021,In Corso,COLLAUDO,ASILI NIDO,Collaudo non concluso,0,1,0,2022-09-08,,2026-03-31,2022.0,0,AMPLIAMENTO (COMPRESA SOPRAELEVAZIONE) O POTENZIAMENTO,Ampliamento,670000.0,396000.0,13,9,1,1,12,0,1
H48H22000040006,Friuli-Venezia Giulia,041,093,093041,Concluso,COLLAUDO,ASILI NIDO,Concluso,1,1,1,2022-02-01,2024-11-13,2024-11-13,2022.0,0,AMPLIAMENTO (COMPRESA SOPRAELEVAZIONE) O POTENZIAMENTO,Ampliamento,680000.0,335000.0,10,10,1,1,9,0,1
H48H22000070006,Lazio,062,057,057062,Concluso,COLLAUDO,ASILI NIDO,Concluso,1,1,1,2022-11-14,2026-01-31,2026-01-31,2022.0,0,RISTRUTTURAZIONE (PER CAMBIO DI DESTINAZIONE D'USO),Ristrutturazione/recupero,585000.0,585000.0,2,1,1,1,1,0,1
H48H22000190005,Campania,074,063,063074,In Corso,COLLAUDO,ASILI NIDO,Collaudo non concluso,0,1,0,2022-01-01,,2026-06-30,2022.0,0,RISTRUTTURAZIONE (PER CAMBIO DI DESTINAZIONE D'USO),Ristrutturazione/recupero,307900.0,272507.12,1,0,1,1,0,0,1
H48H22000220006,Sicilia,049,087,087049,In Corso,COLLAUDO,ASILI NIDO,Collaudo non concluso,0,1,0,2023-01-18,,2026-06-30,2023.0,0,AMPLIAMENTO (COMPRESA SOPRAELEVAZIONE) O POTENZIAMENTO,Ampliamento,448500.0,448500.0,3,3,1,1,2,0,1
H48H24000360001,Marche,071,044,044071,In Corso,COLLAUDO,ASILI NIDO,Collaudo non concluso,0,1,0,2024-06-24,,2026-06-30,2024.0,0,RISTRUTTURAZIONE (PER CAMBIO DI DESTINAZIONE D'USO),Ristrutturazione/recupero,580000.0,480000.0,3,3,1,1,2,0,1
H48H24000380006,Campania,079,065,065079,In Corso,COLLAUDO,ASILI NIDO,Collaudo non concluso,0,1,0,2024-09-27,,2026-06-20,2024.0,0,RISTRUTTURAZIONE (PER CAMBIO DI DESTINAZIONE D'USO),Ristrutturazione/recupero,700000.0,700000.0,2,2,1,1,1,0,1
H48H25000310006,Lombardia,236,015,015236,In Corso,COLLAUDO,ASILI NIDO,Collaudo non concluso,0,1,0,2025-06-11,,2026-06-30,2025.0,0,RISTRUTTURAZIONE (PER CAMBIO DI DESTINAZIONE D'USO),Ristrutturazione/recupero,750000.0,400000.0,2,0,1,1,1,0,1
H48I22000150006,Campania,034,065,065034,Concluso,COLLAUDO,ASILI NIDO,Concluso,1,1,1,2022-11-17,2024-06-19,2026-06-30,2022.0,0,RISTRUTTURAZIONE CON EFFICIENTAMENTO ENERGETICO,Ristrutturazione/recupero,274560.0,249600.0,3,3,1,1,1,1,1
H51B21001180005,Veneto,087,026,026087,In Corso,COLLAUDO,ALTRE STRUTTURE SOCIALI,Collaudo non concluso,0,1,0,2023-01-16,,2026-08-31,2023.0,1,NUOVA REALIZZAZIONE,Nuova realizzazione,1252222.96,1170000.0,4,5,1,1,3,0,1
H51B21001630001,Puglia,004,071,071004,Concluso,COLLAUDO,ASILI NIDO,Concluso,1,1,1,2023-02-09,2024-08-05,2024-08-30,2023.0,1,NUOVA REALIZZAZIONE,Nuova realizzazione,436462.04,436462.04,2,2,1,1,1,0,1
H51B21001720001,Calabria,132,078,078132,In Corso,ESECUZIONE LAVORI,"EDIFICI SOCIALI, CULTURALI E ASSISTENZIALI",Esecuzione lavori,0,0,0,2021-03-18,,2026-06-30,2021.0,1,NUOVA REALIZZAZIONE,Nuova realizzazione,1166000.0,1060000.0,4,3,1,1,3,0,1
H53C22000000006,Abruzzo,022,068,068022,In Corso,ESECUZIONE LAVORI,SCUOLE MATERNE,Esecuzione lavori,0,0,0,2022-02-17,,2026-06-30,2022.0,0,RISTRUTTURAZIONE CON EFFICIENTAMENTO ENERGETICO,Ristrutturazione/recupero,4070000.0,3700000.0,1,1,1,1,0,0,1
H53C22000010006,Emilia-Romagna,028,036,036028,In Corso,COLLAUDO,ASILI NIDO,Collaudo non concluso,0,1,0,2023-02-21,,2026-03-31,2023.0,0,RISTRUTTURAZIONE CON EFFICIENTAMENTO ENERGETICO,Ristrutturazione/recupero,648024.0,648024.0,3,3,1,1,2,1,1
H53C22000370006,Toscana,020,053,053020,Concluso,COLLAUDO,ASILI NIDO,Concluso,1,1,1,2022-11-15,2024-09-25,2025-12-31,2022.0,0,RISTRUTTURAZIONE CON EFFICIENTAMENTO ENERGETICO,Ristrutturazione/recupero,200585.92,200585.92,4,4,1,1,3,0,1
H53C22000380006,Sicilia,014,087,087014,In Corso,COLLAUDO,ASILI NIDO,Collaudo non concluso,0,1,0,2022-11-28,,2026-12-31,2022.0,0,RISTRUTTURAZIONE CON EFFICIENTAMENTO ENERGETICO,Ristrutturazione/recupero,1014928.57,922662.34,3,2,1,1,3,1,1
H53C25000220006,Lombardia,114,018,018114,In Corso,COLLAUDO,ASILI NIDO,Collaudo non concluso,0,1,0,2025-11-11,,2026-06-30,2025.0,0,RISTRUTTURAZIONE CON EFFICIENTAMENTO ENERGETICO,Ristrutturazione/recupero,600000.0,480000.0,3,3,1,1,2,0,1
H53C25000480006,Lazio,039,060,060039,In Corso,ESECUZIONE LAVORI,ASILI NIDO,Esecuzione lavori,0,0,0,2025-09-29,,2026-06-30,2025.0,0,RISTRUTTURAZIONE CON EFFICIENTAMENTO ENERGETICO,Ristrutturazione/recupero,400000.0,400000.0,3,3,1,1,2,0,1
H54E22000960006,Trentino-Alto Adige,089,021,021089,Concluso,COLLAUDO,ASILI NIDO,Concluso,1,1,1,2023-04-22,2024-01-29,2024-01-29,2023.0,0,RISTRUTTURAZIONE (PER CAMBIO DI DESTINAZIONE D'USO),Ristrutturazione/recupero,183528.82,123893.09,3,3,1,1,2,0,1
H54E22000980006,Emilia-Romagna,004,039,039004,In Corso,COLLAUDO,ASILI NIDO,Collaudo non concluso,0,1,0,2022-09-08,,2026-12-31,2022.0,0,RISTRUTTURAZIONE (PER CAMBIO DI DESTINAZIONE D'USO),Ristrutturazione/recupero,350000.0,350000.0,2,1,1,1,1,0,1
H54E22001010006,Puglia,049,071,071049,In Corso,COLLAUDO,ASILI NIDO,Collaudo non concluso,0,1,0,2022-10-19,,2026-06-30,2022.0,0,AMPLIAMENTO (COMPRESA SOPRAELEVAZIONE) O POTENZIAMENTO,Ampliamento,687500.0,625000.0,5,2,1,1,4,0,1
H55E22000010006,Molise,005,094,094005,Concluso,COLLAUDO,ASILI NIDO,Concluso,1,1,1,2022-11-15,2025-04-16,2025-12-31,2022.0,0,NUOVA REALIZZAZIONE,Nuova realizzazione,612955.9,532800.0,5,1,1,1,4,0,1
H55E22000020006,Calabria,132,078,078132,In Corso,ESECUZIONE LAVORI,ASILI NIDO,Esecuzione lavori,0,0,0,2022-02-24,,2026-06-30,2022.0,0,NUOVA REALIZZAZIONE,Nuova realizzazione,1814373.0,1649430.0,8,3,1,1,7,0,1
H55E22000030006,Calabria,132,078,078132,In Corso,ESECUZIONE LAVORI,SCUOLE MATERNE,Esecuzione lavori,0,0,0,2022-08-20,,2026-06-30,2022.0,0,NUOVA REALIZZAZIONE,Nuova realizzazione,1475100.0,1341000.0,4,1,1,1,3,0,1
H55E22000040006,Calabria,132,078,078132,In Corso,ESECUZIONE LAVORI,SCUOLE MATERNE,Esecuzione lavori,0,0,0,2022-01-24,,2026-06-30,2022.0,0,NUOVA REALIZZAZIONE,Nuova realizzazione,1548855.0,1408050.0,10,7,1,1,9,0,1
H55E22000310006,Sicilia,011,084,084011,Concluso,COLLAUDO,ASILI NIDO,Concluso,1,1,1,2023-03-30,2025-10-30,2025-10-30,2023.0,0,NUOVA REALIZZAZIONE,Nuova realizzazione,1160940.0,1055400.0,3,4,1,1,1,0,1
H55E22000350006,Campania,016,061,061016,In Corso,ESECUZIONE LAVORI,ASILI NIDO,Esecuzione lavori,0,0,0,2023-01-17,,2026-06-30,2023.0,0,NUOVA REALIZZAZIONE,Nuova realizzazione,1906719.7,1906719.7,6,7,1,1,5,0,1
H55E22000360007,Abruzzo,020,069,069020,In Corso,ESECUZIONE LAVORI,ASILI NIDO,Esecuzione lavori,0,0,0,2023-11-30,,2026-06-28,2023.0,0,NUOVA REALIZZAZIONE,Nuova realizzazione,1170000.0,1170000.0,5,5,1,1,4,0,1
H55E22000370006,Abruzzo,022,068,068022,In Corso,ESECUZIONE LAVORI,ASILI NIDO,Esecuzione lavori,0,0,0,2022-03-28,,2026-06-30,2022.0,0,NUOVA REALIZZAZIONE,Nuova realizzazione,880000.0,800000.0,1,1,1,1,0,0,1
H55E22000380006,Puglia,016,074,074016,In Corso,ESECUZIONE LAVORI,ASILI NIDO,Esecuzione lavori,0,0,0,2022-09-08,,2026-06-30,2022.0,0,NUOVA REALIZZAZIONE,Nuova realizzazione,2358900.0,2358900.0,4,3,1,1,3,0,1
H55E24000060006,Sicilia,020,084,084020,In Corso,Fase non disponibile,ASILI NIDO,Fase non disponibile,0,0,0,,,,,0,NUOVA REALIZZAZIONE,Nuova realizzazione,672000.0,672000.0,0,0,0,0,0,0,1
H55E25000020006,Puglia,004,071,071004,In Corso,ESECUZIONE LAVORI,ASILI NIDO,Esecuzione lavori,0,0,0,2025-03-01,,2026-06-30,2025.0,0,NUOVA REALIZZAZIONE,Nuova realizzazione,1008000.0,1008000.0,2,1,1,1,1,0,1
H55E25000030006,Calabria,132,078,078132,In Corso,ESECUZIONE LAVORI,ASILI NIDO,Esecuzione lavori,0,0,0,2025-09-18,,2026-08-31,2025.0,0,NUOVA REALIZZAZIONE,Nuova realizzazione,576000.0,576000.0,1,0,1,1,0,0,1
H56G21001290005,Emilia-Romagna,044,037,037044,Concluso,COLLAUDO,SCUOLE MATERNE,Concluso,1,1,1,2021-03-31,2022-10-03,2022-12-06,2021.0,1,AMMODERNAMENTO TECNOLOGICO E LABORATORIALE,Altro,118340.0,118340.0,2,2,1,0,2,0,1
H57G22000030006,Molise,032,094,094032,In Corso,COLLAUDO,SCUOLE MATERNE,Collaudo non concluso,0,1,0,2023-01-21,,2026-06-30,2023.0,0,RECUPERO,Ristrutturazione/recupero,604303.08,549366.44,5,1,1,1,4,0,1
H57G24000040006,Sicilia,049,083,083049,In Corso,COLLAUDO,ASILI NIDO,Collaudo non concluso,0,1,0,2024-06-13,,2026-06-30,2024.0,0,RECUPERO,Ristrutturazione/recupero,620000.0,620000.0,6,6,1,1,5,0,1
H57G24000050006,Sicilia,049,083,083049,In Corso,ESECUZIONE LAVORI,ASILI NIDO,Esecuzione lavori,0,0,0,2024-06-13,,2026-08-31,2024.0,0,RECUPERO,Ristrutturazione/recupero,1200000.0,816000.0,6,6,1,1,5,0,1
H57G24000070006,Toscana,005,047,047005,In Corso,COLLAUDO,ASILI NIDO,Collaudo non concluso,0,1,0,2024-06-13,,2026-06-30,2024.0,0,RECUPERO,Ristrutturazione/recupero,560000.0,560000.0,7,7,1,1,6,0,1
H58H22000130006,Campania,008,065,065008,Concluso,COLLAUDO,ASILI NIDO,Concluso,1,1,1,2023-04-30,2025-07-29,2025-07-29,2023.0,0,AMPLIAMENTO (COMPRESA SOPRAELEVAZIONE) O POTENZIAMENTO,Ampliamento,591367.0,591367.0,4,2,1,1,3,0,1
H58H22000170006,Sardegna,010,111,111010,In Corso,ESECUZIONE LAVORI,ASILI NIDO,Esecuzione lavori,0,0,0,2022-11-23,,2026-06-30,2022.0,0,RISTRUTTURAZIONE (PER CAMBIO DI DESTINAZIONE D'USO),Ristrutturazione/recupero,1220000.0,1220000.0,3,3,1,1,2,0,1
H58H24000360006,Sicilia,003,088,088003,In Corso,COLLAUDO,ASILI NIDO,Collaudo non concluso,0,1,0,2024-06-13,,2026-06-30,2024.0,0,RISTRUTTURAZIONE (PER CAMBIO DI DESTINAZIONE D'USO),Ristrutturazione/recupero,400000.0,400000.0,1,1,1,1,0,0,1
H58H24000370006,Sicilia,003,088,088003,In Corso,COLLAUDO,ASILI NIDO,Collaudo non concluso,0,1,0,2024-06-13,,2026-06-30,2024.0,0,AMPLIAMENTO (COMPRESA SOPRAELEVAZIONE) O POTENZIAMENTO,Ampliamento,1280000.0,1280000.0,3,3,1,1,3,1,1
H58H24000380007,Puglia,049,071,071049,In Corso,ESECUZIONE LAVORI,ASILI NIDO,Esecuzione lavori,0,0,0,2024-06-13,,2026-06-30,2024.0,0,AMPLIAMENTO (COMPRESA SOPRAELEVAZIONE) O POTENZIAMENTO,Ampliamento,816000.0,816000.0,2,2,1,1,1,0,1
H58H25000310006,Sardegna,001,111,111001,In Corso,COLLAUDO,ASILI NIDO,Collaudo non concluso,0,1,0,2025-09-08,,2026-06-30,2025.0,0,AMPLIAMENTO (COMPRESA SOPRAELEVAZIONE) O POTENZIAMENTO,Ampliamento,576000.0,576000.0,3,4,1,1,2,0,1
H58H25000330006,Puglia,016,074,074016,In Corso,Fase non disponibile,ASILI NIDO,Fase non disponibile,0,0,0,,,,,0,RISTRUTTURAZIONE (PER CAMBIO DI DESTINAZIONE D'USO),Ristrutturazione/recupero,840000.0,840000.0,0,0,0,0,0,0,1
H58H25000340006,Abruzzo,022,068,068022,In Corso,ESECUZIONE LAVORI,ASILI NIDO,Esecuzione lavori,0,0,0,2025-08-08,,2026-06-30,2025.0,0,AMPLIAMENTO (COMPRESA SOPRAELEVAZIONE) O POTENZIAMENTO,Ampliamento,1440000.0,1440000.0,3,3,1,1,2,0,1
H59E19000250002,Sicilia,003,088,088003,In Corso,COLLAUDO,ASILI NIDO,Collaudo non concluso,0,1,0,2022-10-25,,2026-06-30,2022.0,1,MANUTENZIONE STRAORDINARIA,Altro,500000.0,500000.0,2,1,1,1,1,0,1
H61B21000840001,Marche,030,043,043030,In Corso,ESECUZIONE LAVORI,ASILI NIDO,Esecuzione lavori,0,0,0,2021-04-19,,2026-06-30,2021.0,1,NUOVA REALIZZAZIONE,Nuova realizzazione,1050000.0,780000.0,6,2,1,1,5,0,1
H61B21001410001,Umbria,009,054,054009,In Corso,ESECUZIONE LAVORI,ASILI NIDO,Esecuzione lavori,0,0,0,2021-03-22,,2026-06-30,2021.0,1,NUOVA REALIZZAZIONE,Nuova realizzazione,1890000.0,1380000.0,15,15,1,1,14,0,1
H61B22000550006,Emilia-Romagna,003,040,040003,In Corso,COLLAUDO,ASILI NIDO,Collaudo non concluso,0,1,0,2021-12-30,,2026-06-30,2021.0,0,NUOVA REALIZZAZIONE,Nuova realizzazione,1800000.0,1080000.0,4,4,1,1,3,1,1
H61B22000900006,Friuli-Venezia Giulia,034,093,093034,Concluso,COLLAUDO,ASILI NIDO,Concluso,1,1,1,2023-03-03,2025-09-25,2026-06-30,2023.0,0,NUOVA REALIZZAZIONE,Nuova realizzazione,1347500.0,1225000.0,4,5,1,1,3,0,1
H61B22000920006,Piemonte,080,005,005080,In Corso,ESECUZIONE LAVORI,SCUOLE MATERNE,Esecuzione lavori,0,0,0,2023-02-18,,2026-12-31,2023.0,0,NUOVA REALIZZAZIONE,Nuova realizzazione,6005652.75,4230000.0,2,1,1,1,1,0,1
H62C22000000001,Friuli-Venezia Giulia,088,030,030088,Concluso,COLLAUDO,SCUOLE MATERNE,Concluso,1,1,1,2023-01-31,2026-01-05,2026-06-30,2023.0,0,DEMOLIZIONE,Demolizione/ricostruzione,1067556.91,700000.0,3,3,1,1,2,0,1
H63C22000210006,Sardegna,051,091,091051,In Corso,COLLAUDO,ASILI NIDO,Collaudo non concluso,0,1,0,2022-12-12,,2026-06-30,2022.0,0,RISTRUTTURAZIONE CON EFFICIENTAMENTO ENERGETICO,Ristrutturazione/recupero,854942.0,854942.0,2,2,1,1,1,0,1
H63C25000100006,Calabria,049,102,102049,In Corso,ESECUZIONE LAVORI,ASILI NIDO,Esecuzione lavori,0,0,0,,,,,0,RISTRUTTURAZIONE CON EFFICIENTAMENTO ENERGETICO,Ristrutturazione/recupero,960000.0,960000.0,0,0,0,0,0,0,1
H63H19001150008,Sicilia,051,087,087051,In Corso,ESECUZIONE LAVORI,ASILI NIDO,Esecuzione lavori,0,0,0,2022-10-07,,2026-06-30,2022.0,1,NUOVA REALIZZAZIONE,Nuova realizzazione,1165000.0,950000.0,4,4,1,1,3,0,1
H64E21000200001,Abruzzo,093,069,069093,Concluso,COLLAUDO,SCUOLE MATERNE,Concluso,1,1,1,2023-02-10,2025-10-21,2025-10-21,2023.0,1,RISTRUTTURAZIONE (PER CAMBIO DI DESTINAZIONE D'USO),Ristrutturazione/recupero,1041700.0,947000.0,5,3,1,1,4,0,1
H64E21000230001,Umbria,009,054,054009,In Corso,ESECUZIONE LAVORI,ASILI NIDO,Esecuzione lavori,0,0,0,2021-03-22,,2026-06-30,2021.0,1,AMPLIAMENTO (COMPRESA SOPRAELEVAZIONE) O POTENZIAMENTO,Ampliamento,2477000.0,2070000.0,10,10,1,1,9,0,1
H64H24000090006,Lazio,076,060,060076,In Corso,ESECUZIONE LAVORI,ALTRI BENI CULTURALI,Esecuzione lavori,0,0,0,2024-09-23,,2026-08-31,2024.0,0,ALTRO,Altro,400000.0,400000.0,2,2,1,1,1,0,1
H65E22000000006,Friuli-Venezia Giulia,025,093,093025,In Corso,COLLAUDO,ASILI NIDO,Collaudo non concluso,0,1,0,2022-12-13,,2026-06-30,2022.0,0,NUOVA REALIZZAZIONE,Nuova realizzazione,2260000.0,1491100.0,7,4,1,1,7,1,1
H65E22000020006,Trentino-Alto Adige,099,021,021099,In Corso,COLLAUDO,SCUOLE MATERNE,Collaudo non concluso,0,1,0,2022-12-21,,2026-06-30,2022.0,0,NUOVA REALIZZAZIONE,Nuova realizzazione,8972107.02,3072576.01,10,4,1,1,8,0,1
H65E22000090006,Lombardia,218,016,016218,In Corso,COLLAUDO,SCUOLE MATERNE,Collaudo non concluso,0,1,0,2022-11-26,,2026-06-30,2022.0,0,NUOVA REALIZZAZIONE,Nuova realizzazione,5585000.0,5585000.0,12,15,1,1,11,0,1
H65E22000260006,Calabria,070,078,078070,In Corso,COLLAUDO,ASILI NIDO,Collaudo non concluso,0,1,0,2022-10-20,,2026-06-30,2022.0,0,NUOVA REALIZZAZIONE,Nuova realizzazione,1915927.04,1800000.0,6,2,1,1,4,0,1
H65E25000030006,Campania,085,063,063085,In Corso,ESECUZIONE LAVORI,ASILI NIDO,Esecuzione lavori,0,0,0,2025-10-30,,2026-06-30,2025.0,0,NUOVA REALIZZAZIONE,Nuova realizzazione,576000.0,576000.0,1,2,1,1,0,0,1
H66F22000160006,Sicilia,005,083,083005,In Corso,COLLAUDO,ASILI NIDO,Collaudo non concluso,0,1,0,2023-05-12,,2026-06-30,2023.0,0,DEMOLIZIONE,Demolizione/ricostruzione,1319999.82,1199999.84,1,1,1,1,0,0,1
H67G21000000006,Sicilia,018,081,081018,In Corso,ESECUZIONE LAVORI,SCUOLE MATERNE,Esecuzione lavori,0,0,0,2022-11-23,,2026-06-30,2022.0,0,RECUPERO,Ristrutturazione/recupero,2211300.0,2211300.0,3,4,1,1,2,0,1
H67G22000000006,Sicilia,018,081,081018,In Corso,ESECUZIONE LAVORI,SCUOLE MATERNE,Esecuzione lavori,0,0,0,2022-11-23,,2026-06-30,2022.0,0,RECUPERO,Ristrutturazione/recupero,843700.0,843700.0,3,3,1,1,2,0,1
H67G22000040006,Sicilia,018,081,081018,In Corso,ESECUZIONE LAVORI,ASILI NIDO,Esecuzione lavori,0,0,0,2022-11-15,,2026-06-30,2022.0,0,RECUPERO,Ristrutturazione/recupero,1080300.0,1080300.0,3,6,1,1,2,0,1
H67G22000050006,Sicilia,018,081,081018,In Corso,ESECUZIONE LAVORI,ASILI NIDO,Esecuzione lavori,0,0,0,2022-11-15,,2026-06-30,2022.0,0,RECUPERO,Ristrutturazione/recupero,715000.0,715000.0,4,4,1,1,3,0,1
H67G24000130006,Sicilia,041,083,083041,In Corso,ESECUZIONE LAVORI,ASILI NIDO,Esecuzione lavori,0,0,0,2024-10-01,,2026-06-30,2024.0,0,RECUPERO,Ristrutturazione/recupero,1140000.0,1140000.0,1,2,1,1,0,0,1
H67G24000140006,Sicilia,018,081,081018,In Corso,COLLAUDO,ASILI NIDO,Collaudo non concluso,0,1,0,2024-08-19,,2026-06-30,2024.0,0,RECUPERO,Ristrutturazione/recupero,480000.0,480000.0,1,1,1,1,0,0,1
H68H22000030006,Liguria,001,010,010001,Concluso,COLLAUDO,ASILI NIDO,Concluso,1,1,1,2022-12-05,2024-10-07,2026-06-30,2022.0,0,AMPLIAMENTO (COMPRESA SOPRAELEVAZIONE) O POTENZIAMENTO,Ampliamento,405025.0,405025.0,2,2,1,1,1,0,1
H68H22000090001,Trentino-Alto Adige,117,021,021117,In Corso,COLLAUDO,ASILI NIDO,Collaudo non concluso,0,1,0,2022-09-08,,2026-06-30,2022.0,0,RISTRUTTURAZIONE (PER CAMBIO DI DESTINAZIONE D'USO),Ristrutturazione/recupero,158138.0,92964.0,6,6,1,1,6,0,1
H68H22000220006,Toscana,034,051,051034,In Corso,COLLAUDO,ASILI NIDO,Collaudo non concluso,0,1,0,2023-05-25,,2026-06-30,2023.0,0,AMPLIAMENTO (COMPRESA SOPRAELEVAZIONE) O POTENZIAMENTO,Ampliamento,759000.0,690000.0,3,2,1,1,2,0,1
H68H24000320006,Sicilia,032,083,083032,In Corso,ESECUZIONE LAVORI,ASILI NIDO,Esecuzione lavori,0,0,0,2024-10-17,,2026-08-30,2024.0,0,RISTRUTTURAZIONE (PER CAMBIO DI DESTINAZIONE D'USO),Ristrutturazione/recupero,560000.0,560000.0,2,2,1,0,1,0,1
H68H24000350006,Puglia,048,072,072048,In Corso,COLLAUDO,ASILI NIDO,Collaudo non concluso,0,1,0,2024-09-01,,2026-12-31,2024.0,0,AMPLIAMENTO (COMPRESA SOPRAELEVAZIONE) O POTENZIAMENTO,Ampliamento,1090000.0,1008000.0,2,2,1,1,2,1,1
H68H24000360006,Emilia-Romagna,047,036,036047,In Corso,COLLAUDO,ASILI NIDO,Collaudo non concluso,0,1,0,2024-09-05,,2026-06-30,2024.0,0,AMPLIAMENTO (COMPRESA SOPRAELEVAZIONE) O POTENZIAMENTO,Ampliamento,480000.0,480000.0,5,9,1,1,4,0,1
H68H25000210006,Sicilia,032,083,083032,In Corso,AGGIUDICAZIONE,ASILI NIDO,Prima dell'esecuzione,0,0,0,,,2026-08-30,,0,RISTRUTTURAZIONE (PER CAMBIO DI DESTINAZIONE D'USO),Ristrutturazione/recupero,640000.0,640000.0,1,1,1,0,1,0,1
H68H25000230006,Campania,071,061,061071,In Corso,COLLAUDO,ASILI NIDO,Collaudo non concluso,0,1,0,,,,,0,AMPLIAMENTO (COMPRESA SOPRAELEVAZIONE) O POTENZIAMENTO,Ampliamento,480000.0,480000.0,2,2,1,1,1,0,1
H68H25000630006,Calabria,095,079,079095,In Corso,ESECUZIONE LAVORI,ASILI NIDO,Esecuzione lavori,0,0,0,2025-10-30,,2026-06-30,2025.0,0,RISTRUTTURAZIONE (PER CAMBIO DI DESTINAZIONE D'USO),Ristrutturazione/recupero,480000.0,480000.0,4,4,1,1,3,0,1
H71B21001430001,Lombardia,172,017,017172,In Corso,ESECUZIONE LAVORI,SCUOLE MATERNE,Esecuzione lavori,0,0,0,2022-09-22,,2026-06-30,2022.0,1,NUOVA REALIZZAZIONE,Nuova realizzazione,3300000.0,3000000.0,5,5,1,1,3,0,1
H71B21001800001,Calabria,005,102,102005,In Corso,ESECUZIONE LAVORI,ALTRE STRUTTURE SOCIALI,Esecuzione lavori,0,0,0,2021-08-02,,2026-06-30,2021.0,1,NUOVA REALIZZAZIONE,Nuova realizzazione,850000.0,807500.0,3,2,1,1,2,0,1
H71B21007440006,Emilia-Romagna,018,033,033018,In Corso,COLLAUDO,ASILI NIDO,Collaudo non concluso,0,1,0,2022-11-16,,2026-07-31,2022.0,0,NUOVA REALIZZAZIONE,Nuova realizzazione,4130880.87,3643695.0,13,13,1,1,12,0,1
H71B22000620006,Puglia,061,075,075061,In Corso,ESECUZIONE LAVORI,ASILI NIDO,Esecuzione lavori,0,0,0,2022-11-09,,2026-06-30,2022.0,0,NUOVA REALIZZAZIONE,Nuova realizzazione,1500000.0,1500000.0,7,3,1,1,6,0,1
H71B22000890006,Lombardia,046,017,017046,Concluso,COLLAUDO,ASILI NIDO,Concluso,1,1,1,2021-12-02,2026-04-20,2026-06-30,2021.0,0,NUOVA REALIZZAZIONE,Nuova realizzazione,580000.0,580000.0,5,8,1,1,4,0,1
H71B22000900006,Lombardia,046,017,017046,Concluso,COLLAUDO,SCUOLE MATERNE,Concluso,1,1,1,2023-04-05,2026-04-20,2026-06-30,2023.0,0,NUOVA REALIZZAZIONE,Nuova realizzazione,3325000.0,3325000.0,7,10,1,1,6,0,1
H71B22001060006,Calabria,107,078,078107,In Corso,ESECUZIONE LAVORI,SCUOLE MATERNE,Esecuzione lavori,0,0,0,2023-03-23,,2025-12-15,2023.0,0,NUOVA REALIZZAZIONE,Nuova realizzazione,699272.2,699272.2,1,1,1,0,0,0,1
H71B22001220006,Molise,016,094,094016,In Corso,COLLAUDO,SCUOLE MATERNE,Collaudo non concluso,0,1,0,2022-01-01,,2026-12-31,2022.0,0,NUOVA REALIZZAZIONE,Nuova realizzazione,946000.0,860000.0,1,1,1,1,0,0,1
H72C22000040006,Campania,091,065,065091,In Corso,ESECUZIONE LAVORI,ASILI NIDO,Esecuzione lavori,0,0,0,2023-01-30,,2026-06-30,2023.0,0,DEMOLIZIONE,Demolizione/ricostruzione,1271972.0,1271972.0,7,3,1,1,6,0,1
H73C22000020006,Puglia,011,073,073011,In Corso,COLLAUDO,SCUOLE MATERNE,Collaudo non concluso,0,1,0,2022-11-14,,2026-06-30,2022.0,0,RISTRUTTURAZIONE CON EFFICIENTAMENTO ENERGETICO,Ristrutturazione/recupero,1924554.98,1516715.0,3,7,1,1,2,0,1
H75E21000000006,Veneto,089,026,026089,In Corso,COLLAUDO,ASILI NIDO,Collaudo non concluso,0,1,0,2022-12-07,,2026-06-26,2022.0,0,NUOVA REALIZZAZIONE,Nuova realizzazione,1684947.8,979347.56,11,14,1,1,10,0,1
H75E21000010006,Veneto,089,026,026089,In Corso,COLLAUDO,SCUOLE MATERNE,Collaudo non concluso,0,1,0,2022-12-07,,2026-06-30,2022.0,0,NUOVA REALIZZAZIONE,Nuova realizzazione,1982699.96,1628749.54,12,15,1,1,11,0,1
H75E21000020006,Veneto,003,024,024003,In Corso,ESECUZIONE LAVORI,SCUOLE MATERNE,Esecuzione lavori,0,0,0,2023-01-17,,2026-06-30,2023.0,0,NUOVA REALIZZAZIONE,Nuova realizzazione,3750000.0,3150000.0,4,11,1,1,4,1,1
H75E22000050006,Abruzzo,024,068,068024,In Corso,COLLAUDO,ASILI NIDO,Collaudo non concluso,0,1,0,2022-10-14,,2026-06-30,2022.0,0,NUOVA REALIZZAZIONE,Nuova realizzazione,1112119.67,1112119.67,4,4,1,1,3,0,1
H75E22000060006,Abruzzo,024,068,068024,In Corso,ESECUZIONE LAVORI,SCUOLE MATERNE,Esecuzione lavori,0,0,0,2022-10-14,,2026-06-30,2022.0,0,NUOVA REALIZZAZIONE,Nuova realizzazione,1527278.83,1395130.83,7,7,1,1,5,0,1
H75E22000070006,Abruzzo,024,068,068024,In Corso,COLLAUDO,ASILI NIDO,Collaudo non concluso,0,1,0,2022-10-14,,2026-06-30,2022.0,0,NUOVA REALIZZAZIONE,Nuova realizzazione,1200610.91,1200610.91,4,4,1,1,3,0,1
H75E22000080006,Abruzzo,024,068,068024,In Corso,ESECUZIONE LAVORI,SCUOLE MATERNE,Esecuzione lavori,0,0,0,2022-10-14,,2026-06-30,2022.0,0,NUOVA REALIZZAZIONE,Nuova realizzazione,1835446.57,1835446.57,6,6,1,1,5,0,1
H75E22000090006,Abruzzo,024,068,068024,In Corso,ESECUZIONE LAVORI,ASILI NIDO,Esecuzione lavori,0,0,0,2022-10-14,,2026-06-30,2022.0,0,NUOVA REALIZZAZIONE,Nuova realizzazione,1863099.4,1863099.4,6,4,1,1,5,0,1
H75E22000100006,Abruzzo,024,068,068024,In Corso,ESECUZIONE LAVORI,SCUOLE MATERNE,Esecuzione lavori,0,0,0,2022-11-14,,2026-06-30,2022.0,0,NUOVA REALIZZAZIONE,Nuova realizzazione,2034067.26,2034067.26,6,6,1,1,5,0,1
H75E22000110006,Abruzzo,024,068,068024,In Corso,COLLAUDO,ASILI NIDO,Collaudo non concluso,0,1,0,2022-10-14,,2026-06-30,2022.0,0,NUOVA REALIZZAZIONE,Nuova realizzazione,1559359.19,1559359.19,6,6,1,1,5,0,1
H75E22000240006,Marche,035,041,041035,In Corso,ESECUZIONE LAVORI,ASILI NIDO,Esecuzione lavori,0,0,0,2023-01-28,,2026-06-30,2023.0,0,NUOVA REALIZZAZIONE,Nuova realizzazione,528000.0,480000.0,4,3,1,1,3,0,1
H75E22000250006,Calabria,005,102,102005,In Corso,ESECUZIONE LAVORI,ASILI NIDO,Esecuzione lavori,0,0,0,2023-04-19,,2026-06-30,2023.0,0,NUOVA REALIZZAZIONE,Nuova realizzazione,2420000.0,2420000.0,5,5,1,1,4,0,1
H75E22000270006,Calabria,008,078,078008,In Corso,COLLAUDO,ASILI NIDO,Collaudo non concluso,0,1,0,2023-02-06,,2026-06-30,2023.0,0,NUOVA REALIZZAZIONE,Nuova realizzazione,288000.0,288000.0,4,3,1,1,3,0,1
H75E22000280001,Veneto,089,026,026089,In Corso,COLLAUDO,ASILI NIDO,Collaudo non concluso,0,1,0,2022-12-07,,2026-06-30,2022.0,0,NUOVA REALIZZAZIONE,Nuova realizzazione,1178347.8,979347.56,5,5,1,1,4,0,1
H75E22000300006,Liguria,031,009,009031,In Corso,COLLAUDO,ASILI NIDO,Collaudo non concluso,0,1,0,2022-10-26,,2026-06-30,2022.0,0,NUOVA REALIZZAZIONE,Nuova realizzazione,1384416.0,1258560.0,5,5,1,1,5,1,1
H75E24000080006,Calabria,031,080,080031,In Corso,ESECUZIONE LAVORI,ASILI NIDO,Esecuzione lavori,0,0,0,2024-09-05,,2026-08-31,2024.0,0,NUOVA REALIZZAZIONE,Nuova realizzazione,672000.0,672000.0,5,5,1,1,4,0,1
H75E24000090006,Abruzzo,024,068,068024,In Corso,ESECUZIONE LAVORI,ASILI NIDO,Esecuzione lavori,0,0,0,2024-06-13,,2026-06-30,2024.0,0,NUOVA REALIZZAZIONE,Nuova realizzazione,1296000.0,1296000.0,7,6,1,1,6,0,1
H75E24000100006,Abruzzo,024,068,068024,In Corso,ESECUZIONE LAVORI,ASILI NIDO,Esecuzione lavori,0,0,0,2024-06-13,,2026-06-30,2024.0,0,NUOVA REALIZZAZIONE,Nuova realizzazione,1296000.0,1296000.0,8,7,1,1,7,0,1
H75E24000110006,Sicilia,035,082,082035,In Corso,COLLAUDO/REGOLARE ESECUZIONE,ASILI NIDO,Collaudo non concluso,0,1,0,2024-07-03,,2026-06-30,2024.0,0,NUOVA REALIZZAZIONE,Nuova realizzazione,1008000.0,1008000.0,1,1,1,1,0,0,1
H75E24000120006,Campania,070,062,062070,In Corso,ESECUZIONE LAVORI,ASILI NIDO,Esecuzione lavori,0,0,0,2024-10-21,,2026-06-30,2024.0,0,NUOVA REALIZZAZIONE,Nuova realizzazione,1008000.0,1008000.0,4,4,1,1,3,1,1
H75E24000140006,Lombardia,172,017,017172,In Corso,ESECUZIONE LAVORI,ASILI NIDO,Esecuzione lavori,0,0,0,2024-09-05,,2026-06-30,2024.0,0,NUOVA REALIZZAZIONE,Nuova realizzazione,480000.0,480000.0,3,3,1,0,3,0,1
H75E24000150006,Puglia,052,075,075052,In Corso,COLLAUDO,ASILI NIDO,Collaudo non concluso,0,1,0,2024-06-13,,2026-06-30,2024.0,0,NUOVA REALIZZAZIONE,Nuova realizzazione,1728000.0,1728000.0,4,5,1,1,3,0,1
H75E24000160006,Calabria,007,101,101007,In Corso,ESECUZIONE LAVORI,ASILI NIDO,Esecuzione lavori,0,0,0,2025-02-05,,2026-06-30,2025.0,0,NUOVA REALIZZAZIONE,Nuova realizzazione,480000.0,480000.0,3,3,1,0,3,0,1
H75E25000040006,Abruzzo,058,069,069058,In Corso,ESECUZIONE LAVORI,ASILI NIDO,Esecuzione lavori,0,0,0,2025-07-15,,2026-06-30,2025.0,0,NUOVA REALIZZAZIONE,Nuova realizzazione,920000.0,720000.0,3,3,1,1,2,0,1
H75E25000050006,Lazio,018,058,058018,In Corso,Fase non disponibile,ASILI NIDO,Fase non disponibile,0,0,0,,,,,0,NUOVA REALIZZAZIONE,Nuova realizzazione,720000.0,720000.0,0,0,0,0,0,0,1
H75E25000130006,Calabria,035,078,078035,In Corso,ESECUZIONE LAVORI,ASILI NIDO,Esecuzione lavori,0,0,0,2025-10-01,,2026-08-31,2025.0,0,NUOVA REALIZZAZIONE,Nuova realizzazione,360000.0,360000.0,5,5,1,1,4,0,1
H76F25000090006,Lazio,086,060,060086,In Corso,ESECUZIONE LAVORI,ASILI NIDO,Esecuzione lavori,0,0,0,2025-08-02,,2026-06-30,2025.0,0,DEMOLIZIONE,Demolizione/ricostruzione,840000.0,840000.0,5,3,1,1,3,0,1
H77G24000120006,Lazio,016,059,059016,In Corso,COLLAUDO/REGOLARE ESECUZIONE,ASILI NIDO,Collaudo non concluso,0,1,0,2024-09-20,,2025-12-31,2024.0,0,RECUPERO,Ristrutturazione/recupero,600000.0,560000.0,1,1,1,1,0,0,1
H77H22000750001,Puglia,052,075,075052,In Corso,COLLAUDO,SCUOLE MATERNE,Collaudo non concluso,0,1,0,2022-10-21,,2026-06-30,2022.0,0,MANUTENZIONE STRAORDINARIA,Altro,1047000.0,975000.0,2,3,1,1,1,0,1
H78G18000050005,Emilia-Romagna,046,037,037046,In Corso,COLLAUDO,ASILI NIDO,Collaudo non concluso,0,1,0,2021-12-02,,2026-06-30,2021.0,1,MANUTENZIONE STRAORDINARIA CON EFFICIENTAMENTO ENERGETICO,Altro,880000.0,480000.0,1,1,1,1,1,1,1
H78H22000010006,Abruzzo,024,068,068024,In Corso,COLLAUDO,ASILI NIDO,Collaudo non concluso,0,1,0,2022-10-14,,2026-06-30,2022.0,0,AMPLIAMENTO (COMPRESA SOPRAELEVAZIONE) O POTENZIAMENTO,Ampliamento,834687.66,834687.66,5,5,1,1,4,0,1
H78H22000030006,Puglia,011,073,073011,In Corso,COLLAUDO,ASILI NIDO,Collaudo non concluso,0,1,0,2022-10-14,,2026-06-30,2022.0,0,RISTRUTTURAZIONE (PER CAMBIO DI DESTINAZIONE D'USO),Ristrutturazione/recupero,880000.0,800000.0,7,5,1,1,6,0,1
H78H22000110006,Sardegna,030,111,111030,In Corso,ESECUZIONE LAVORI,ASILI NIDO,Esecuzione lavori,0,0,0,2022-11-17,,2026-05-27,2022.0,0,AMPLIAMENTO (COMPRESA SOPRAELEVAZIONE) O POTENZIAMENTO,Ampliamento,740000.0,740000.0,2,2,1,1,1,0,1
H78H24000270001,Lombardia,036,013,013036,In Corso,COLLAUDO,ASILI NIDO,Collaudo non concluso,0,1,0,2024-07-11,,2026-07-29,2024.0,0,AMPLIAMENTO (COMPRESA SOPRAELEVAZIONE) O POTENZIAMENTO,Ampliamento,1060000.0,576000.0,5,5,1,1,4,0,1
H78H24000320006,Lombardia,092,012,012092,In Corso,COLLAUDO,ASILI NIDO,Collaudo non concluso,0,1,0,2024-08-05,,2026-06-30,2024.0,0,AMPLIAMENTO (COMPRESA SOPRAELEVAZIONE) O POTENZIAMENTO,Ampliamento,2010000.0,576000.0,1,1,1,0,0,0,1
H78H25000540006,Campania,093,064,064093,In Corso,Fase non disponibile,ASILI NIDO,Fase non disponibile,0,0,0,,,,,0,RISTRUTTURAZIONE (PER CAMBIO DI DESTINAZIONE D'USO),Ristrutturazione/recupero,960000.0,960000.0,0,0,0,0,0,0,1
H78I21000820001,Lombardia,172,017,017172,In Corso,ESECUZIONE LAVORI,ALTRE STRUTTURE SOCIALI,Esecuzione lavori,0,0,0,2022-07-04,,2026-06-30,2022.0,1,RISTRUTTURAZIONE CON EFFICIENTAMENTO ENERGETICO,Ristrutturazione/recupero,3300000.0,3000000.0,4,2,1,1,2,0,1
H78I21003210006,Lombardia,010,098,098010,Concluso,COLLAUDO,ASILI NIDO,Concluso,1,1,1,2022-01-03,2026-02-16,2026-02-28,2022.0,0,RISTRUTTURAZIONE CON EFFICIENTAMENTO ENERGETICO,Ristrutturazione/recupero,1155000.0,1039666.0,6,2,1,1,6,1,1
H81B21010290001,Piemonte,061,002,002061,In Corso,COLLAUDO,SCUOLE MATERNE,Collaudo non concluso,0,1,0,2022-12-09,,2026-06-30,2022.0,1,NUOVA REALIZZAZIONE,Nuova realizzazione,3300000.0,3000000.0,39,15,1,1,37,0,1
H81B21010350006,Lazio,064,058,058064,In Corso,ESECUZIONE LAVORI,ASILI NIDO,Esecuzione lavori,0,0,0,2023-02-28,,2026-12-31,2023.0,0,NUOVA REALIZZAZIONE,Nuova realizzazione,1995826.0,1995826.0,9,6,1,1,8,0,1
H81B22001480001,Lombardia,047,098,098047,Concluso,COLLAUDO,ASILI NIDO,Concluso,1,1,1,2022-09-08,2025-12-31,2025-12-31,2022.0,0,NUOVA REALIZZAZIONE,Nuova realizzazione,498600.0,426000.0,4,2,1,1,3,0,1
H82C22000130006,Calabria,017,101,101017,In Corso,ESECUZIONE LAVORI,SCUOLE MATERNE,Esecuzione lavori,0,0,0,2022-12-21,,2026-06-30,2022.0,0,DEMOLIZIONE,Demolizione/ricostruzione,1452600.0,1345000.0,8,8,1,1,4,0,1
H83C22000250006,Lazio,008,059,059008,Concluso,ESECUZIONE LAVORI,SCUOLE MATERNE,Concluso,1,1,1,2023-01-18,2025-09-12,2026-06-30,2023.0,0,RISTRUTTURAZIONE CON EFFICIENTAMENTO ENERGETICO,Ristrutturazione/recupero,1096981.6,997256.0,4,3,1,1,3,0,1
H83C24000420006,Campania,119,065,065119,In Corso,ESECUZIONE LAVORI,ASILI NIDO,Esecuzione lavori,0,0,0,2025-08-17,,2026-06-30,2025.0,0,RISTRUTTURAZIONE (PER CAMBIO DI DESTINAZIONE D'USO),Ristrutturazione/recupero,480000.0,480000.0,1,1,1,1,0,0,1
H85E21000050006,Abruzzo,068,069,069068,In Corso,COLLAUDO,ASILI NIDO,Collaudo non concluso,0,1,0,2022-03-25,,2026-06-30,2022.0,0,NUOVA REALIZZAZIONE,Nuova realizzazione,514800.0,468000.0,4,7,1,1,3,0,1
H85E22000030006,Marche,009,041,041009,In Corso,ESECUZIONE LAVORI,SCUOLE MATERNE,Esecuzione lavori,0,0,0,2022-02-08,,2026-06-30,2022.0,0,NUOVA REALIZZAZIONE,Nuova realizzazione,1540000.0,1400000.0,4,4,1,1,3,0,1
H85E22000050006,Lombardia,154,013,013154,Concluso,COLLAUDO,ASILI NIDO,Concluso,1,1,1,2023-02-07,2025-12-31,2026-06-30,2023.0,0,NUOVA REALIZZAZIONE,Nuova realizzazione,1750117.81,1051504.0,1,2,1,1,0,0,1
H85E22000130006,Lazio,008,059,059008,In Corso,ESECUZIONE LAVORI,ASILI NIDO,Esecuzione lavori,0,0,0,2022-11-14,,2026-12-31,2022.0,0,NUOVA REALIZZAZIONE,Nuova realizzazione,1188000.0,1080000.0,6,6,1,1,3,0,1
H85E22000140001,Trentino-Alto Adige,009,022,022009,In Corso,COLLAUDO,ASILI NIDO,Collaudo non concluso,0,1,0,2022-11-14,,2026-06-30,2022.0,0,NUOVA REALIZZAZIONE,Nuova realizzazione,4891000.0,2441105.0,24,30,1,1,24,1,1
H85E22000150006,Lazio,005,056,056005,In Corso,ESECUZIONE LAVORI,SCUOLE MATERNE,Esecuzione lavori,0,0,0,2022-02-25,,2026-12-31,2022.0,0,NUOVA REALIZZAZIONE,Nuova realizzazione,3920400.0,3630000.0,7,7,1,1,6,0,1
H85E22000280006,Calabria,068,080,080068,In Corso,ESECUZIONE LAVORI,ASILI NIDO,Esecuzione lavori,0,0,0,2021-12-02,,2026-06-30,2021.0,0,NUOVA REALIZZAZIONE,Nuova realizzazione,559953.0,518475.0,5,5,1,1,4,0,1
H85E24000080006,Calabria,081,078,078081,In Corso,ESECUZIONE LAVORI,ASILI NIDO,Esecuzione lavori,0,0,0,2024-06-13,,2026-06-30,2024.0,0,NUOVA REALIZZAZIONE,Nuova realizzazione,1100000.0,864000.0,5,7,1,1,5,1,1
H85E24000100006,Puglia,023,072,072023,In Corso,COLLAUDO,ASILI NIDO,Collaudo non concluso,0,1,0,2024-04-30,,2026-08-31,2024.0,0,NUOVA REALIZZAZIONE,Nuova realizzazione,2016000.0,2016000.0,3,4,1,1,3,1,1
H85E24000110006,Basilicata,003,077,077003,In Corso,COLLAUDO/REGOLARE ESECUZIONE,ASILI NIDO,Collaudo non concluso,0,1,0,2024-09-10,,2026-06-30,2024.0,0,NUOVA REALIZZAZIONE,Nuova realizzazione,720000.0,720000.0,0,0,0,0,0,0,1
H85E25000020006,Calabria,133,079,079133,In Corso,Fase non disponibile,ASILI NIDO,Fase non disponibile,0,0,0,,,,,0,NUOVA REALIZZAZIONE,Nuova realizzazione,672000.0,672000.0,0,0,0,0,0,0,1
H85E25000050006,Calabria,068,080,080068,In Corso,ESECUZIONE LAVORI,ASILI NIDO,Esecuzione lavori,0,0,0,2025-08-22,,2026-06-30,2025.0,0,NUOVA REALIZZAZIONE,Nuova realizzazione,576000.0,576000.0,5,4,1,1,4,0,1
H86F22000000006,Basilicata,003,077,077003,In Corso,ESECUZIONE LAVORI,SCUOLE MATERNE,Esecuzione lavori,0,0,0,2022-11-17,,2026-07-31,2022.0,0,DEMOLIZIONE,Demolizione/ricostruzione,1872000.0,1872000.0,5,4,1,1,4,0,1
H86F22000010006,Calabria,015,102,102015,In Corso,COLLAUDO,SCUOLE MATERNE,Collaudo non concluso,0,1,0,2022-10-26,,2026-06-30,2022.0,0,DEMOLIZIONE,Demolizione/ricostruzione,1243000.0,1130000.0,7,6,1,1,6,0,1
H86F22000090006,Calabria,017,101,101017,In Corso,ESECUZIONE LAVORI,ASILI NIDO,Esecuzione lavori,0,0,0,2022-01-01,,2026-08-31,2022.0,0,DEMOLIZIONE,Demolizione/ricostruzione,2268000.0,2100000.0,7,8,1,1,4,0,1
H86F25000050006,Calabria,015,102,102015,In Corso,ESECUZIONE LAVORI,ASILI NIDO,Esecuzione lavori,0,0,0,2025-11-07,,2026-09-30,2025.0,0,DEMOLIZIONE,Demolizione/ricostruzione,576000.0,576000.0,5,4,1,1,4,0,1
H87G24000160006,Toscana,014,053,053014,In Corso,ESECUZIONE LAVORI,ASILI NIDO,Esecuzione lavori,0,0,0,2024-06-13,,2025-12-31,2024.0,0,RECUPERO,Ristrutturazione/recupero,400000.0,400000.0,4,4,1,1,3,0,1
H88H22000090006,Friuli-Venezia Giulia,117,030,030117,Concluso,COLLAUDO,ASILI NIDO,Concluso,1,1,1,2022-11-29,2024-10-29,2024-12-31,2022.0,0,AMPLIAMENTO (COMPRESA SOPRAELEVAZIONE) O POTENZIAMENTO,Ampliamento,156000.0,156000.0,4,1,1,1,4,0,1
H88H22000240006,Calabria,081,078,078081,In Corso,COLLAUDO,ASILI NIDO,Collaudo non concluso,0,1,0,2022-11-29,,2026-06-30,2022.0,0,AMPLIAMENTO (COMPRESA SOPRAELEVAZIONE) O POTENZIAMENTO,Ampliamento,891000.0,810000.0,6,7,1,1,6,1,1
H88H22000270006,Basilicata,003,077,077003,Concluso,COLLAUDO,ASILI NIDO,Concluso,1,1,1,2023-03-06,2025-07-21,2026-06-30,2023.0,0,RISTRUTTURAZIONE (PER CAMBIO DI DESTINAZIONE D'USO),Ristrutturazione/recupero,375700.0,375700.0,2,2,1,1,1,0,1
H88H24000370006,Sardegna,089,091,091089,In Corso,ESECUZIONE LAVORI,ASILI NIDO,Esecuzione lavori,0,0,0,2024-08-21,,2026-08-31,2024.0,0,AMPLIAMENTO (COMPRESA SOPRAELEVAZIONE) O POTENZIAMENTO,Ampliamento,1099412.5,480000.0,4,5,1,1,2,0,1
H88H24000480006,Sardegna,045,095,095045,In Corso,Fase non disponibile,ASILI NIDO,Fase non disponibile,0,0,0,,,,,0,AMPLIAMENTO (COMPRESA SOPRAELEVAZIONE) O POTENZIAMENTO,Ampliamento,240000.0,240000.0,0,0,0,0,0,0,1
H88H25000220006,Campania,062,062,062062,In Corso,ESECUZIONE LAVORI,ASILI NIDO,Esecuzione lavori,0,0,0,2025-05-25,,2026-08-31,2025.0,0,RISTRUTTURAZIONE (PER CAMBIO DI DESTINAZIONE D'USO),Ristrutturazione/recupero,400000.0,400000.0,3,2,1,0,3,0,1
H88H25000270006,Piemonte,027,001,001027,Concluso,COLLAUDO,ASILI NIDO,Concluso,1,1,1,2025-03-24,2026-02-28,2026-02-28,2025.0,0,AMPLIAMENTO (COMPRESA SOPRAELEVAZIONE) O POTENZIAMENTO,Ampliamento,35000.0,35000.0,6,6,1,1,6,0,1
H88H25000400006,Lazio,073,058,058073,In Corso,COLLAUDO,ASILI NIDO,Collaudo non concluso,0,1,0,2025-05-23,,2026-12-31,2025.0,0,AMPLIAMENTO (COMPRESA SOPRAELEVAZIONE) O POTENZIAMENTO,Ampliamento,480000.0,480000.0,9,9,1,1,8,0,1
H91B21002060001,Lombardia,018,014,014018,In Corso,COLLAUDO,ASILI NIDO,Collaudo non concluso,0,1,0,2022-01-01,,2026-12-31,2022.0,1,NUOVA REALIZZAZIONE,Nuova realizzazione,2550000.0,1997500.0,11,14,1,1,9,0,1
H91B21002310001,Campania,029,061,061029,In Corso,ESECUZIONE LAVORI,SERVIZI PER L'INFANZIA,Esecuzione lavori,0,0,0,2021-01-03,,2026-09-30,2021.0,1,NUOVA REALIZZAZIONE,Nuova realizzazione,2257580.18,2116727.0,9,8,1,1,8,0,1
H91B21002340001,Lazio,074,058,058074,In Corso,COLLAUDO,ASILI NIDO,Collaudo non concluso,0,1,0,2022-09-27,,2026-06-30,2022.0,1,NUOVA REALIZZAZIONE,Nuova realizzazione,1262205.53,1262205.53,5,5,1,1,4,0,1
H91B22000640006,Friuli-Venezia Giulia,100,030,030100,In Corso,ESECUZIONE LAVORI,ASILI NIDO,Esecuzione lavori,0,0,0,2023-11-29,,2026-06-30,2023.0,0,NUOVA REALIZZAZIONE,Nuova realizzazione,2210500.0,1555000.0,13,11,1,1,12,1,1
H91B22001320006,Campania,041,064,064041,In Corso,ESECUZIONE LAVORI,ASILI NIDO,Esecuzione lavori,0,0,0,2022-10-06,,2025-09-30,2022.0,0,NUOVA REALIZZAZIONE,Nuova realizzazione,887040.0,739200.0,4,4,1,1,3,0,1
H91B22001440006,Puglia,002,110,110002,In Corso,COLLAUDO,SCUOLE MATERNE,Collaudo non concluso,0,1,0,2023-01-21,,2026-08-31,2023.0,0,NUOVA REALIZZAZIONE,Nuova realizzazione,4210800.0,3828000.0,5,7,1,1,5,1,1
H92C22000010006,Lombardia,045,014,014045,In Corso,ESECUZIONE LAVORI,SCUOLE MATERNE,Esecuzione lavori,0,0,0,2023-11-28,,2026-06-30,2023.0,0,DEMOLIZIONE,Demolizione/ricostruzione,1974500.0,1795000.0,6,4,1,1,6,1,1
H93C22000000006,Molise,075,070,070075,Concluso,COLLAUDO,ASILI NIDO,Concluso,1,1,1,2023-03-17,2025-02-17,2025-08-31,2023.0,0,RISTRUTTURAZIONE CON EFFICIENTAMENTO ENERGETICO,Ristrutturazione/recupero,143896.5,130815.0,2,2,1,1,2,0,1
H93C22000290006,Lombardia,045,014,014045,In Corso,ESECUZIONE LAVORI,ASILI NIDO,Esecuzione lavori,0,0,0,2022-12-07,,2026-06-30,2022.0,0,RISTRUTTURAZIONE CON EFFICIENTAMENTO ENERGETICO,Ristrutturazione/recupero,792000.0,720000.0,3,4,1,0,3,0,1
H93C22000300006,Sicilia,002,086,086002,In Corso,ESECUZIONE LAVORI,ASILI NIDO,Esecuzione lavori,0,0,0,2022-03-29,,2026-06-30,2022.0,0,RISTRUTTURAZIONE CON EFFICIENTAMENTO ENERGETICO,Ristrutturazione/recupero,458537.3,450984.24,2,3,1,1,1,0,1
H93C22000310006,Calabria,042,080,080042,In Corso,ESECUZIONE LAVORI,SCUOLE MATERNE,Esecuzione lavori,0,0,0,2023-02-01,,2026-06-30,2023.0,0,RISTRUTTURAZIONE CON EFFICIENTAMENTO ENERGETICO,Ristrutturazione/recupero,770863.0,670286.2,5,4,1,1,4,1,1
H93C24000450006,Calabria,096,080,080096,In Corso,ESECUZIONE LAVORI,ASILI NIDO,Esecuzione lavori,0,0,0,2024-07-12,,2026-08-31,2024.0,0,RISTRUTTURAZIONE CON EFFICIENTAMENTO ENERGETICO,Ristrutturazione/recupero,720000.0,720000.0,5,4,1,1,4,0,1
H93D22000120006,Veneto,060,028,028060,In Corso,COLLAUDO,ASILI NIDO,Collaudo non concluso,0,1,0,2022-01-01,,2026-06-30,2022.0,0,RECUPERO,Ristrutturazione/recupero,742299.84,640000.0,3,3,1,1,3,1,1
H93D22000140006,Veneto,060,028,028060,In Corso,COLLAUDO,ASILI NIDO,Collaudo non concluso,0,1,0,2022-01-01,,2026-06-30,2022.0,0,RECUPERO,Ristrutturazione/recupero,900421.9,632000.0,4,5,1,1,4,1,1
H93D22000160006,Veneto,060,028,028060,In Corso,COLLAUDO,ASILI NIDO,Collaudo non concluso,0,1,0,2022-01-01,,2026-06-30,2022.0,0,RECUPERO,Ristrutturazione/recupero,738075.4,635000.0,3,3,1,1,3,1,1
H93D22000170006,Veneto,060,028,028060,In Corso,COLLAUDO,ASILI NIDO,Collaudo non concluso,0,1,0,2022-01-01,,2026-06-30,2022.0,0,RECUPERO,Ristrutturazione/recupero,750133.84,632000.0,4,4,1,1,4,1,1
H94D22000150006,Sicilia,014,089,089014,In Corso,COLLAUDO,ALTRE STRUTTURE SOCIALI,Collaudo non concluso,0,1,0,2021-08-06,,2026-03-31,2021.0,0,MANUTENZIONE STRAORDINARIA CON EFFICIENTAMENTO ENERGETICO,Altro,382816.2,382816.2,1,1,1,1,0,0,1
H94E22000230006,Lombardia,201,017,017201,Concluso,COLLAUDO,ASILI NIDO,Concluso,1,1,1,2023-03-09,2024-04-09,2026-06-30,2023.0,0,AMPLIAMENTO (COMPRESA SOPRAELEVAZIONE) O POTENZIAMENTO,Ampliamento,355300.0,276000.0,5,2,1,1,4,0,1
H95E22000020006,Puglia,045,075,075045,In Corso,ESECUZIONE LAVORI,ASILI NIDO,Esecuzione lavori,0,0,0,2023-03-03,,2026-07-31,2023.0,0,NUOVA REALIZZAZIONE,Nuova realizzazione,1320000.0,1200000.0,2,2,1,1,2,1,1
H95E22000040006,Piemonte,162,006,006162,In Corso,ESECUZIONE LAVORI,ASILI NIDO,Esecuzione lavori,0,0,0,2023-01-27,,2026-06-30,2023.0,0,NUOVA REALIZZAZIONE,Nuova realizzazione,482800.0,482800.0,5,5,1,1,4,0,1
H95E22000090006,Puglia,009,075,075009,In Corso,COLLAUDO,ASILI NIDO,Collaudo non concluso,0,1,0,2022-12-14,,2026-06-30,2022.0,0,NUOVA REALIZZAZIONE,Nuova realizzazione,2156400.0,2156400.0,6,1,1,1,3,0,1
H95E22000120006,Lombardia,194,016,016194,Concluso,COLLAUDO,ASILI NIDO,Concluso,1,1,1,2022-03-25,2024-09-15,2024-09-15,2022.0,0,NUOVA REALIZZAZIONE,Nuova realizzazione,1146380.0,992780.0,5,6,1,1,4,0,1
H95E22000130006,Calabria,009,101,101009,In Corso,ESECUZIONE LAVORI,ASILI NIDO,Esecuzione lavori,0,0,0,2022-10-21,,2026-12-31,2022.0,0,NUOVA REALIZZAZIONE,Nuova realizzazione,1967625.0,1788750.0,8,10,1,1,7,2,1
H95E22000140007,Lombardia,044,019,019044,In Corso,ESECUZIONE LAVORI,ASILI NIDO,Esecuzione lavori,0,0,0,2022-12-06,,2026-06-30,2022.0,0,NUOVA REALIZZAZIONE,Nuova realizzazione,840000.0,840000.0,8,7,1,1,7,0,1
H95E22000150006,Puglia,002,110,110002,In Corso,COLLAUDO,ASILI NIDO,Collaudo non concluso,0,1,0,2022-10-28,,2026-06-30,2022.0,0,NUOVA REALIZZAZIONE,Nuova realizzazione,2131200.0,1776000.0,5,3,1,1,5,1,1
H95E22000170006,Umbria,012,054,054012,Concluso,COLLAUDO,ASILI NIDO,Concluso,1,1,1,2023-01-17,2025-11-22,2025-11-22,2023.0,0,NUOVA REALIZZAZIONE,Nuova realizzazione,920000.0,600000.0,6,9,1,1,5,0,1
H95E22000190006,Basilicata,078,076,076078,In Corso,COLLAUDO,SCUOLE MATERNE,Collaudo non concluso,0,1,0,2022-09-26,,2026-06-30,2022.0,0,NUOVA REALIZZAZIONE,Nuova realizzazione,536413.1,536413.1,5,2,1,0,4,2,1
H95E24000060006,Campania,029,061,061029,In Corso,ESECUZIONE LAVORI,ASILI NIDO,Esecuzione lavori,0,0,0,2024-12-09,,2026-09-30,2024.0,0,NUOVA REALIZZAZIONE,Nuova realizzazione,576000.0,576000.0,5,5,1,1,4,0,1
H95E24000080006,Puglia,002,110,110002,In Corso,COLLAUDO,ASILI NIDO,Collaudo non concluso,0,1,0,2024-07-16,,2026-08-31,2024.0,0,NUOVA REALIZZAZIONE,Nuova realizzazione,1440000.0,1440000.0,6,6,1,1,6,1,1
H95E24000090006,Puglia,002,110,110002,In Corso,COLLAUDO,ASILI NIDO,Collaudo non concluso,0,1,0,2024-07-16,,2026-08-31,2024.0,0,NUOVA REALIZZAZIONE,Nuova realizzazione,1440000.0,1440000.0,7,7,1,1,7,1,1
H95E24000100006,Sicilia,033,084,084033,In Corso,Fase non disponibile,ASILI NIDO,Fase non disponibile,0,0,0,,,,,0,NUOVA REALIZZAZIONE,Nuova realizzazione,720000.0,720000.0,0,0,0,0,0,0,1
H95E25000080006,Lazio,110,058,058110,In Corso,ESECUZIONE LAVORI,ASILI NIDO,Esecuzione lavori,0,0,0,2025-04-29,,2026-07-31,2025.0,0,NUOVA REALIZZAZIONE,Nuova realizzazione,480000.0,480000.0,6,6,1,1,5,0,1
H96F22000100006,Veneto,001,026,026001,In Corso,COLLAUDO,ASILI NIDO,Collaudo non concluso,0,1,0,2022-10-26,,2026-06-30,2022.0,0,DEMOLIZIONE,Demolizione/ricostruzione,1300000.0,756500.0,6,6,1,1,5,0,1
H96F22000110006,Calabria,096,080,080096,In Corso,ESECUZIONE LAVORI,ASILI NIDO,Esecuzione lavori,0,0,0,2022-09-08,,2026-06-30,2022.0,0,DEMOLIZIONE,Demolizione/ricostruzione,1185250.0,1077500.0,6,7,1,1,3,0,1
H97G22000010006,Veneto,122,024,024122,In Corso,COLLAUDO,ASILI NIDO,Collaudo non concluso,0,1,0,2022-11-23,,2026-06-30,2022.0,0,RECUPERO,Ristrutturazione/recupero,1220362.8,882148.0,4,4,1,1,3,0,1
H97G22000100006,Emilia-Romagna,030,037,037030,In Corso,ESECUZIONE LAVORI,ASILI NIDO,Esecuzione lavori,0,0,0,2023-02-13,,2026-06-30,2023.0,0,RECUPERO,Ristrutturazione/recupero,2200000.0,1144000.0,8,8,1,1,8,1,1
H98C21000040001,Lombardia,058,012,012058,In Corso,COLLAUDO,ALTRE INFRASTRUTTURE,Collaudo non concluso,0,1,0,2022-11-25,,2026-06-30,2022.0,0,RISTRUTTURAZIONE (PER CAMBIO DI DESTINAZIONE D'USO),Ristrutturazione/recupero,458700.0,417000.0,2,2,1,1,1,0,1
H98E18000190005,Puglia,002,110,110002,In Corso,COLLAUDO,SCUOLE MATERNE,Collaudo non concluso,0,1,0,2021-11-22,,2026-06-30,2021.0,1,NUOVA REALIZZAZIONE,Nuova realizzazione,3504949.44,2150000.0,3,1,1,1,2,1,1
H98H22000040007,Valle d'Aosta,042,007,007042,In Corso,ESECUZIONE LAVORI,SCUOLE MATERNE,Esecuzione lavori,0,0,0,2023-01-18,,2026-06-30,2023.0,0,RISTRUTTURAZIONE (PER CAMBIO DI DESTINAZIONE D'USO),Ristrutturazione/recupero,495317.31,414000.0,2,3,1,1,1,0,1
H98H22000050006,Lazio,110,058,058110,In Corso,ESECUZIONE LAVORI,ASILI NIDO,Esecuzione lavori,0,0,0,2022-12-16,,2026-04-30,2022.0,0,AMPLIAMENTO (COMPRESA SOPRAELEVAZIONE) O POTENZIAMENTO,Ampliamento,1008000.0,1008000.0,4,2,1,1,3,0,1
H98H22000210006,Abruzzo,066,066,066066,In Corso,ESECUZIONE LAVORI,ASILI NIDO,Esecuzione lavori,0,0,0,2023-05-05,,2026-03-31,2023.0,0,RISTRUTTURAZIONE (PER CAMBIO DI DESTINAZIONE D'USO),Ristrutturazione/recupero,300000.0,300000.0,1,0,1,0,1,0,1
H98H24000310006,Umbria,012,054,054012,In Corso,ESECUZIONE LAVORI,ASILI NIDO,Esecuzione lavori,0,0,0,2025-11-20,,2026-12-31,2025.0,0,AMPLIAMENTO (COMPRESA SOPRAELEVAZIONE) O POTENZIAMENTO,Ampliamento,660000.0,480000.0,8,7,1,1,7,0,1
H98H24000330006,Veneto,104,024,024104,In Corso,COLLAUDO,ASILI NIDO,Collaudo non concluso,0,1,0,2024-06-13,,2026-06-30,2024.0,0,AMPLIAMENTO (COMPRESA SOPRAELEVAZIONE) O POTENZIAMENTO,Ampliamento,720000.0,720000.0,4,4,1,1,3,0,1
H98H24000390006,Lazio,110,058,058110,In Corso,COLLAUDO,ASILI NIDO,Collaudo non concluso,0,1,0,2024-12-30,,2026-06-30,2024.0,0,AMPLIAMENTO (COMPRESA SOPRAELEVAZIONE) O POTENZIAMENTO,Ampliamento,400000.0,400000.0,5,5,1,1,4,0,1
H98H25000290006,Piemonte,316,001,001316,In Corso,ESECUZIONE LAVORI,ASILI NIDO,Esecuzione lavori,0,0,0,2025-09-15,,2026-08-31,2025.0,0,AMPLIAMENTO (COMPRESA SOPRAELEVAZIONE) O POTENZIAMENTO,Ampliamento,800000.0,480000.0,2,2,1,1,1,0,1
H98I22000080006,Calabria,082,078,078082,In Corso,COLLAUDO,SCUOLE MATERNE,Collaudo non concluso,0,1,0,2023-03-15,,2025-12-16,2023.0,0,RISTRUTTURAZIONE CON EFFICIENTAMENTO ENERGETICO,Ristrutturazione/recupero,409188.0,400000.0,3,1,1,1,2,0,1
H98I22000110001,Lombardia,098,019,019098,Concluso,COLLAUDO,ASILI NIDO,Concluso,1,1,1,2023-05-11,2024-10-09,2024-10-09,2023.0,0,RISTRUTTURAZIONE CON EFFICIENTAMENTO ENERGETICO,Ristrutturazione/recupero,500000.0,500000.0,3,3,1,1,2,0,1
H99E19001030009,Piemonte,006,003,003006,In Corso,ESECUZIONE LAVORI,"EDIFICI SOCIALI, CULTURALI E ASSISTENZIALI",Esecuzione lavori,0,0,0,2021-05-08,,2026-06-30,2021.0,1,MANUTENZIONE STRAORDINARIA,Altro,2990000.0,2990000.0,4,3,1,1,2,0,1
I11B20001070001,Piemonte,065,001,001065,Concluso,COLLAUDO,ASILI NIDO,Concluso,1,1,1,2022-05-13,2026-02-14,2026-03-31,2022.0,1,NUOVA REALIZZAZIONE,Nuova realizzazione,1450000.0,1050000.0,2,1,1,1,1,0,1
I11B21001920001,Calabria,079,080,080079,In Corso,ESECUZIONE LAVORI,"EDIFICI SOCIALI, CULTURALI E ASSISTENZIALI",Esecuzione lavori,0,0,0,2021-05-05,,2026-06-30,2021.0,1,NUOVA REALIZZAZIONE,Nuova realizzazione,1350000.0,1350000.0,7,8,1,1,4,0,1
I11B21002150005,Marche,043,043,043043,In Corso,ESECUZIONE LAVORI,SCUOLE MATERNE,Esecuzione lavori,0,0,0,2022-01-27,,2026-06-30,2022.0,1,NUOVA REALIZZAZIONE,Nuova realizzazione,3905425.0,2850000.0,8,10,1,1,8,1,1
I11B21002410005,Abruzzo,011,067,067011,In Corso,ESECUZIONE LAVORI,SCUOLE MATERNE,Esecuzione lavori,0,0,0,2022-10-27,,2026-06-30,2022.0,1,NUOVA REALIZZAZIONE,Nuova realizzazione,1680000.0,1300000.0,3,1,1,1,2,0,1
I11B21007440006,Lombardia,018,019,019018,Concluso,COLLAUDO,ASILI NIDO,Concluso,1,1,1,2022-10-20,2025-05-08,2025-12-31,2022.0,0,NUOVA REALIZZAZIONE,Nuova realizzazione,578466.32,460000.0,6,4,1,1,5,0,1
I11B21007620006,Piemonte,218,001,001218,In Corso,COLLAUDO,SCUOLE MATERNE,Collaudo non concluso,0,1,0,2022-11-18,,2025-12-31,2022.0,0,NUOVA REALIZZAZIONE,Nuova realizzazione,799000.0,590000.0,6,8,1,1,5,0,1
I11B21007660006,Lazio,111,058,058111,In Corso,COLLAUDO,ASILI NIDO,Collaudo non concluso,0,1,0,2022-11-15,,2026-06-30,2022.0,0,NUOVA REALIZZAZIONE,Nuova realizzazione,2088240.0,1898400.0,11,13,1,1,7,1,1
I11B22000120006,Friuli-Venezia Giulia,074,030,030074,In Corso,COLLAUDO,SCUOLE MATERNE,Collaudo non concluso,0,1,0,2022-12-13,,2026-06-30,2022.0,0,NUOVA REALIZZAZIONE,Nuova realizzazione,2567994.41,2010450.0,7,11,1,1,6,0,1
I11B22000260006,Puglia,010,075,075010,In Corso,COLLAUDO,ASILI NIDO,Collaudo non concluso,0,1,0,2022-02-18,,2026-02-26,2022.0,0,NUOVA REALIZZAZIONE,Nuova realizzazione,1800000.0,1800000.0,9,13,1,1,7,0,1
I11B22000480001,Campania,042,064,064042,In Corso,COLLAUDO,ASILI NIDO,Collaudo non concluso,0,1,0,2023-06-13,,2026-12-31,2023.0,0,NUOVA REALIZZAZIONE,Nuova realizzazione,1046690.52,951536.84,3,3,1,1,2,0,1
I11B22000540006,Emilia-Romagna,009,039,039009,In Corso,COLLAUDO,ASILI NIDO,Collaudo non concluso,0,1,0,2022-12-21,,2026-06-30,2022.0,0,NUOVA REALIZZAZIONE,Nuova realizzazione,2211719.51,1600385.46,10,12,1,1,10,1,1
I12C20000940001,Campania,039,061,061039,Concluso,COLLAUDO,ALTRE STRUTTURE SOCIALI,Concluso,1,1,1,2021-05-19,2026-04-13,2026-06-30,2021.0,1,MANUTENZIONE STRAORDINARIA DI MIGLIORAMENTO SISMICO,Altro,858603.41,750000.0,4,3,1,1,4,1,1
I13C22000020006,Basilicata,007,076,076007,In Corso,COLLAUDO,ASILI NIDO,Collaudo non concluso,0,1,0,2022-12-29,,2026-06-30,2022.0,0,RISTRUTTURAZIONE CON EFFICIENTAMENTO ENERGETICO,Ristrutturazione/recupero,386900.0,366000.0,4,4,1,1,3,0,1
I13C22000040006,Puglia,073,075,075073,In Corso,COLLAUDO,ASILI NIDO,Collaudo non concluso,0,1,0,2023-03-28,,2026-08-30,2023.0,0,RISTRUTTURAZIONE CON EFFICIENTAMENTO ENERGETICO,Ristrutturazione/recupero,985624.0,985624.0,8,3,1,1,7,0,1
I13C22000050006,Sardegna,065,095,095065,In Corso,ESECUZIONE LAVORI,ASILI NIDO,Esecuzione lavori,0,0,0,2023-03-01,,2026-06-30,2023.0,0,RISTRUTTURAZIONE CON EFFICIENTAMENTO ENERGETICO,Ristrutturazione/recupero,760400.0,760400.0,2,1,1,1,1,0,1
I13C22000280006,Calabria,088,080,080088,Concluso,COLLAUDO,ASILI NIDO,Concluso,1,1,1,2022-06-10,2026-04-29,2026-04-29,2022.0,0,RISTRUTTURAZIONE CON EFFICIENTAMENTO ENERGETICO,Ristrutturazione/recupero,550000.0,500000.0,3,3,1,1,2,0,1
I13C24000220006,Lazio,019,059,059019,In Corso,COLLAUDO/REGOLARE ESECUZIONE,ASILI NIDO,Collaudo non concluso,0,1,0,2025-01-28,,2026-03-31,2025.0,0,RISTRUTTURAZIONE CON EFFICIENTAMENTO ENERGETICO,Ristrutturazione/recupero,1000000.0,1000000.0,1,0,1,1,0,0,1
I13C24000230006,Calabria,088,080,080088,In Corso,ESECUZIONE LAVORI,ASILI NIDO,Esecuzione lavori,0,0,0,2024-04-30,,2026-06-30,2024.0,0,NUOVA REALIZZAZIONE,Nuova realizzazione,864000.0,864000.0,6,5,1,1,5,0,1
I13C24000240006,Sicilia,015,089,089015,In Corso,COLLAUDO,ASILI NIDO,Collaudo non concluso,0,1,0,2024-06-13,,2026-06-30,2024.0,0,RISTRUTTURAZIONE CON EFFICIENTAMENTO ENERGETICO,Ristrutturazione/recupero,480000.0,480000.0,5,6,1,1,4,0,1
I13D22000140001,Lombardia,067,017,017067,Concluso,COLLAUDO,ASILI NIDO,Concluso,1,1,1,2022-11-22,2024-10-04,2024-10-31,2022.0,0,RECUPERO,Ristrutturazione/recupero,689000.0,689000.0,5,6,1,1,4,0,1
I15E22000120006,Abruzzo,011,067,067011,In Corso,COLLAUDO,ASILI NIDO,Collaudo non concluso,0,1,0,2022-11-24,,2026-06-30,2022.0,0,NUOVA REALIZZAZIONE,Nuova realizzazione,1970191.51,1495560.0,3,1,1,1,2,0,1
I15E22000180006,Sicilia,063,083,083063,In Corso,COLLAUDO,ASILI NIDO,Collaudo non concluso,0,1,0,2021-12-02,,2026-05-31,2021.0,0,NUOVA REALIZZAZIONE,Nuova realizzazione,648000.0,648000.0,2,1,1,1,1,0,1
I15E22000230006,Basilicata,014,077,077014,In Corso,ESECUZIONE LAVORI,ASILI NIDO,Esecuzione lavori,0,0,0,2022-10-21,,2026-06-30,2022.0,0,NUOVA REALIZZAZIONE,Nuova realizzazione,1123200.0,1040000.0,5,5,1,1,4,0,1
I15E22000350006,Basilicata,014,077,077014,In Corso,ESECUZIONE LAVORI,ASILI NIDO,Esecuzione lavori,0,0,0,2022-10-21,,2026-06-30,2022.0,0,NUOVA REALIZZAZIONE,Nuova realizzazione,1096200.0,1015000.0,3,3,1,1,2,0,1
I15E22000360006,Basilicata,014,077,077014,In Corso,ESECUZIONE LAVORI,ASILI NIDO,Esecuzione lavori,0,0,0,2022-10-21,,2026-06-30,2022.0,0,NUOVA REALIZZAZIONE,Nuova realizzazione,1031400.0,955000.0,4,4,1,1,3,0,1
I15E22000380006,Emilia-Romagna,040,037,037040,In Corso,COLLAUDO,ASILI NIDO,Collaudo non concluso,0,1,0,2022-10-26,,2026-06-30,2022.0,0,NUOVA REALIZZAZIONE,Nuova realizzazione,985000.0,670000.0,5,5,1,1,5,1,1
I15E22000390006,Marche,023,044,044023,In Corso,ESECUZIONE LAVORI,ASILI NIDO,Esecuzione lavori,0,0,0,2023-03-03,,2026-06-30,2023.0,0,NUOVA REALIZZAZIONE,Nuova realizzazione,1267200.0,1152000.0,8,6,1,1,6,0,1
I15E22000400006,Sardegna,065,095,095065,In Corso,ESECUZIONE LAVORI,ASILI NIDO,Esecuzione lavori,0,0,0,2023-03-01,,2026-06-30,2023.0,0,NUOVA REALIZZAZIONE,Nuova realizzazione,710000.0,710000.0,2,1,1,1,1,0,1
I15E24000050006,Puglia,027,071,071027,In Corso,ESECUZIONE LAVORI,ASILI NIDO,Esecuzione lavori,0,0,0,2024-10-04,,2026-08-30,2024.0,0,NUOVA REALIZZAZIONE,Nuova realizzazione,702000.0,672000.0,4,4,1,1,3,0,1
I15E24000060006,Campania,006,064,064006,In Corso,ESECUZIONE LAVORI,ASILI NIDO,Esecuzione lavori,0,0,0,2024-10-01,,2026-06-30,2024.0,0,NUOVA REALIZZAZIONE,Nuova realizzazione,864000.0,864000.0,3,3,1,1,2,0,1
I15E24000070006,Lazio,111,058,058111,In Corso,ESECUZIONE LAVORI,ASILI NIDO,Esecuzione lavori,0,0,0,2024-08-19,,2026-06-30,2024.0,0,NUOVA REALIZZAZIONE,Nuova realizzazione,1080000.0,1080000.0,10,10,1,1,8,0,1
I15E24000080006,Lazio,111,058,058111,In Corso,ESECUZIONE LAVORI,ASILI NIDO,Esecuzione lavori,0,0,0,2024-08-19,,2026-06-30,2024.0,0,NUOVA REALIZZAZIONE,Nuova realizzazione,1080000.0,1080000.0,9,10,1,1,8,0,1
I15E24000100006,Veneto,080,023,023080,In Corso,ESECUZIONE LAVORI,ASILI NIDO,Esecuzione lavori,0,0,0,2025-07-29,,2026-12-31,2025.0,0,NUOVA REALIZZAZIONE,Nuova realizzazione,240000.0,168000.0,2,1,1,0,2,0,1
I15E24000310006,Lombardia,040,017,017040,In Corso,COLLAUDO,ASILI NIDO,Collaudo non concluso,0,1,0,2025-06-24,,2026-06-30,2025.0,0,NUOVA REALIZZAZIONE,Nuova realizzazione,580000.0,480000.0,7,7,1,1,6,0,1
I15E25000020006,Basilicata,079,076,076079,In Corso,COLLAUDO,ASILI NIDO,Collaudo non concluso,0,1,0,2025-09-11,,2026-12-31,2025.0,0,NUOVA REALIZZAZIONE,Nuova realizzazione,312000.0,312000.0,4,4,1,1,3,0,1
I15E25000030006,Basilicata,034,076,076034,In Corso,ESECUZIONE LAVORI,ASILI NIDO,Esecuzione lavori,0,0,0,2025-08-11,,2026-08-31,2025.0,0,NUOVA REALIZZAZIONE,Nuova realizzazione,480000.0,480000.0,5,5,1,1,4,0,1
I15E25000040006,Calabria,083,078,078083,In Corso,ESECUZIONE LAVORI,ASILI NIDO,Esecuzione lavori,0,0,0,2025-05-23,,2026-06-30,2025.0,0,NUOVA REALIZZAZIONE,Nuova realizzazione,576000.0,576000.0,5,5,1,1,4,0,1
I15E25000050006,Emilia-Romagna,016,040,040016,In Corso,ESECUZIONE LAVORI,ASILI NIDO,Esecuzione lavori,0,0,0,2025-04-01,,2026-12-31,2025.0,0,NUOVA REALIZZAZIONE,Nuova realizzazione,480000.0,480000.0,6,7,1,1,5,0,1
I15E25000070006,Sicilia,003,086,086003,In Corso,Fase non disponibile,ASILI NIDO,Fase non disponibile,0,0,0,,,,,0,NUOVA REALIZZAZIONE,Nuova realizzazione,480000.0,480000.0,0,0,0,0,0,0,1
I16F22000000006,Sicilia,054,083,083054,In Corso,ESECUZIONE LAVORI,SCUOLE MATERNE,Esecuzione lavori,0,0,0,2022-10-26,,2026-06-30,2022.0,0,DEMOLIZIONE,Demolizione/ricostruzione,1500000.0,1500000.0,6,6,1,1,5,0,1
I16F22000020006,Lazio,057,058,058057,In Corso,ESECUZIONE LAVORI,ASILI NIDO,Esecuzione lavori,0,0,0,2022-11-09,,2026-06-30,2022.0,0,DEMOLIZIONE,Demolizione/ricostruzione,1782000.0,1040000.0,8,5,1,1,8,1,1
I16G21000880005,Lombardia,018,019,019018,Concluso,COLLAUDO,SCUOLE MATERNE,Concluso,1,1,1,2022-10-07,2025-01-28,2025-12-31,2022.0,1,AMMODERNAMENTO TECNOLOGICO E LABORATORIALE,Altro,105881.79,85000.0,2,1,1,1,2,0,1
I17G22000110006,Veneto,035,023,023035,In Corso,ESECUZIONE LAVORI,ASILI NIDO,Esecuzione lavori,0,0,0,2023-03-03,,2026-06-30,2023.0,1,RECUPERO,Ristrutturazione/recupero,1045000.0,950000.0,7,6,1,1,7,1,1
I18H22000120006,Lombardia,044,015,015044,Concluso,COLLAUDO,ASILI NIDO,Concluso,1,1,1,2022-10-26,2025-06-04,2025-06-04,2022.0,0,AMPLIAMENTO (COMPRESA SOPRAELEVAZIONE) O POTENZIAMENTO,Ampliamento,351825.44,292800.0,3,2,1,1,2,0,1
I18H22000350006,Calabria,061,080,080061,In Corso,ESECUZIONE LAVORI,ASILI NIDO,Esecuzione lavori,0,0,0,2023-02-08,,2026-06-30,2023.0,0,RISTRUTTURAZIONE (PER CAMBIO DI DESTINAZIONE D'USO),Ristrutturazione/recupero,635700.0,635700.0,4,3,1,1,3,0,1
I18H22000360006,Toscana,031,050,050031,In Corso,COLLAUDO,ASILI NIDO,Collaudo non concluso,0,1,0,2022-12-23,,2026-06-30,2022.0,0,AMPLIAMENTO (COMPRESA SOPRAELEVAZIONE) O POTENZIAMENTO,Ampliamento,1038000.0,758000.0,11,7,1,1,10,0,1
I18H22000370006,Piemonte,029,001,001029,Concluso,COLLAUDO,ASILI NIDO,Concluso,1,1,1,2022-03-20,2025-11-21,2025-12-31,2022.0,0,AMPLIAMENTO (COMPRESA SOPRAELEVAZIONE) O POTENZIAMENTO,Ampliamento,168740.0,153400.0,5,5,1,1,5,1,1
I18H24000110006,Calabria,061,080,080061,In Corso,ESECUZIONE LAVORI,ASILI NIDO,Esecuzione lavori,0,0,0,2024-04-30,,2026-06-30,2024.0,0,RISTRUTTURAZIONE (PER CAMBIO DI DESTINAZIONE D'USO),Ristrutturazione/recupero,576000.0,576000.0,1,1,1,1,0,0,1
I18H24000150006,Sicilia,003,086,086003,In Corso,ESECUZIONE LAVORI,ASILI NIDO,Esecuzione lavori,0,0,0,,,,,0,RISTRUTTURAZIONE (PER CAMBIO DI DESTINAZIONE D'USO),Ristrutturazione/recupero,400000.0,400000.0,3,2,1,1,2,0,1
I18H24000160001,Emilia-Romagna,010,034,034010,In Corso,COLLAUDO,ASILI NIDO,Collaudo non concluso,0,1,0,2024-05-29,,2026-06-30,2024.0,0,AMPLIAMENTO (COMPRESA SOPRAELEVAZIONE) O POTENZIAMENTO,Ampliamento,1146000.0,576000.0,11,10,1,1,10,0,1
I18H25000120006,Marche,038,041,041038,In Corso,COLLAUDO,ASILI NIDO,Collaudo non concluso,0,1,0,2025-08-01,,2026-06-30,2025.0,0,RISTRUTTURAZIONE (PER CAMBIO DI DESTINAZIONE D'USO),Ristrutturazione/recupero,685000.0,400000.0,1,1,1,1,0,0,1
I18H25000130006,Calabria,088,080,080088,In Corso,ESECUZIONE LAVORI,ASILI NIDO,Esecuzione lavori,0,0,0,2025-03-17,,2026-06-30,2025.0,0,AMPLIAMENTO (COMPRESA SOPRAELEVAZIONE) O POTENZIAMENTO,Ampliamento,288000.0,288000.0,2,2,1,1,1,0,1
I18H25000160006,Sicilia,072,083,083072,In Corso,ESECUZIONE LAVORI,ASILI NIDO,Esecuzione lavori,0,0,0,2025-04-03,,2026-09-30,2025.0,0,AMPLIAMENTO (COMPRESA SOPRAELEVAZIONE) O POTENZIAMENTO,Ampliamento,576000.0,576000.0,2,1,1,1,1,0,1
I18H25000170006,Abruzzo,011,067,067011,In Corso,COLLAUDO,ASILI NIDO,Collaudo non concluso,0,1,0,2025-08-29,,2026-06-30,2025.0,0,RISTRUTTURAZIONE (PER CAMBIO DI DESTINAZIONE D'USO),Ristrutturazione/recupero,1080000.0,1080000.0,3,4,1,1,2,0,1
I18I21000910006,Friuli-Venezia Giulia,101,030,030101,In Corso,ESECUZIONE LAVORI,SCUOLE MATERNE,Esecuzione lavori,0,0,0,2022-10-26,,2026-06-30,2022.0,0,RISTRUTTURAZIONE CON EFFICIENTAMENTO ENERGETICO,Ristrutturazione/recupero,2793874.79,1400000.0,9,9,1,1,9,1,1
I18I22000120006,Basilicata,014,077,077014,In Corso,COLLAUDO,SCUOLE MATERNE,Collaudo non concluso,0,1,0,2022-10-21,,2026-06-30,2022.0,0,RISTRUTTURAZIONE CON EFFICIENTAMENTO ENERGETICO,Ristrutturazione/recupero,789480.0,731000.0,2,2,1,1,1,0,1
I21B21001140001,Abruzzo,077,066,066077,In Corso,ESECUZIONE LAVORI,ASILI NIDO,Esecuzione lavori,0,0,0,2022-10-07,,2026-06-30,2022.0,1,NUOVA REALIZZAZIONE,Nuova realizzazione,1385846.0,1259860.0,8,8,1,1,7,0,1
I21B22000010006,Umbria,023,054,054023,In Corso,COLLAUDO,ASILI NIDO,Collaudo non concluso,0,1,0,2022-01-13,,2026-06-30,2022.0,0,NUOVA REALIZZAZIONE,Nuova realizzazione,1300000.0,1300000.0,5,4,1,1,4,0,1
I21B22000400006,Puglia,008,072,072008,In Corso,COLLAUDO,ASILI NIDO,Collaudo non concluso,0,1,0,2022-12-13,,2026-06-30,2022.0,0,NUOVA REALIZZAZIONE,Nuova realizzazione,877910.0,798100.0,5,3,1,1,4,0,1
I22C21000200001,Puglia,004,110,110004,In Corso,ESECUZIONE LAVORI,SCUOLE MATERNE,Esecuzione lavori,0,0,0,2023-04-19,,2027-01-11,2023.0,1,MANUTENZIONE STRAORDINARIA DI MIGLIORAMENTO SISMICO,Altro,3919589.74,3000000.0,1,1,1,1,0,0,1
I22C22000100006,Marche,066,041,041066,In Corso,COLLAUDO,ASILI NIDO,Collaudo non concluso,0,1,0,2023-01-24,,2026-06-30,2023.0,0,DEMOLIZIONE,Demolizione/ricostruzione,2035000.0,1850000.0,7,7,1,1,6,0,1
I22C22000130009,Campania,074,062,062074,In Corso,ESECUZIONE LAVORI,SCUOLE MATERNE,Esecuzione lavori,0,0,0,2023-05-05,,2026-08-31,2023.0,0,DEMOLIZIONE,Demolizione/ricostruzione,3575000.0,3575000.0,9,9,1,1,7,0,1
I23C22000000006,Abruzzo,008,069,069008,Concluso,COLLAUDO,ASILI NIDO,Concluso,1,1,1,2022-12-27,2024-08-26,2025-12-31,2022.0,0,RISTRUTTURAZIONE CON EFFICIENTAMENTO ENERGETICO,Ristrutturazione/recupero,253000.0,253000.0,2,3,1,1,1,0,1
I23C22000010006,Toscana,010,052,052010,In Corso,COLLAUDO,ASILI NIDO,Collaudo non concluso,0,1,0,2022-11-15,,2026-03-31,2022.0,0,RISTRUTTURAZIONE CON EFFICIENTAMENTO ENERGETICO,Ristrutturazione/recupero,515000.27,443657.78,1,1,1,1,0,0,1
I23C22000410006,Campania,043,064,064043,Concluso,COLLAUDO,SCUOLE MATERNE,Concluso,1,1,1,2022-10-31,2025-10-03,2025-10-03,2022.0,0,RISTRUTTURAZIONE CON EFFICIENTAMENTO ENERGETICO,Ristrutturazione/recupero,629100.0,481000.0,4,3,1,1,3,0,1
I23C25000070006,Campania,029,062,062029,In Corso,ESECUZIONE LAVORI,ASILI NIDO,Esecuzione lavori,0,0,0,2025-03-17,,2026-08-31,2025.0,0,RISTRUTTURAZIONE CON EFFICIENTAMENTO ENERGETICO,Ristrutturazione/recupero,480000.0,480000.0,1,1,1,0,1,0,1
I24E21001430001,Campania,074,062,062074,In Corso,ESECUZIONE LAVORI,"EDIFICI SOCIALI, CULTURALI E ASSISTENZIALI",Esecuzione lavori,0,0,0,2022-09-27,,2026-08-31,2022.0,1,RISTRUTTURAZIONE (PER CAMBIO DI DESTINAZIONE D'USO),Ristrutturazione/recupero,2750715.71,2750715.71,5,5,1,1,3,0,1
I24E22000610006,Valle d'Aosta,044,007,007044,Concluso,COLLAUDO,ASILI NIDO,Concluso,1,1,1,2023-02-06,2025-02-27,2026-06-30,2023.0,0,AMPLIAMENTO (COMPRESA SOPRAELEVAZIONE) O POTENZIAMENTO,Ampliamento,999006.46,649810.0,3,4,1,1,2,0,1
I24E22000620006,Molise,041,070,070041,In Corso,COLLAUDO,ASILI NIDO,Collaudo non concluso,0,1,0,2022-11-24,,2026-06-30,2022.0,0,NUOVA REALIZZAZIONE,Nuova realizzazione,358000.0,358000.0,4,4,1,1,3,0,1
I25E22000010006,Puglia,020,075,075020,In Corso,ESECUZIONE LAVORI,SCUOLE MATERNE,Esecuzione lavori,0,0,0,2022-02-11,,2026-06-30,2022.0,0,NUOVA REALIZZAZIONE,Nuova realizzazione,3357719.5,3357719.5,6,6,1,1,4,0,1
I25E22000040006,Calabria,118,079,079118,In Corso,COLLAUDO,ASILI NIDO,Collaudo non concluso,0,1,0,2022-10-26,,2026-05-30,2022.0,0,NUOVA REALIZZAZIONE,Nuova realizzazione,797657.28,797657.28,5,5,1,1,4,0,1
I25E22000050006,Piemonte,210,001,001210,In Corso,COLLAUDO,ASILI NIDO,Collaudo non concluso,0,1,0,2022-11-14,,2026-06-30,2022.0,0,NUOVA REALIZZAZIONE,Nuova realizzazione,941712.94,505000.0,6,5,1,1,5,0,1
I25E22000080006,Lombardia,113,017,017113,In Corso,COLLAUDO,ASILI NIDO,Collaudo non concluso,0,1,0,2022-11-08,,2026-06-30,2022.0,0,NUOVA REALIZZAZIONE,Nuova realizzazione,1521228.3,1043199.06,8,9,1,1,8,1,1
I25E22000190007,Calabria,073,079,079073,In Corso,ESECUZIONE LAVORI,ASILI NIDO,Esecuzione lavori,0,0,0,2023-04-27,,2026-11-27,2023.0,0,NUOVA REALIZZAZIONE,Nuova realizzazione,1380000.0,1380000.0,5,3,1,1,4,0,1
I25E22000200006,Puglia,083,075,075083,In Corso,COLLAUDO,ASILI NIDO,Collaudo non concluso,0,1,0,2023-03-15,,2025-12-31,2023.0,0,NUOVA REALIZZAZIONE,Nuova realizzazione,1500000.0,1500000.0,2,2,1,1,0,0,1
I25E22000210006,Sardegna,058,090,090058,In Corso,ESECUZIONE LAVORI,ASILI NIDO,Esecuzione lavori,0,0,0,2022-09-08,,2026-06-30,2022.0,0,NUOVA REALIZZAZIONE,Nuova realizzazione,2616000.0,2040000.0,8,10,1,1,7,0,1
I25E24000000006,Marche,030,041,041030,In Corso,ESECUZIONE LAVORI,ASILI NIDO,Esecuzione lavori,0,0,0,2024-09-05,,2026-08-31,2024.0,0,NUOVA REALIZZAZIONE,Nuova realizzazione,929315.09,576000.0,8,8,1,1,7,0,1
I25E24000010006,Lazio,054,060,060054,In Corso,COLLAUDO/REGOLARE ESECUZIONE,ASILI NIDO,Collaudo non concluso,0,1,0,2024-09-05,,2026-06-30,2024.0,0,NUOVA REALIZZAZIONE,Nuova realizzazione,576000.0,576000.0,8,8,1,1,7,0,1
I25E24000020006,Calabria,027,102,102027,In Corso,ESECUZIONE LAVORI,ASILI NIDO,Esecuzione lavori,0,0,0,2024-11-14,,2026-08-31,2024.0,0,NUOVA REALIZZAZIONE,Nuova realizzazione,1440000.0,1440000.0,4,3,1,1,3,0,1
I25E25000020006,Campania,106,064,064106,In Corso,ESECUZIONE LAVORI,ASILI NIDO,Esecuzione lavori,0,0,0,2025-08-03,,2026-12-31,2025.0,0,NUOVA REALIZZAZIONE,Nuova realizzazione,480000.0,480000.0,5,5,1,1,4,0,1
I28H22000010006,Abruzzo,077,066,066077,In Corso,ESECUZIONE LAVORI,ASILI NIDO,Esecuzione lavori,0,0,0,2022-10-20,,2026-06-30,2022.0,0,RISTRUTTURAZIONE (PER CAMBIO DI DESTINAZIONE D'USO),Ristrutturazione/recupero,793650.0,721500.0,4,4,1,1,3,0,1
I28H24000140006,Puglia,020,075,075020,In Corso,ESECUZIONE LAVORI,ASILI NIDO,Esecuzione lavori,0,0,0,,,,,0,AMPLIAMENTO (COMPRESA SOPRAELEVAZIONE) O POTENZIAMENTO,Ampliamento,1008000.0,1008000.0,2,1,1,1,0,0,1
I28H24000150001,Veneto,057,026,026057,In Corso,ESECUZIONE LAVORI,ASILI NIDO,Esecuzione lavori,0,0,0,2024-09-26,,2026-07-15,2024.0,0,RISTRUTTURAZIONE (PER CAMBIO DI DESTINAZIONE D'USO),Ristrutturazione/recupero,1700000.0,864000.0,3,3,1,1,2,0,1
I28H25000120006,Calabria,011,101,101011,In Corso,COLLAUDO,ASILI NIDO,Collaudo non concluso,0,1,0,,,,,0,RISTRUTTURAZIONE (PER CAMBIO DI DESTINAZIONE D'USO),Ristrutturazione/recupero,480000.0,480000.0,2,2,1,1,1,0,1
I28H25000130006,Basilicata,044,076,076044,In Corso,ESECUZIONE LAVORI,ASILI NIDO,Esecuzione lavori,0,0,0,2025-08-02,,2026-06-30,2025.0,0,RISTRUTTURAZIONE (PER CAMBIO DI DESTINAZIONE D'USO),Ristrutturazione/recupero,400000.0,400000.0,3,3,1,1,2,0,1
I28H25000140006,Campania,074,062,062074,In Corso,ESECUZIONE LAVORI,ASILI NIDO,Esecuzione lavori,0,0,0,2025-08-02,,2026-12-31,2025.0,0,AMPLIAMENTO (COMPRESA SOPRAELEVAZIONE) O POTENZIAMENTO,Ampliamento,720000.0,720000.0,1,1,1,1,0,0,1
I28H25000150006,Calabria,044,080,080044,In Corso,ESECUZIONE LAVORI,ASILI NIDO,Esecuzione lavori,0,0,0,2025-08-21,,2026-06-30,2025.0,0,RISTRUTTURAZIONE (PER CAMBIO DI DESTINAZIONE D'USO),Ristrutturazione/recupero,480000.0,480000.0,5,5,1,1,4,0,1
I31B21002000005,Abruzzo,072,069,069072,In Corso,ESECUZIONE LAVORI,"EDIFICI SOCIALI, CULTURALI E ASSISTENZIALI",Esecuzione lavori,0,0,0,2021-05-18,,2026-08-31,2021.0,1,NUOVA REALIZZAZIONE,Nuova realizzazione,1727000.0,1570000.0,4,4,1,1,3,0,1
I31B22000590006,Campania,037,063,063037,In Corso,ESECUZIONE LAVORI,SCUOLE MATERNE,Esecuzione lavori,0,0,0,2022-10-14,,2026-07-31,2022.0,0,NUOVA REALIZZAZIONE,Nuova realizzazione,2156880.0,1960800.0,8,7,1,1,8,1,1
I31B22000600006,Campania,010,063,063010,In Corso,COLLAUDO,ASILI NIDO,Collaudo non concluso,0,1,0,2022-09-08,,2026-06-30,2022.0,0,NUOVA REALIZZAZIONE,Nuova realizzazione,1441366.74,1310333.4,4,4,1,1,3,1,1
I31B22000670001,Toscana,018,053,053018,In Corso,COLLAUDO,ASILI NIDO,Collaudo non concluso,0,1,0,2022-09-08,,2026-06-30,2022.0,0,NUOVA REALIZZAZIONE,Nuova realizzazione,1945000.0,1050000.0,1,1,1,1,0,0,1
I31B22000700006,Calabria,056,079,079056,In Corso,COLLAUDO,ASILI NIDO,Collaudo non concluso,0,1,0,2022-12-01,,2026-06-30,2022.0,0,NUOVA REALIZZAZIONE,Nuova realizzazione,720000.0,720000.0,5,5,1,1,4,0,1
I31B22000730001,Lazio,018,056,056018,In Corso,ESECUZIONE LAVORI,ASILI NIDO,Esecuzione lavori,0,0,0,2023-05-11,,2026-06-30,2023.0,0,NUOVA REALIZZAZIONE,Nuova realizzazione,756357.5,756357.5,7,2,1,1,6,0,1
I32C22000190006,Campania,086,061,061086,In Corso,COLLAUDO,ASILI NIDO,Collaudo non concluso,0,1,0,2022-12-14,,2026-06-30,2022.0,0,DEMOLIZIONE,Demolizione/ricostruzione,668753.63,668753.63,3,2,1,1,2,0,1
I33C22000000006,Sardegna,098,111,111098,Concluso,COLLAUDO,SCUOLE MATERNE,Concluso,1,1,1,2023-06-07,2024-09-23,2023-11-30,2023.0,0,RISTRUTTURAZIONE CON EFFICIENTAMENTO ENERGETICO,Ristrutturazione/recupero,112500.0,112500.0,2,2,1,1,2,0,1
I33C22000030006,Abruzzo,096,066,066096,In Corso,COLLAUDO,ASILI NIDO,Collaudo non concluso,0,1,0,2023-04-01,,2026-06-30,2023.0,0,RISTRUTTURAZIONE CON EFFICIENTAMENTO ENERGETICO,Ristrutturazione/recupero,1367004.42,1334400.0,4,2,1,1,3,0,1
I33C22000090006,Campania,107,064,064107,In Corso,ESECUZIONE LAVORI,ASILI NIDO,Esecuzione lavori,0,0,0,2022-12-14,,2026-12-31,2022.0,0,RISTRUTTURAZIONE CON EFFICIENTAMENTO ENERGETICO,Ristrutturazione/recupero,1180000.0,1180000.0,1,1,1,1,0,0,1
I33C22000100006,Sicilia,014,086,086014,Concluso,COLLAUDO,ASILI NIDO,Concluso,1,1,1,2022-11-22,2024-07-03,2024-07-03,2022.0,0,RISTRUTTURAZIONE CON EFFICIENTAMENTO ENERGETICO,Ristrutturazione/recupero,100000.0,100000.0,2,2,1,1,1,0,1
I33C22000340006,Toscana,033,050,050033,Concluso,COLLAUDO,ASILI NIDO,Concluso,1,1,1,2022-11-17,2025-07-03,2025-07-07,2022.0,0,RISTRUTTURAZIONE CON EFFICIENTAMENTO ENERGETICO,Ristrutturazione/recupero,722093.13,649299.26,9,9,1,1,8,0,1
I33C24000900006,Sicilia,083,083,083083,In Corso,ESECUZIONE LAVORI,ASILI NIDO,Esecuzione lavori,0,0,0,2025-02-11,,2026-06-30,2025.0,0,RISTRUTTURAZIONE CON EFFICIENTAMENTO ENERGETICO,Ristrutturazione/recupero,260000.0,260000.0,1,1,1,1,0,0,1
I33C25000740006,Emilia-Romagna,033,037,037033,In Corso,Fase non disponibile,ASILI NIDO,Fase non disponibile,0,0,0,,,,,0,RISTRUTTURAZIONE CON EFFICIENTAMENTO ENERGETICO,Ristrutturazione/recupero,1440000.0,1440000.0,0,0,0,0,0,0,1
I34E21001890001,Campania,051,065,065051,In Corso,COLLAUDO,"EDIFICI SOCIALI, CULTURALI E ASSISTENZIALI",Collaudo non concluso,0,1,0,2021-01-04,,2026-06-30,2021.0,1,RISTRUTTURAZIONE (PER CAMBIO DI DESTINAZIONE D'USO),Ristrutturazione/recupero,3300000.0,3000000.0,10,8,1,1,8,0,1
I34E21002120001,Campania,037,063,063037,In Corso,COLLAUDO,SCUOLE MATERNE,Collaudo non concluso,0,1,0,2021-12-02,,2026-06-30,2021.0,1,AMPLIAMENTO (COMPRESA SOPRAELEVAZIONE) O POTENZIAMENTO,Ampliamento,3454898.39,2968559.86,7,6,1,1,7,1,1
I34E22000140006,Campania,037,063,063037,In Corso,COLLAUDO,SCUOLE MATERNE,Collaudo non concluso,0,1,0,2022-09-08,,2026-06-30,2022.0,0,AMPLIAMENTO (COMPRESA SOPRAELEVAZIONE) O POTENZIAMENTO,Ampliamento,1363076.0,1239160.0,6,5,1,1,6,1,1
I35E21000070006,Calabria,137,079,079137,In Corso,ESECUZIONE LAVORI,ASILI NIDO,Esecuzione lavori,0,0,0,2022-10-26,,2026-06-19,2022.0,0,NUOVA REALIZZAZIONE,Nuova realizzazione,669600.0,669600.0,7,5,1,1,6,0,1
I35E21000090006,Lazio,046,060,060046,In Corso,COLLAUDO,ASILI NIDO,Collaudo non concluso,0,1,0,2022-10-14,,2026-06-30,2022.0,0,NUOVA REALIZZAZIONE,Nuova realizzazione,1150000.0,1150000.0,8,8,1,1,6,0,1
I35E22000010006,Abruzzo,099,069,069099,In Corso,ESECUZIONE LAVORI,SCUOLE MATERNE,Esecuzione lavori,0,0,0,2022-10-26,,2026-06-30,2022.0,0,NUOVA REALIZZAZIONE,Nuova realizzazione,2123000.0,1930000.0,8,3,1,1,7,0,1
I35E22000020006,Lazio,050,058,058050,In Corso,COLLAUDO,ASILI NIDO,Collaudo non concluso,0,1,0,2022-10-24,,2026-04-30,2022.0,0,NUOVA REALIZZAZIONE,Nuova realizzazione,1237380.0,868700.0,2,2,1,1,1,0,1
I35E22000110006,Piemonte,097,004,004097,In Corso,COLLAUDO,ASILI NIDO,Collaudo non concluso,0,1,0,2022-10-26,,2026-06-30,2022.0,0,NUOVA REALIZZAZIONE,Nuova realizzazione,360000.0,360000.0,10,12,1,1,9,0,1
I35E22000170006,Calabria,049,078,078049,In Corso,COLLAUDO,SCUOLE MATERNE,Collaudo non concluso,0,1,0,2022-11-15,,2026-06-30,2022.0,0,NUOVA REALIZZAZIONE,Nuova realizzazione,1206900.0,1206900.0,7,3,1,1,6,0,1
I35E22000190006,Umbria,006,054,054006,In Corso,ESECUZIONE LAVORI,SCUOLE MATERNE,Esecuzione lavori,0,0,0,2022-09-08,,2026-06-30,2022.0,0,NUOVA REALIZZAZIONE,Nuova realizzazione,1720000.0,1720000.0,5,6,1,1,4,0,1
I35E22000200006,Sicilia,004,082,082004,In Corso,ESECUZIONE LAVORI,SCUOLE MATERNE,Esecuzione lavori,0,0,0,2022-09-08,,2026-08-31,2022.0,0,NUOVA REALIZZAZIONE,Nuova realizzazione,1440899.4,1216672.0,5,5,1,1,4,0,1
I35E22000220006,Sicilia,004,082,082004,In Corso,ESECUZIONE LAVORI,ASILI NIDO,Esecuzione lavori,0,0,0,2022-09-08,,2026-08-31,2022.0,0,NUOVA REALIZZAZIONE,Nuova realizzazione,2442450.4,2139002.0,6,5,1,1,5,0,1
I35E22000250006,Calabria,049,078,078049,In Corso,ESECUZIONE LAVORI,ASILI NIDO,Esecuzione lavori,0,0,0,2022-02-23,,2026-06-30,2022.0,0,NUOVA REALIZZAZIONE,Nuova realizzazione,1656000.0,1656000.0,7,5,1,1,6,0,1
I35E22000330006,Lazio,019,060,060019,Concluso,COLLAUDO,ASILI NIDO,Concluso,1,1,1,2022-11-21,2025-05-26,2026-03-31,2022.0,0,NUOVA REALIZZAZIONE,Nuova realizzazione,1270000.0,1150000.0,7,6,1,1,5,0,1
I35E22000360006,Lazio,010,060,060010,In Corso,COLLAUDO,ASILI NIDO,Collaudo non concluso,0,1,0,2023-11-30,,2026-06-30,2023.0,0,NUOVA REALIZZAZIONE,Nuova realizzazione,1771632.0,1476360.0,13,2,1,1,12,0,1
I35E22000390006,Molise,051,070,070051,In Corso,ESECUZIONE LAVORI,SCUOLE MATERNE,Esecuzione lavori,0,0,0,2023-06-26,,2025-12-31,2023.0,0,NUOVA REALIZZAZIONE,Nuova realizzazione,1260000.0,1260000.0,4,6,1,1,3,0,1
I35E24000080006,Sicilia,049,082,082049,In Corso,STIPULA CONTRATTO,ASILI NIDO,Prima dell'esecuzione,0,0,0,2024-09-01,,2028-06-30,2024.0,0,NUOVA REALIZZAZIONE,Nuova realizzazione,3802721.86,1632000.0,2,2,1,0,2,0,1
I35E24000090006,Sicilia,030,087,087030,In Corso,COLLAUDO,ASILI NIDO,Collaudo non concluso,0,1,0,2024-09-04,,2026-06-30,2024.0,0,NUOVA REALIZZAZIONE,Nuova realizzazione,1008000.0,1008000.0,3,3,1,1,2,0,1
I35E24000100006,Lazio,046,060,060046,In Corso,COLLAUDO/REGOLARE ESECUZIONE,ASILI NIDO,Collaudo non concluso,0,1,0,,,2026-06-30,,0,NUOVA REALIZZAZIONE,Nuova realizzazione,480000.0,480000.0,2,1,1,1,1,0,1
I35E24000120006,Piemonte,003,006,006003,In Corso,ESECUZIONE LAVORI,ASILI NIDO,Esecuzione lavori,0,0,0,2024-08-06,,2026-12-31,2024.0,0,NUOVA REALIZZAZIONE,Nuova realizzazione,3276250.0,2592000.0,4,4,1,1,3,0,1
I35E24000130006,Campania,010,063,063010,In Corso,COLLAUDO,ASILI NIDO,Collaudo non concluso,0,1,0,2024-09-05,,2026-06-30,2024.0,0,NUOVA REALIZZAZIONE,Nuova realizzazione,1008000.0,1008000.0,5,6,1,1,5,1,1
I35E24000140006,Calabria,103,078,078103,In Corso,ESECUZIONE LAVORI,ASILI NIDO,Esecuzione lavori,0,0,0,2024-05-24,,2026-06-30,2024.0,0,NUOVA REALIZZAZIONE,Nuova realizzazione,576000.0,576000.0,1,1,1,0,0,0,1
I35E24000150006,Abruzzo,072,069,069072,In Corso,ESECUZIONE LAVORI,ASILI NIDO,Esecuzione lavori,0,0,0,2024-10-03,,2026-08-31,2024.0,0,NUOVA REALIZZAZIONE,Nuova realizzazione,570663.48,480000.0,5,5,1,1,4,0,1
I35E24000170001,Campania,037,063,063037,In Corso,COLLAUDO,ASILI NIDO,Collaudo non concluso,0,1,0,2024-06-13,,2026-05-29,2024.0,0,NUOVA REALIZZAZIONE,Nuova realizzazione,1050000.0,600000.0,3,3,1,1,2,0,1
I35E24000180006,Marche,054,043,043054,In Corso,COLLAUDO,ASILI NIDO,Collaudo non concluso,0,1,0,2024-06-13,,2026-06-30,2024.0,0,NUOVA REALIZZAZIONE,Nuova realizzazione,872200.0,672000.0,3,3,1,1,3,1,1
I35E25000040006,Abruzzo,072,069,069072,In Corso,ESECUZIONE LAVORI,ASILI NIDO,Esecuzione lavori,0,0,0,2025-09-02,,2026-08-31,2025.0,0,NUOVA REALIZZAZIONE,Nuova realizzazione,480000.0,480000.0,3,2,1,1,2,0,1
I35E25000050006,Sicilia,014,086,086014,In Corso,ESECUZIONE LAVORI,ASILI NIDO,Esecuzione lavori,0,0,0,2025-07-17,,2026-06-30,2025.0,0,NUOVA REALIZZAZIONE,Nuova realizzazione,1087622.74,1008000.0,3,2,1,1,2,0,1
I36F22000000006,Basilicata,054,076,076054,In Corso,ESECUZIONE LAVORI,SCUOLE MATERNE,Esecuzione lavori,0,0,0,2022-12-01,,2026-06-30,2022.0,0,DEMOLIZIONE,Demolizione/ricostruzione,872965.31,872965.31,5,7,1,1,4,0,1
I36F22000020006,Lazio,019,060,060019,Concluso,COLLAUDO,ASILI NIDO,Concluso,1,1,1,2023-01-25,2025-12-27,2026-06-30,2023.0,0,DEMOLIZIONE,Demolizione/ricostruzione,1250000.0,1000000.0,7,7,1,1,5,0,1
I36F22000040006,Puglia,030,075,075030,In Corso,ESECUZIONE LAVORI,ASILI NIDO,Esecuzione lavori,0,0,0,2022-10-24,,2027-11-30,2022.0,0,DEMOLIZIONE,Demolizione/ricostruzione,2202608.1,2002371.0,5,6,1,1,4,0,1
I36F22000080006,Puglia,084,075,075084,In Corso,ESECUZIONE LAVORI,ASILI NIDO,Esecuzione lavori,0,0,0,2022-02-28,,2026-06-30,2022.0,0,DEMOLIZIONE,Demolizione/ricostruzione,2373030.0,2157300.0,4,5,1,1,4,1,1
I36F22000150006,Sicilia,101,083,083101,In Corso,COLLAUDO,ASILI NIDO,Collaudo non concluso,0,1,0,2023-05-05,,2026-04-30,2023.0,0,DEMOLIZIONE,Demolizione/ricostruzione,850000.0,850000.0,1,1,1,1,0,0,1
I36F25000060006,Veneto,090,028,028090,In Corso,Fase non disponibile,ASILI NIDO,Fase non disponibile,0,0,0,,,,,0,NUOVA REALIZZAZIONE,Nuova realizzazione,480000.0,480000.0,0,0,0,0,0,0,1
I37G21000020006,Molise,015,070,070015,Concluso,COLLAUDO,SCUOLE MATERNE,Concluso,1,1,1,2023-01-05,2025-06-30,2025-06-30,2023.0,0,RECUPERO,Ristrutturazione/recupero,640000.0,640000.0,3,2,1,1,2,0,1
I37G22000110006,Sicilia,092,083,083092,Concluso,COLLAUDO,ASILI NIDO,Concluso,1,1,1,2023-03-24,2024-06-06,2024-02-08,2023.0,0,RECUPERO,Ristrutturazione/recupero,131487.13,120600.0,4,4,1,1,3,0,1
I37G22000120001,Calabria,040,078,078040,In Corso,ESECUZIONE LAVORI,ASILI NIDO,Esecuzione lavori,0,0,0,2022-09-08,,2026-08-31,2022.0,0,RECUPERO,Ristrutturazione/recupero,423181.0,423181.0,2,2,1,1,1,0,1
I37G22000210006,Abruzzo,036,069,069036,Concluso,COLLAUDO,SCUOLE MATERNE,Concluso,1,1,1,2023-03-22,2025-05-26,2026-06-30,2023.0,0,RECUPERO,Ristrutturazione/recupero,700000.0,700000.0,1,1,1,0,0,0,1
I37H21001300001,Piemonte,193,001,001193,In Corso,COLLAUDO,SERVIZI PER L'INFANZIA,Collaudo non concluso,0,1,0,2022-09-22,,2026-06-30,2022.0,1,MANUTENZIONE STRAORDINARIA,Altro,145000.0,118500.0,3,3,1,1,3,0,1
I37H21001360001,Basilicata,016,077,077016,In Corso,COLLAUDO,ASILI NIDO,Collaudo non concluso,0,1,0,2023-06-16,,2026-06-30,2023.0,1,MANUTENZIONE STRAORDINARIA,Altro,513577.54,513577.54,2,1,1,1,1,0,1
I38H22000050006,Puglia,084,075,075084,In Corso,COLLAUDO,ASILI NIDO,Collaudo non concluso,0,1,0,2023-03-02,,2026-06-30,2023.0,0,RISTRUTTURAZIONE (PER CAMBIO DI DESTINAZIONE D'USO),Ristrutturazione/recupero,1364000.0,1240000.0,2,4,1,1,2,1,1
I38H22000230006,Liguria,052,010,010052,In Corso,COLLAUDO,ASILI NIDO,Collaudo non concluso,0,1,0,2023-02-01,,2026-03-31,2023.0,0,RISTRUTTURAZIONE (PER CAMBIO DI DESTINAZIONE D'USO),Ristrutturazione/recupero,687959.92,637000.0,6,1,1,1,5,0,1
I38H22000240006,Emilia-Romagna,022,038,038022,Concluso,COLLAUDO,SCUOLE MATERNE,Concluso,1,1,1,2023-03-10,2026-04-13,2026-06-30,2023.0,0,AMPLIAMENTO (COMPRESA SOPRAELEVAZIONE) O POTENZIAMENTO,Ampliamento,519980.0,459980.0,5,6,1,1,5,1,1
I38H24000160006,Calabria,009,080,080009,In Corso,COLLAUDO,ASILI NIDO,Collaudo non concluso,0,1,0,2024-08-26,,2026-06-30,2024.0,0,AMPLIAMENTO (COMPRESA SOPRAELEVAZIONE) O POTENZIAMENTO,Ampliamento,576000.0,576000.0,1,1,1,0,0,0,1
I38H24000170006,Campania,005,061,061005,In Corso,ESECUZIONE LAVORI,ASILI NIDO,Esecuzione lavori,0,0,0,,,,,0,AMPLIAMENTO (COMPRESA SOPRAELEVAZIONE) O POTENZIAMENTO,Ampliamento,2592000.0,2592000.0,4,3,1,1,3,0,1
I38H24000180006,Toscana,033,050,050033,In Corso,ESECUZIONE LAVORI,ASILI NIDO,Esecuzione lavori,0,0,0,2024-08-07,,2026-06-30,2024.0,0,RISTRUTTURAZIONE (PER CAMBIO DI DESTINAZIONE D'USO),Ristrutturazione/recupero,982000.0,600000.0,3,3,1,1,2,0,1
I38H24000190006,Basilicata,016,077,077016,In Corso,ESECUZIONE LAVORI,ASILI NIDO,Esecuzione lavori,0,0,0,2024-10-30,,2026-06-30,2024.0,0,AMPLIAMENTO (COMPRESA SOPRAELEVAZIONE) O POTENZIAMENTO,Ampliamento,576000.0,576000.0,5,5,1,1,4,0,1
I38H24000220006,Abruzzo,013,067,067013,In Corso,COLLAUDO,ASILI NIDO,Collaudo non concluso,0,1,0,2024-09-05,,2026-08-31,2024.0,0,AMPLIAMENTO (COMPRESA SOPRAELEVAZIONE) O POTENZIAMENTO,Ampliamento,576000.0,576000.0,8,9,1,1,6,0,1
I38H24000230006,Emilia-Romagna,022,038,038022,In Corso,COLLAUDO,ASILI NIDO,Collaudo non concluso,0,1,0,2024-10-03,,2026-06-30,2024.0,0,AMPLIAMENTO (COMPRESA SOPRAELEVAZIONE) O POTENZIAMENTO,Ampliamento,695000.0,480000.0,4,4,1,1,3,0,1
I38H25000180006,Piemonte,130,001,001130,In Corso,ESECUZIONE LAVORI,ASILI NIDO,Esecuzione lavori,0,0,0,2025-03-17,,2026-06-30,2025.0,0,AMPLIAMENTO (COMPRESA SOPRAELEVAZIONE) O POTENZIAMENTO,Ampliamento,1215955.4,600000.0,6,5,1,1,4,0,1
I38H25000310006,Veneto,035,024,024035,In Corso,ESECUZIONE LAVORI,ASILI NIDO,Esecuzione lavori,0,0,0,2025-11-03,,2026-06-30,2025.0,0,AMPLIAMENTO (COMPRESA SOPRAELEVAZIONE) O POTENZIAMENTO,Ampliamento,660000.0,480000.0,2,2,1,1,1,0,1
I38I21001100006,Piemonte,003,006,006003,In Corso,COLLAUDO,ASILI NIDO,Collaudo non concluso,0,1,0,2023-04-04,,2026-06-30,2023.0,0,RISTRUTTURAZIONE CON EFFICIENTAMENTO ENERGETICO,Ristrutturazione/recupero,1100000.0,1000000.0,2,2,1,1,1,0,1
I38I22000090001,Friuli-Venezia Giulia,004,093,093004,Concluso,COLLAUDO,SCUOLE MATERNE,Concluso,1,1,1,2020-01-30,2025-12-29,2025-12-31,2020.0,0,RISTRUTTURAZIONE CON EFFICIENTAMENTO ENERGETICO,Ristrutturazione/recupero,1316573.0,1150578.0,3,3,1,1,2,0,1
I39E19000400005,Sicilia,049,082,082049,In Corso,COLLAUDO,SCUOLE MATERNE,Collaudo non concluso,0,1,0,2022-11-01,,2026-06-29,2022.0,1,MANUTENZIONE STRAORDINARIA,Altro,1144774.13,989900.0,3,3,1,1,3,1,1
I39I22000240006,Piemonte,111,006,006111,Concluso,COLLAUDO,ASILI NIDO,Concluso,1,1,1,2022-01-20,2026-03-30,2025-12-31,2022.0,0,MANUTENZIONE STRAORDINARIA PER MESSA IN SICUREZZA (ESCLUSO DISSESTO IDROGEOLOGICO),Altro,89000.0,89000.0,1,1,1,0,0,0,1
I39J21001690001,Campania,107,064,064107,In Corso,COLLAUDO,"EDIFICI SOCIALI, CULTURALI E ASSISTENZIALI",Collaudo non concluso,0,1,0,2022-11-17,,2026-12-31,2022.0,1,MANUTENZIONE STRAORDINARIA CON EFFICIENTAMENTO ENERGETICO,Altro,498827.21,495000.0,3,3,1,1,2,0,1
I41B21001290001,Campania,088,065,065088,In Corso,ESECUZIONE LAVORI,SCUOLE MATERNE,Esecuzione lavori,0,0,0,2021-03-22,,2026-06-30,2021.0,1,NUOVA REALIZZAZIONE,Nuova realizzazione,2186825.0,2186825.0,1,1,1,1,0,0,1
I41B22000510006,Puglia,094,075,075094,In Corso,ESECUZIONE LAVORI,ASILI NIDO,Esecuzione lavori,0,0,0,,,2026-12-31,,0,NUOVA REALIZZAZIONE,Nuova realizzazione,915000.0,915000.0,5,1,1,1,4,0,1
I41B22000530006,Piemonte,004,096,096004,In Corso,ESECUZIONE LAVORI,SCUOLE MATERNE,Esecuzione lavori,0,0,0,2023-02-18,,2026-06-30,2023.0,0,NUOVA REALIZZAZIONE,Nuova realizzazione,4212000.0,3900000.0,2,2,1,1,2,1,1
I42B22000000001,Puglia,026,073,073026,In Corso,COLLAUDO,ASILI NIDO,Collaudo non concluso,0,1,0,2023-01-18,,2026-06-30,2023.0,0,MANUTENZIONE STRAORDINARIA,Altro,1100000.0,1000000.0,4,4,1,1,3,0,1
I43C22000010006,Campania,117,064,064117,In Corso,ESECUZIONE LAVORI,ASILI NIDO,Esecuzione lavori,0,0,0,2022-12-27,,2026-06-30,2022.0,0,RISTRUTTURAZIONE CON EFFICIENTAMENTO ENERGETICO,Ristrutturazione/recupero,605000.0,550000.0,7,4,1,1,6,0,1
I43C25000150006,Calabria,023,078,078023,In Corso,Fase non disponibile,ASILI NIDO,Fase non disponibile,0,0,0,,,,,0,RISTRUTTURAZIONE CON EFFICIENTAMENTO ENERGETICO,Ristrutturazione/recupero,400000.0,400000.0,0,0,0,0,0,0,1
I43H19000300001,Piemonte,156,002,002156,Concluso,COLLAUDO,ASILI NIDO,Concluso,1,1,1,2021-03-03,2025-10-16,2025-12-31,2021.0,1,MANUTENZIONE STRAORDINARIA DI ADEGUAMENTO SISMICO,Altro,2090000.0,1900000.0,2,3,1,1,0,0,1
I44E22000220006,Liguria,055,009,009055,In Corso,ESECUZIONE LAVORI,SCUOLE MATERNE,Esecuzione lavori,0,0,0,2022-11-16,,2026-06-30,2022.0,0,AMPLIAMENTO (COMPRESA SOPRAELEVAZIONE) O POTENZIAMENTO,Ampliamento,480000.0,480000.0,6,6,1,1,6,1,1
I44E22000330006,Veneto,001,028,028001,Concluso,COLLAUDO,SCUOLE MATERNE,Concluso,1,1,1,2021-12-27,2026-05-13,2026-06-30,2021.0,0,RISTRUTTURAZIONE (PER CAMBIO DI DESTINAZIONE D'USO),Ristrutturazione/recupero,3406619.0,2083290.0,9,9,1,1,8,0,1
I45E21000060006,Calabria,030,079,079030,In Corso,ESECUZIONE LAVORI,ASILI NIDO,Esecuzione lavori,0,0,0,2020-09-02,,2026-06-30,2020.0,0,NUOVA REALIZZAZIONE,Nuova realizzazione,785000.0,785000.0,6,0,1,1,5,0,1
I45E22000040006,Veneto,065,023,023065,In Corso,COLLAUDO,ASILI NIDO,Collaudo non concluso,0,1,0,2022-09-08,,2026-06-30,2022.0,0,NUOVA REALIZZAZIONE,Nuova realizzazione,1400000.0,965000.0,14,14,1,1,11,0,1
I45E22000080006,Basilicata,091,076,076091,In Corso,ESECUZIONE LAVORI,SCUOLE MATERNE,Esecuzione lavori,0,0,0,2023-01-26,,2026-03-31,2023.0,0,NUOVA REALIZZAZIONE,Nuova realizzazione,1252667.58,976756.0,5,6,1,1,4,0,1
I45E22000210006,Campania,092,063,063092,Concluso,COLLAUDO,ASILI NIDO,Concluso,1,1,1,2022-11-02,2025-01-17,2025-01-17,2022.0,0,NUOVA REALIZZAZIONE,Nuova realizzazione,570527.21,502605.0,4,4,1,1,3,0,1
I45E22000220001,Puglia,049,075,075049,In Corso,COLLAUDO,ASILI NIDO,Collaudo non concluso,0,1,0,2023-06-07,,2026-06-30,2023.0,0,NUOVA REALIZZAZIONE,Nuova realizzazione,1438800.0,1438800.0,5,2,1,1,4,0,1
I45E22000230006,Lazio,031,059,059031,In Corso,ESECUZIONE LAVORI,ASILI NIDO,Esecuzione lavori,0,0,0,2023-04-13,,2026-06-30,2023.0,0,NUOVA REALIZZAZIONE,Nuova realizzazione,1853500.0,1685000.0,3,3,1,1,2,0,1
I45E22000240006,Campania,056,063,063056,In Corso,ESECUZIONE LAVORI,ASILI NIDO,Esecuzione lavori,0,0,0,2022-09-08,,2026-06-30,2022.0,0,NUOVA REALIZZAZIONE,Nuova realizzazione,1873828.0,1873828.0,2,0,1,0,2,0,1
I45E24000050006,Lazio,004,059,059004,In Corso,Fase non disponibile,ASILI NIDO,Fase non disponibile,0,0,0,,,,,0,NUOVA REALIZZAZIONE,Nuova realizzazione,672000.0,672000.0,0,0,0,0,0,0,1
I45E25000020006,Lombardia,140,018,018140,In Corso,Fase non disponibile,ASILI NIDO,Fase non disponibile,0,0,0,,,,,0,NUOVA REALIZZAZIONE,Nuova realizzazione,600000.0,600000.0,0,0,0,0,0,0,1
I45E25000050006,Campania,051,061,061051,In Corso,ESECUZIONE LAVORI,ASILI NIDO,Esecuzione lavori,0,0,0,2025-08-08,,2026-08-31,2025.0,0,NUOVA REALIZZAZIONE,Nuova realizzazione,576000.0,576000.0,8,8,1,1,7,0,1
I45E25000060006,Campania,088,065,065088,In Corso,STIPULA CONTRATTO,ASILI NIDO,Prima dell'esecuzione,0,0,0,,,2027-06-30,,0,NUOVA REALIZZAZIONE,Nuova realizzazione,1728000.0,1728000.0,0,0,0,0,0,0,1
I46F22000010006,Lazio,065,060,060065,In Corso,COLLAUDO,ASILI NIDO,Collaudo non concluso,0,1,0,2021-12-03,,2026-06-30,2021.0,0,DEMOLIZIONE,Demolizione/ricostruzione,1570066.0,1080000.0,10,10,1,1,9,0,1
I48E16000000004,Veneto,032,026,026032,Concluso,COLLAUDO,SCUOLE MATERNE,Concluso,1,1,1,2021-03-22,2026-02-04,2025-12-31,2021.0,1,NUOVA REALIZZAZIONE,Nuova realizzazione,4387710.09,2350000.0,7,7,1,1,4,0,1
I48H22000010006,Veneto,108,024,024108,In Corso,ESECUZIONE LAVORI,ASILI NIDO,Esecuzione lavori,0,0,0,2022-11-18,,2026-06-30,2022.0,0,AMPLIAMENTO (COMPRESA SOPRAELEVAZIONE) O POTENZIAMENTO,Ampliamento,2872423.88,2227448.0,9,8,1,1,8,1,1
I48H24000110006,Lazio,035,057,057035,In Corso,ESECUZIONE LAVORI,ASILI NIDO,Esecuzione lavori,0,0,0,2024-05-27,,2026-09-30,2024.0,0,AMPLIAMENTO (COMPRESA SOPRAELEVAZIONE) O POTENZIAMENTO,Ampliamento,576000.0,576000.0,9,9,1,1,8,1,1
I48H24000130006,Veneto,050,026,026050,In Corso,COLLAUDO,ASILI NIDO,Collaudo non concluso,0,1,0,2024-08-08,,2026-06-30,2024.0,0,RISTRUTTURAZIONE (PER CAMBIO DI DESTINAZIONE D'USO),Ristrutturazione/recupero,1000000.0,480000.0,3,3,1,1,2,0,1
I48H24000150006,Lazio,044,057,057044,In Corso,Fase non disponibile,ASILI NIDO,Fase non disponibile,0,0,0,,,,,0,RISTRUTTURAZIONE (PER CAMBIO DI DESTINAZIONE D'USO),Ristrutturazione/recupero,480000.0,480000.0,0,0,0,0,0,0,1
I48H25000060006,Lazio,044,057,057044,In Corso,ESECUZIONE LAVORI,ASILI NIDO,Esecuzione lavori,0,0,0,2025-08-08,,2026-06-30,2025.0,0,RISTRUTTURAZIONE (PER CAMBIO DI DESTINAZIONE D'USO),Ristrutturazione/recupero,300000.0,300000.0,3,3,1,1,2,0,1
I48H25000070006,Lazio,044,057,057044,In Corso,ESECUZIONE LAVORI,ASILI NIDO,Esecuzione lavori,0,0,0,2025-08-08,,2026-06-30,2025.0,0,RISTRUTTURAZIONE (PER CAMBIO DI DESTINAZIONE D'USO),Ristrutturazione/recupero,180000.0,180000.0,3,3,1,1,2,0,1
I48H25000080006,Lazio,004,059,059004,In Corso,Fase non disponibile,ASILI NIDO,Fase non disponibile,0,0,0,,,,,0,RISTRUTTURAZIONE (PER CAMBIO DI DESTINAZIONE D'USO),Ristrutturazione/recupero,480000.0,480000.0,0,0,0,0,0,0,1
I48H25000200006,Sardegna,063,111,111063,In Corso,Fase non disponibile,ASILI NIDO,Fase non disponibile,0,0,0,,,,,0,RISTRUTTURAZIONE (PER CAMBIO DI DESTINAZIONE D'USO),Ristrutturazione/recupero,400000.0,400000.0,0,0,0,0,0,0,1
I48I21000450001,Sardegna,069,090,090069,Concluso,COLLAUDO,"EDIFICI SOCIALI, CULTURALI E ASSISTENZIALI",Concluso,1,1,1,2021-03-29,2025-10-01,2026-06-30,2021.0,1,RISTRUTTURAZIONE CON EFFICIENTAMENTO ENERGETICO,Ristrutturazione/recupero,1150000.0,1150000.0,5,6,1,1,4,0,1
I48I22000020006,Lombardia,050,108,108050,In Corso,COLLAUDO,ASILI NIDO,Collaudo non concluso,0,1,0,2022-12-14,,2025-12-31,2022.0,0,RISTRUTTURAZIONE CON EFFICIENTAMENTO ENERGETICO,Ristrutturazione/recupero,1171050.0,1171050.0,6,4,1,1,5,0,1
I48I22000090006,Sardegna,050,095,095050,Concluso,COLLAUDO,ASILI NIDO,Concluso,1,1,1,2023-05-31,2026-03-17,2026-06-30,2023.0,0,RISTRUTTURAZIONE CON EFFICIENTAMENTO ENERGETICO,Ristrutturazione/recupero,282100.0,241131.76,2,2,1,1,2,0,1
I49J21001460001,Abruzzo,046,069,069046,In Corso,COLLAUDO,ASILI NIDO,Collaudo non concluso,0,1,0,2022-11-04,,2026-03-31,2022.0,1,NUOVA REALIZZAZIONE,Nuova realizzazione,1388293.16,1280000.0,6,1,1,1,5,0,1
I49J21001470001,Abruzzo,046,069,069046,In Corso,COLLAUDO,ASILI NIDO,Collaudo non concluso,0,1,0,2022-11-02,,2026-03-31,2022.0,1,NUOVA REALIZZAZIONE,Nuova realizzazione,1445660.48,1400000.0,5,2,1,1,4,0,1
I51B18000450005,Toscana,033,051,051033,In Corso,COLLAUDO,ASILI NIDO,Collaudo non concluso,0,1,0,2022-09-22,,2026-06-30,2022.0,1,NUOVA REALIZZAZIONE,Nuova realizzazione,3518000.0,2180000.0,6,13,1,1,5,0,1
I51B21001510001,Campania,021,063,063021,In Corso,ESECUZIONE LAVORI,ALTRE INFRASTRUTTURE,Esecuzione lavori,0,0,0,2021-03-22,,2026-06-30,2021.0,1,NUOVA REALIZZAZIONE,Nuova realizzazione,2977917.95,2977917.95,3,3,1,1,2,0,1
I51B21001650005,Puglia,050,075,075050,In Corso,ESECUZIONE LAVORI,"EDIFICI SOCIALI, CULTURALI E ASSISTENZIALI",Esecuzione lavori,0,0,0,2022-11-14,,2026-06-15,2022.0,1,NUOVA REALIZZAZIONE,Nuova realizzazione,2293472.88,1934728.81,10,2,1,1,9,1,1
I51B21001710001,Calabria,003,102,102003,In Corso,COLLAUDO,SCUOLE MATERNE,Collaudo non concluso,0,1,0,2022-11-04,,2026-06-30,2022.0,1,MANUTENZIONE STRAORDINARIA DI ADEGUAMENTO SISMICO,Altro,1120000.0,1120000.0,8,2,1,1,5,0,1
I51B21001720005,Puglia,050,075,075050,Concluso,COLLAUDO,ASILI NIDO,Concluso,1,1,1,2022-11-14,2026-01-23,2026-01-23,2022.0,1,NUOVA REALIZZAZIONE,Nuova realizzazione,2365000.0,2150000.0,12,6,1,1,9,0,1
I51B22000220001,Lombardia,177,018,018177,In Corso,COLLAUDO,SCUOLE MATERNE,Collaudo non concluso,0,1,0,2022-11-15,,2026-08-31,2022.0,0,NUOVA REALIZZAZIONE,Nuova realizzazione,1760000.0,1060000.0,8,10,1,1,7,0,1
I51B22000480006,Lazio,056,056,056056,In Corso,ESECUZIONE LAVORI,ASILI NIDO,Esecuzione lavori,0,0,0,2023-05-17,,2026-08-31,2023.0,0,NUOVA REALIZZAZIONE,Nuova realizzazione,1028500.0,935000.0,2,2,1,1,1,0,1
I51B22000630006,Lazio,088,058,058088,In Corso,ESECUZIONE LAVORI,ASILI NIDO,Esecuzione lavori,0,0,0,2022-12-28,,2026-06-30,2022.0,0,NUOVA REALIZZAZIONE,Nuova realizzazione,1488663.0,1353330.0,7,6,1,1,6,0,1
I51B22000690006,Lombardia,042,108,108042,In Corso,COLLAUDO,ASILI NIDO,Collaudo non concluso,0,1,0,2022-09-08,,2025-12-31,2022.0,0,NUOVA REALIZZAZIONE,Nuova realizzazione,1572268.88,1111465.47,8,8,1,1,7,0,1
I51B22000700006,Lombardia,042,108,108042,In Corso,COLLAUDO,SCUOLE MATERNE,Collaudo non concluso,0,1,0,2022-09-08,,2025-12-31,2022.0,0,NUOVA REALIZZAZIONE,Nuova realizzazione,5507534.35,2824034.13,7,7,1,1,6,0,1
I51B22000740006,Lombardia,005,014,014005,In Corso,COLLAUDO,ASILI NIDO,Collaudo non concluso,0,1,0,2022-02-18,,2026-06-29,2022.0,0,NUOVA REALIZZAZIONE,Nuova realizzazione,2766875.04,2500000.0,11,15,1,1,9,0,1
I52C22000130006,Lombardia,065,020,020065,In Corso,COLLAUDO,SCUOLE MATERNE,Collaudo non concluso,0,1,0,2022-12-13,,2026-06-30,2022.0,0,DEMOLIZIONE,Demolizione/ricostruzione,9225000.0,8400000.0,17,26,1,1,9,1,1
I53D21002740006,Campania,050,062,062050,In Corso,COLLAUDO,ASILI NIDO,Collaudo non concluso,0,1,0,2022-10-14,,2026-06-30,2022.0,0,RECUPERO,Ristrutturazione/recupero,954990.15,868172.86,6,6,1,1,5,0,1
I54E21001150001,Calabria,094,079,079094,In Corso,COLLAUDO,ALTRE INFRASTRUTTURE,Collaudo non concluso,0,1,0,2021-05-18,,2026-06-30,2021.0,1,RISTRUTTURAZIONE (PER CAMBIO DI DESTINAZIONE D'USO),Ristrutturazione/recupero,324500.0,324500.0,5,5,1,1,4,0,1
I55E22000040006,Lombardia,037,016,016037,In Corso,COLLAUDO,SCUOLE MATERNE,Collaudo non concluso,0,1,0,,,2025-06-30,,0,NUOVA REALIZZAZIONE,Nuova realizzazione,3296184.0,2467440.0,8,9,1,1,7,0,1
I55E22000110006,Lazio,088,058,058088,In Corso,COLLAUDO,SCUOLE MATERNE,Collaudo non concluso,0,1,0,2022-09-08,,2026-06-30,2022.0,0,NUOVA REALIZZAZIONE,Nuova realizzazione,5145120.0,4764000.0,11,6,1,1,10,0,1
I55E22000160006,Lazio,088,058,058088,In Corso,COLLAUDO,ASILI NIDO,Collaudo non concluso,0,1,0,2022-10-20,,2026-06-30,2022.0,0,NUOVA REALIZZAZIONE,Nuova realizzazione,1994220.0,1846500.0,10,9,1,1,9,0,1
I55E22000170006,Lazio,088,058,058088,In Corso,COLLAUDO,ASILI NIDO,Collaudo non concluso,0,1,0,2022-12-30,,2026-06-30,2022.0,0,NUOVA REALIZZAZIONE,Nuova realizzazione,1994220.0,1846500.0,10,6,1,1,9,0,1
I55E22000180006,Lazio,088,058,058088,In Corso,COLLAUDO,ASILI NIDO,Collaudo non concluso,0,1,0,2022-12-20,,2026-06-30,2022.0,0,NUOVA REALIZZAZIONE,Nuova realizzazione,1994220.0,1846500.0,10,6,1,1,9,0,1
I55E22000210006,Lombardia,035,098,098035,In Corso,COLLAUDO,ASILI NIDO,Collaudo non concluso,0,1,0,2022-11-13,,2026-06-15,2022.0,0,NUOVA REALIZZAZIONE,Nuova realizzazione,1066010.61,752540.0,9,11,1,1,9,1,1
I55E22000250006,Puglia,038,072,072038,In Corso,ESECUZIONE LAVORI,ASILI NIDO,Esecuzione lavori,0,0,0,2021-12-02,,2026-12-31,2021.0,0,NUOVA REALIZZAZIONE,Nuova realizzazione,1714872.0,1490000.0,3,4,1,1,3,2,1
I55E22000260006,Puglia,020,072,072020,In Corso,ESECUZIONE LAVORI,ASILI NIDO,Esecuzione lavori,0,0,0,2023-02-10,,2026-08-30,2023.0,0,NUOVA REALIZZAZIONE,Nuova realizzazione,3696000.0,3360000.0,2,3,1,1,1,1,1
I55E22000270006,Toscana,033,051,051033,In Corso,COLLAUDO,ASILI NIDO,Collaudo non concluso,0,1,0,2022-11-02,,2026-06-30,2022.0,0,NUOVA REALIZZAZIONE,Nuova realizzazione,1435500.0,1195000.0,5,11,1,1,4,0,1
I55E24000120006,Toscana,021,048,048021,In Corso,COLLAUDO,ASILI NIDO,Collaudo non concluso,0,1,0,2025-03-14,,2026-06-30,2025.0,0,NUOVA REALIZZAZIONE,Nuova realizzazione,720000.0,720000.0,6,6,1,1,6,1,1
I55E24000130006,Puglia,020,072,072020,In Corso,ESECUZIONE LAVORI,ASILI NIDO,Esecuzione lavori,0,0,0,2024-07-16,,2026-08-30,2024.0,0,NUOVA REALIZZAZIONE,Nuova realizzazione,1728000.0,1728000.0,2,2,1,1,1,1,1
I55E24000160006,Calabria,094,079,079094,In Corso,ESECUZIONE LAVORI,ASILI NIDO,Esecuzione lavori,0,0,0,2024-07-10,,2026-06-30,2024.0,0,NUOVA REALIZZAZIONE,Nuova realizzazione,576000.0,576000.0,5,5,1,1,3,0,1
I55E24000180006,Emilia-Romagna,032,034,034032,In Corso,COLLAUDO/REGOLARE ESECUZIONE,ASILI NIDO,Collaudo non concluso,0,1,0,2024-05-15,,2026-06-30,2024.0,0,NUOVA REALIZZAZIONE,Nuova realizzazione,2600000.0,2016000.0,11,11,1,1,10,0,1
I55E25000000006,Sicilia,041,087,087041,In Corso,ESECUZIONE LAVORI,ASILI NIDO,Esecuzione lavori,0,0,0,2025-05-23,,2026-06-30,2025.0,0,NUOVA REALIZZAZIONE,Nuova realizzazione,864000.0,864000.0,3,3,1,1,2,0,1
I55E25000140006,Calabria,157,079,079157,In Corso,ESECUZIONE LAVORI,ASILI NIDO,Esecuzione lavori,0,0,0,2025-11-05,,2026-06-30,2025.0,0,NUOVA REALIZZAZIONE,Nuova realizzazione,528000.0,528000.0,6,6,1,1,5,0,1
I56F21000000006,Puglia,038,072,072038,In Corso,ESECUZIONE LAVORI,SCUOLE MATERNE,Esecuzione lavori,0,0,0,2022-02-26,,2026-06-30,2022.0,0,DEMOLIZIONE,Demolizione/ricostruzione,5681004.29,5225213.0,3,4,1,1,3,1,1
I56F22000160006,Campania,116,065,065116,In Corso,COLLAUDO,ASILI NIDO,Collaudo non concluso,0,1,0,2023-01-24,,2026-06-30,2023.0,0,DEMOLIZIONE,Demolizione/ricostruzione,2033714.2,1847970.0,5,11,1,1,5,1,1
I57H21001210005,Campania,050,062,062050,In Corso,ESECUZIONE LAVORI,"EDIFICI SOCIALI, CULTURALI E ASSISTENZIALI",Esecuzione lavori,0,0,0,2022-10-07,,2026-07-31,2022.0,1,MANUTENZIONE STRAORDINARIA,Altro,987312.0,987312.0,5,6,1,1,4,0,1
I58H22000040001,Trentino-Alto Adige,026,021,021026,In Corso,ESECUZIONE LAVORI,SCUOLE MATERNE,Esecuzione lavori,0,0,0,2023-03-08,,2025-12-31,2023.0,0,AMPLIAMENTO (COMPRESA SOPRAELEVAZIONE) O POTENZIAMENTO,Ampliamento,5715000.0,3418088.0,2,5,1,1,0,0,1
I58H22000050006,Puglia,038,072,072038,In Corso,ESECUZIONE LAVORI,SCUOLE MATERNE,Esecuzione lavori,0,0,0,2021-12-02,,2026-06-30,2021.0,0,AMPLIAMENTO (COMPRESA SOPRAELEVAZIONE) O POTENZIAMENTO,Ampliamento,199150.0,199150.0,3,4,1,1,3,0,1
I58H22000100006,Lombardia,170,017,017170,In Corso,COLLAUDO,ASILI NIDO,Collaudo non concluso,0,1,0,2023-01-20,,2026-06-30,2023.0,0,RISTRUTTURAZIONE (PER CAMBIO DI DESTINAZIONE D'USO),Ristrutturazione/recupero,1010942.58,644910.0,5,5,1,1,4,1,1
I58H22000240006,Lombardia,150,018,018150,In Corso,COLLAUDO,ASILI NIDO,Collaudo non concluso,0,1,0,2022-03-10,,2026-06-30,2022.0,0,AMPLIAMENTO (COMPRESA SOPRAELEVAZIONE) O POTENZIAMENTO,Ampliamento,576000.0,360000.0,3,1,1,1,2,0,1
I58H24000240006,Emilia-Romagna,032,034,034032,In Corso,Fase non disponibile,ASILI NIDO,Fase non disponibile,0,0,0,,,,,0,AMPLIAMENTO (COMPRESA SOPRAELEVAZIONE) O POTENZIAMENTO,Ampliamento,720000.0,720000.0,0,0,0,0,0,0,1
I58H24000250001,Marche,051,041,041051,In Corso,ESECUZIONE LAVORI,ASILI NIDO,Esecuzione lavori,0,0,0,2024-06-13,,2026-06-30,2024.0,0,AMPLIAMENTO (COMPRESA SOPRAELEVAZIONE) O POTENZIAMENTO,Ampliamento,800000.0,360000.0,6,10,1,1,5,0,1
I58H24000260006,Puglia,031,071,071031,In Corso,ESECUZIONE LAVORI,ASILI NIDO,Esecuzione lavori,0,0,0,2024-09-19,,2026-09-30,2024.0,0,RISTRUTTURAZIONE (PER CAMBIO DI DESTINAZIONE D'USO),Ristrutturazione/recupero,672000.0,672000.0,5,5,1,1,4,0,1
I58H24000270006,Calabria,003,102,102003,In Corso,COLLAUDO,ASILI NIDO,Collaudo non concluso,0,1,0,2024-10-02,,2026-06-30,2024.0,0,AMPLIAMENTO (COMPRESA SOPRAELEVAZIONE) O POTENZIAMENTO,Ampliamento,672000.0,672000.0,4,4,1,1,3,0,1
I58H24000340006,Lombardia,037,016,016037,In Corso,ESECUZIONE LAVORI,ASILI NIDO,Esecuzione lavori,0,0,0,2024-08-12,,2026-07-31,2024.0,0,RISTRUTTURAZIONE (PER CAMBIO DI DESTINAZIONE D'USO),Ristrutturazione/recupero,480000.0,480000.0,3,3,1,1,2,0,1
I58H25000080006,Lombardia,032,014,014032,In Corso,COLLAUDO,ASILI NIDO,Collaudo non concluso,0,1,0,2025-06-27,,2026-06-30,2025.0,0,RISTRUTTURAZIONE (PER CAMBIO DI DESTINAZIONE D'USO),Ristrutturazione/recupero,1100000.0,500000.0,4,4,1,1,2,0,1
I58I22000260006,Emilia-Romagna,032,034,034032,Concluso,COLLAUDO,ASILI NIDO,Concluso,1,1,1,2022-12-29,2025-05-08,2026-06-30,2022.0,0,RISTRUTTURAZIONE CON EFFICIENTAMENTO ENERGETICO,Ristrutturazione/recupero,200773.0,200773.0,3,3,1,1,3,0,1
I61B21005660006,Lombardia,157,015,015157,In Corso,COLLAUDO,SCUOLE MATERNE,Collaudo non concluso,0,1,0,2023-02-01,,2026-06-30,2023.0,0,NUOVA REALIZZAZIONE,Nuova realizzazione,3660000.0,2930930.0,6,6,1,1,5,0,1
I61B22000580006,Lombardia,245,016,016245,Concluso,COLLAUDO,ASILI NIDO,Concluso,1,1,1,2022-03-28,2026-04-20,2026-04-20,2022.0,0,NUOVA REALIZZAZIONE,Nuova realizzazione,1300000.0,720000.0,7,8,1,1,6,0,1
I61B22000640006,Basilicata,001,077,077001,In Corso,ESECUZIONE LAVORI,ASILI NIDO,Esecuzione lavori,0,0,0,2022-12-03,,2026-12-31,2022.0,0,NUOVA REALIZZAZIONE,Nuova realizzazione,739256.0,739256.0,2,2,1,1,1,0,1
I61B22000670006,Lombardia,220,015,015220,In Corso,ESECUZIONE LAVORI,ASILI NIDO,Esecuzione lavori,0,0,0,2023-11-17,,2025-12-30,2023.0,0,NUOVA REALIZZAZIONE,Nuova realizzazione,1123430.0,1021300.0,2,2,1,1,1,0,1
I61B22000740006,Lazio,031,060,060031,In Corso,COLLAUDO,ASILI NIDO,Collaudo non concluso,0,1,0,2022-10-24,,2026-06-30,2022.0,0,NUOVA REALIZZAZIONE,Nuova realizzazione,2365000.0,2150000.0,8,5,1,1,6,0,1
I63C22000250006,Toscana,016,051,051016,In Corso,ESECUZIONE LAVORI,ASILI NIDO,Esecuzione lavori,0,0,0,2022-11-25,,2026-06-30,2022.0,0,RISTRUTTURAZIONE CON EFFICIENTAMENTO ENERGETICO,Ristrutturazione/recupero,1535640.3,1360000.0,10,13,1,1,9,0,1
I63C25000070006,Liguria,028,010,010028,In Corso,COLLAUDO,ASILI NIDO,Collaudo non concluso,0,1,0,2025-10-31,,2026-06-30,2025.0,0,RISTRUTTURAZIONE CON EFFICIENTAMENTO ENERGETICO,Ristrutturazione/recupero,200000.0,200000.0,3,3,1,1,3,0,1
I63C25000300006,Puglia,050,071,071050,In Corso,COLLAUDO,ASILI NIDO,Collaudo non concluso,0,1,0,2025-09-17,,2026-06-30,2025.0,0,RISTRUTTURAZIONE CON EFFICIENTAMENTO ENERGETICO,Ristrutturazione/recupero,400000.0,400000.0,2,2,1,1,1,0,1
I64E21001730005,Lombardia,103,015,015103,In Corso,ESECUZIONE LAVORI,SCUOLE MATERNE,Esecuzione lavori,0,0,0,2023-11-30,,2026-06-30,2023.0,1,AMPLIAMENTO (COMPRESA SOPRAELEVAZIONE) O POTENZIAMENTO,Ampliamento,1840000.0,1085000.0,5,8,1,1,4,0,1
I64E22000150006,Lombardia,030,020,020030,In Corso,COLLAUDO,SCUOLE MATERNE,Collaudo non concluso,0,1,0,2022-01-01,,2026-06-30,2022.0,0,AMPLIAMENTO (COMPRESA SOPRAELEVAZIONE) O POTENZIAMENTO,Ampliamento,625000.0,359776.6,4,4,1,1,3,0,1
I64E22000360006,Sardegna,024,091,091024,In Corso,ESECUZIONE LAVORI,ASILI NIDO,Esecuzione lavori,0,0,0,2023-05-26,,2025-12-31,2023.0,0,AMPLIAMENTO (COMPRESA SOPRAELEVAZIONE) O POTENZIAMENTO,Ampliamento,500000.0,500000.0,1,0,1,0,1,0,1
I64E22000420006,Campania,029,064,064029,In Corso,COLLAUDO,ASILI NIDO,Collaudo non concluso,0,1,0,,,2026-11-30,,0,MANUTENZIONE STRAORDINARIA DI ADEGUAMENTO IMPIANTISTICA E O ANTINCENDIO,Altro,538147.29,538147.29,4,4,1,1,3,0,1
I65E21000060006,Lombardia,157,015,015157,In Corso,COLLAUDO,ASILI NIDO,Collaudo non concluso,0,1,0,2022-10-24,,2025-12-31,2022.0,0,NUOVA REALIZZAZIONE,Nuova realizzazione,2877000.0,2318381.0,7,8,1,1,6,0,1
I65E21000090006,Sicilia,079,082,082079,In Corso,STIPULA CONTRATTO,ASILI NIDO,Prima dell'esecuzione,0,0,0,2022-10-27,,2026-06-30,2022.0,0,NUOVA REALIZZAZIONE,Nuova realizzazione,1338000.0,1080000.0,3,2,1,0,3,0,1
I65E22000020006,Marche,005,042,042005,In Corso,ESECUZIONE LAVORI,ASILI NIDO,Esecuzione lavori,0,0,0,2023-02-20,,2026-06-30,2023.0,0,NUOVA REALIZZAZIONE,Nuova realizzazione,1877040.0,1706400.0,5,8,1,1,5,1,1
I65E22000190006,Sicilia,011,089,089011,In Corso,ESECUZIONE LAVORI,ASILI NIDO,Esecuzione lavori,0,0,0,2022-09-08,,2026-06-30,2022.0,0,NUOVA REALIZZAZIONE,Nuova realizzazione,800000.0,800000.0,1,1,1,1,0,0,1
I65E24000080001,Piemonte,017,005,005017,In Corso,ESECUZIONE LAVORI,ASILI NIDO,Esecuzione lavori,0,0,0,2024-06-13,,2026-08-30,2024.0,0,NUOVA REALIZZAZIONE,Nuova realizzazione,1260018.01,864000.0,7,7,1,1,5,0,1
I66F25000050006,Campania,135,065,065135,In Corso,Fase non disponibile,ASILI NIDO,Fase non disponibile,0,0,0,,,,,0,DEMOLIZIONE,Demolizione/ricostruzione,1632000.0,1632000.0,0,0,0,0,0,0,1
I68H22000140002,Toscana,009,050,050009,In Corso,ESECUZIONE LAVORI,ASILI NIDO,Esecuzione lavori,0,0,0,2023-03-03,,2026-09-30,2023.0,0,AMPLIAMENTO (COMPRESA SOPRAELEVAZIONE) O POTENZIAMENTO,Ampliamento,1379944.0,1156800.0,7,7,1,1,7,1,1
I68H24000090006,Campania,017,061,061017,In Corso,COLLAUDO,ASILI NIDO,Collaudo non concluso,0,1,0,2024-06-13,,2026-06-30,2024.0,0,RISTRUTTURAZIONE (PER CAMBIO DI DESTINAZIONE D'USO),Ristrutturazione/recupero,672000.0,672000.0,6,6,1,1,5,0,1
I68H24000100001,Puglia,050,071,071050,In Corso,COLLAUDO,ASILI NIDO,Collaudo non concluso,0,1,0,2024-09-02,,2026-12-31,2024.0,0,AMPLIAMENTO (COMPRESA SOPRAELEVAZIONE) O POTENZIAMENTO,Ampliamento,672000.0,672000.0,6,6,1,1,5,0,1
I68H24000120006,Puglia,005,071,071005,In Corso,COLLAUDO/REGOLARE ESECUZIONE,ASILI NIDO,Collaudo non concluso,0,1,0,2024-09-23,,2026-06-30,2024.0,0,RISTRUTTURAZIONE (PER CAMBIO DI DESTINAZIONE D'USO),Ristrutturazione/recupero,480000.0,480000.0,2,0,1,1,1,0,1
I68H25000110006,Sicilia,003,084,084003,In Corso,COLLAUDO,ASILI NIDO,Collaudo non concluso,0,1,0,,,,,0,RISTRUTTURAZIONE (PER CAMBIO DI DESTINAZIONE D'USO),Ristrutturazione/recupero,480000.0,480000.0,3,3,1,1,2,0,1
I68H25000130006,Veneto,066,028,028066,In Corso,COLLAUDO,ASILI NIDO,Collaudo non concluso,0,1,0,2025-10-14,,2026-06-30,2025.0,0,AMPLIAMENTO (COMPRESA SOPRAELEVAZIONE) O POTENZIAMENTO,Ampliamento,528000.0,528000.0,3,3,1,1,2,0,1
I68H25000140006,Lombardia,027,017,017027,In Corso,COLLAUDO,ASILI NIDO,Collaudo non concluso,0,1,0,,,,,0,RISTRUTTURAZIONE (PER CAMBIO DI DESTINAZIONE D'USO),Ristrutturazione/recupero,240000.0,240000.0,0,0,0,0,0,0,1
I68I22000000006,Emilia-Romagna,044,033,033044,Concluso,COLLAUDO,ASILI NIDO,Concluso,1,1,1,2023-06-15,2025-09-25,2025-09-25,2023.0,0,RISTRUTTURAZIONE CON EFFICIENTAMENTO ENERGETICO,Ristrutturazione/recupero,15000.0,15000.0,1,0,1,1,1,0,1
I69J21001360001,Campania,008,061,061008,In Corso,ESECUZIONE LAVORI,ASILI NIDO,Esecuzione lavori,0,0,0,,,2024-04-01,,1,ALTRO,Altro,866753.06,787957.33,2,2,1,1,1,0,1
I71B21001780001,Lazio,031,056,056031,In Corso,ESECUZIONE LAVORI,ASILI NIDO,Esecuzione lavori,0,0,0,2021-04-08,,2026-08-30,2021.0,1,NUOVA REALIZZAZIONE,Nuova realizzazione,1308806.27,1189823.88,4,3,1,1,3,0,1
I71B21001870001,Campania,057,064,064057,In Corso,STIPULA CONTRATTO,ASILI NIDO,Prima dell'esecuzione,0,0,0,,,2025-07-30,,1,NUOVA REALIZZAZIONE,Nuova realizzazione,2338788.0,2338788.0,5,5,1,1,4,0,1
I71B22000360006,Lombardia,069,019,019069,In Corso,ESECUZIONE LAVORI,ASILI NIDO,Esecuzione lavori,0,0,0,2023-06-13,,2026-06-30,2023.0,0,NUOVA REALIZZAZIONE,Nuova realizzazione,287969.0,261790.0,6,6,1,1,6,0,1
I71B22000430006,Lombardia,183,016,016183,In Corso,COLLAUDO,ASILI NIDO,Collaudo non concluso,0,1,0,2022-11-25,,2026-06-30,2022.0,0,NUOVA REALIZZAZIONE,Nuova realizzazione,2508000.0,2280000.0,5,3,1,1,4,0,1
I71B22000710006,Sicilia,001,081,081001,In Corso,COLLAUDO,ASILI NIDO,Collaudo non concluso,0,1,0,2022-02-21,,2026-06-30,2022.0,0,NUOVA REALIZZAZIONE,Nuova realizzazione,1663200.0,1512000.0,5,7,1,1,4,1,1
I71B22000720006,Sicilia,001,081,081001,In Corso,ESECUZIONE LAVORI,SCUOLE MATERNE,Esecuzione lavori,0,0,0,2022-02-23,,2026-06-30,2022.0,0,NUOVA REALIZZAZIONE,Nuova realizzazione,2570000.0,1800000.0,6,8,1,1,6,1,1
I71B22000730006,Abruzzo,026,067,067026,In Corso,ESECUZIONE LAVORI,ASILI NIDO,Esecuzione lavori,0,0,0,2023-06-18,,2026-06-30,2023.0,0,NUOVA REALIZZAZIONE,Nuova realizzazione,1130085.0,1130085.0,3,3,1,1,2,0,1
I71B22000760006,Calabria,050,102,102050,In Corso,ESECUZIONE LAVORI,ASILI NIDO,Esecuzione lavori,0,0,0,2022-02-23,,2026-07-30,2022.0,0,NUOVA REALIZZAZIONE,Nuova realizzazione,1271000.0,1271000.0,10,1,1,0,9,0,1
I72B24000480004,Piemonte,074,004,004074,Concluso,COLLAUDO,ASILI NIDO,Concluso,1,1,1,2024-05-08,2024-09-10,2024-12-31,2024.0,0,MANUTENZIONE STRAORDINARIA,Altro,87525.0,87525.0,2,2,1,1,2,0,1
I73C22000170006,Campania,048,064,064048,In Corso,COLLAUDO,ASILI NIDO,Collaudo non concluso,0,1,0,2022-12-14,,2026-06-30,2022.0,0,RISTRUTTURAZIONE CON EFFICIENTAMENTO ENERGETICO,Ristrutturazione/recupero,617520.41,561382.19,7,3,1,1,6,0,1
I73C22000190006,Sicilia,015,083,083015,In Corso,COLLAUDO,ASILI NIDO,Collaudo non concluso,0,1,0,2022-11-08,,2026-06-30,2022.0,0,RISTRUTTURAZIONE CON EFFICIENTAMENTO ENERGETICO,Ristrutturazione/recupero,245290.0,245290.0,3,3,1,1,2,0,1
I73C25000110006,Sicilia,033,083,083033,In Corso,ESECUZIONE LAVORI,ASILI NIDO,Esecuzione lavori,0,0,0,2025-08-02,,2026-10-01,2025.0,0,RISTRUTTURAZIONE CON EFFICIENTAMENTO ENERGETICO,Ristrutturazione/recupero,400000.0,400000.0,2,2,1,1,1,0,1
I73C25000120006,Sicilia,005,088,088005,In Corso,STIPULA CONTRATTO,ASILI NIDO,Prima dell'esecuzione,0,0,0,2025-08-01,,2026-06-30,2025.0,0,RISTRUTTURAZIONE CON EFFICIENTAMENTO ENERGETICO,Ristrutturazione/recupero,720000.0,720000.0,0,0,0,0,0,0,1
I74E21001570004,Toscana,027,046,046027,In Corso,COLLAUDO,ASILI NIDO,Collaudo non concluso,0,1,0,2023-07-28,,2026-06-30,2023.0,1,AMPLIAMENTO (COMPRESA SOPRAELEVAZIONE) O POTENZIAMENTO,Ampliamento,506000.0,436500.0,5,3,1,1,4,0,1
I74E22000070006,Veneto,029,029,029029,Concluso,COLLAUDO,ASILI NIDO,Concluso,1,1,1,2022-11-24,2025-07-17,2025-12-31,2022.0,0,AMPLIAMENTO (COMPRESA SOPRAELEVAZIONE) O POTENZIAMENTO,Ampliamento,621400.0,592655.93,6,5,1,1,5,0,1
I75E22000010006,Friuli-Venezia Giulia,044,093,093044,Concluso,COLLAUDO,ASILI NIDO,Concluso,1,1,1,2022-12-02,2026-03-09,2026-03-09,2022.0,0,NUOVA REALIZZAZIONE,Nuova realizzazione,1145400.0,1014000.0,4,6,1,1,3,0,1
I75E22000020006,Sicilia,052,087,087052,In Corso,COLLAUDO,ASILI NIDO,Collaudo non concluso,0,1,0,2023-04-26,,2026-06-30,2023.0,0,NUOVA REALIZZAZIONE,Nuova realizzazione,2436222.4,2436222.4,11,8,1,1,9,0,1
I75E22000270006,Basilicata,029,077,077029,In Corso,COLLAUDO,ASILI NIDO,Collaudo non concluso,0,1,0,2022-02-28,,2026-06-30,2022.0,0,NUOVA REALIZZAZIONE,Nuova realizzazione,500000.0,500000.0,3,3,1,1,2,0,1
I75E22000280006,Campania,064,065,065064,In Corso,ESECUZIONE LAVORI,ASILI NIDO,Esecuzione lavori,0,0,0,2022-03-28,,2025-12-31,2022.0,0,NUOVA REALIZZAZIONE,Nuova realizzazione,864000.0,864000.0,4,4,1,1,3,0,1
I75E22000290007,Campania,018,061,061018,In Corso,ESECUZIONE LAVORI,ASILI NIDO,Esecuzione lavori,0,0,0,2022-10-21,,2026-06-30,2022.0,0,NUOVA REALIZZAZIONE,Nuova realizzazione,950000.0,950000.0,0,0,0,0,0,0,1
I75E22000300006,Piemonte,011,103,103011,Concluso,COLLAUDO,ASILI NIDO,Concluso,1,1,1,2022-11-16,2025-09-08,2026-06-30,2022.0,0,NUOVA REALIZZAZIONE,Nuova realizzazione,1310050.69,959400.0,4,5,1,1,3,0,1
I75E22000320006,Basilicata,067,076,076067,In Corso,COLLAUDO,SCUOLE MATERNE,Collaudo non concluso,0,1,0,2022-05-12,,2026-06-30,2022.0,0,NUOVA REALIZZAZIONE,Nuova realizzazione,789609.7,717827.0,7,7,1,1,6,0,1
I75E24000070006,Sicilia,005,088,088005,In Corso,ESECUZIONE LAVORI,ASILI NIDO,Esecuzione lavori,0,0,0,2024-07-15,,2026-06-30,2024.0,0,NUOVA REALIZZAZIONE,Nuova realizzazione,864000.0,864000.0,2,2,1,1,1,0,1
I75E24000100006,Puglia,040,072,072040,In Corso,ESECUZIONE LAVORI,ASILI NIDO,Esecuzione lavori,0,0,0,2024-10-03,,2026-06-30,2024.0,0,NUOVA REALIZZAZIONE,Nuova realizzazione,768000.0,768000.0,2,1,1,1,1,0,1
I75E24000110006,Sicilia,016,087,087016,In Corso,ESECUZIONE LAVORI,ASILI NIDO,Esecuzione lavori,0,0,0,2024-11-15,,2026-06-30,2024.0,0,NUOVA REALIZZAZIONE,Nuova realizzazione,783496.9,768000.0,4,4,1,1,3,0,1
I75E24000120001,Veneto,071,026,026071,In Corso,COLLAUDO,ASILI NIDO,Collaudo non concluso,0,1,0,2024-08-08,,2026-06-30,2024.0,0,NUOVA REALIZZAZIONE,Nuova realizzazione,1005000.0,720000.0,4,4,1,1,3,0,1
I75E24000130006,Lombardia,183,016,016183,In Corso,Fase non disponibile,ASILI NIDO,Fase non disponibile,0,0,0,,,,,0,NUOVA REALIZZAZIONE,Nuova realizzazione,960000.0,864000.0,0,0,0,0,0,0,1
I76F22000010006,Piemonte,108,005,005108,Concluso,COLLAUDO,ASILI NIDO,Concluso,1,1,1,2022-12-31,2025-12-31,2025-12-31,2022.0,0,DEMOLIZIONE,Demolizione/ricostruzione,345000.0,288000.0,7,7,1,1,6,0,1
I76F22000060006,Molise,007,094,094007,In Corso,ESECUZIONE LAVORI,ASILI NIDO,Esecuzione lavori,0,0,0,2023-01-27,,2026-06-28,2023.0,0,DEMOLIZIONE,Demolizione/ricostruzione,900000.0,900000.0,4,4,1,1,3,0,1
I77G22000020006,Veneto,024,027,027024,In Corso,COLLAUDO,ASILI NIDO,Collaudo non concluso,0,1,0,2023-05-08,,2026-06-30,2023.0,0,RECUPERO,Ristrutturazione/recupero,2000000.0,1000000.0,10,14,1,1,8,1,1
I77G22000040006,Campania,086,063,063086,In Corso,COLLAUDO,ASILI NIDO,Collaudo non concluso,0,1,0,2022-09-08,,2026-04-30,2022.0,0,RECUPERO,Ristrutturazione/recupero,671886.11,508755.0,6,5,1,1,5,0,1
I78H22000050006,Campania,063,061,061063,In Corso,ESECUZIONE LAVORI,ASILI NIDO,Esecuzione lavori,0,0,0,2022-11-14,,2026-06-30,2022.0,0,RISTRUTTURAZIONE (PER CAMBIO DI DESTINAZIONE D'USO),Ristrutturazione/recupero,680000.0,680000.0,4,4,1,1,3,0,1
I78H22000070006,Friuli-Venezia Giulia,062,030,030062,In Corso,ESECUZIONE LAVORI,ASILI NIDO,Esecuzione lavori,0,0,0,2022-12-22,,2026-06-30,2022.0,0,AMPLIAMENTO (COMPRESA SOPRAELEVAZIONE) O POTENZIAMENTO,Ampliamento,492000.0,432000.0,7,7,1,1,6,0,1
I78H22000080006,Emilia-Romagna,003,036,036003,Concluso,COLLAUDO,ASILI NIDO,Concluso,1,1,1,2023-01-28,2025-07-31,2025-07-31,2023.0,0,AMPLIAMENTO (COMPRESA SOPRAELEVAZIONE) O POTENZIAMENTO,Ampliamento,308050.74,300000.0,4,5,1,1,4,1,1
I78H22000340006,Campania,034,062,062034,In Corso,COLLAUDO,ASILI NIDO,Collaudo non concluso,0,1,0,2022-03-23,,2026-06-30,2022.0,0,RISTRUTTURAZIONE (PER CAMBIO DI DESTINAZIONE D'USO),Ristrutturazione/recupero,1097177.4,997434.0,4,4,1,1,3,0,1
I78H22000350006,Abruzzo,094,069,069094,In Corso,COLLAUDO,ASILI NIDO,Collaudo non concluso,0,1,0,2022-12-16,,2026-04-30,2022.0,0,AMPLIAMENTO (COMPRESA SOPRAELEVAZIONE) O POTENZIAMENTO,Ampliamento,270121.94,260000.0,5,5,1,1,4,0,1
I78H24000240006,Sicilia,033,083,083033,In Corso,COLLAUDO,ASILI NIDO,Collaudo non concluso,0,1,0,2024-09-01,,2026-06-30,2024.0,0,AMPLIAMENTO (COMPRESA SOPRAELEVAZIONE) O POTENZIAMENTO,Ampliamento,576000.0,576000.0,2,2,1,1,1,0,1
I78H24000250006,Campania,018,061,061018,In Corso,COLLAUDO,ASILI NIDO,Collaudo non concluso,0,1,0,2024-09-23,,2026-06-30,2024.0,0,RISTRUTTURAZIONE (PER CAMBIO DI DESTINAZIONE D'USO),Ristrutturazione/recupero,600000.0,600000.0,0,0,0,0,0,0,1
I78H24000260006,Abruzzo,094,069,069094,In Corso,COLLAUDO,ASILI NIDO,Collaudo non concluso,0,1,0,2025-02-08,,2026-06-30,2025.0,0,AMPLIAMENTO (COMPRESA SOPRAELEVAZIONE) O POTENZIAMENTO,Ampliamento,250150.4,240000.0,3,3,1,1,2,0,1
I78H24000270006,Sicilia,022,084,084022,In Corso,COLLAUDO,ASILI NIDO,Collaudo non concluso,0,1,0,2024-08-30,,2026-06-30,2024.0,0,RISTRUTTURAZIONE (PER CAMBIO DI DESTINAZIONE D'USO),Ristrutturazione/recupero,560000.0,560000.0,3,3,1,1,2,1,1
I78H25000240006,Calabria,071,078,078071,In Corso,ESECUZIONE LAVORI,ASILI NIDO,Esecuzione lavori,0,0,0,2025-08-14,,2026-07-31,2025.0,0,RISTRUTTURAZIONE (PER CAMBIO DI DESTINAZIONE D'USO),Ristrutturazione/recupero,400000.0,400000.0,3,3,1,1,1,0,1
I78H25000250006,Piemonte,134,001,001134,In Corso,COLLAUDO,ASILI NIDO,Collaudo non concluso,0,1,0,2025-09-26,,2026-06-30,2025.0,0,RISTRUTTURAZIONE (PER CAMBIO DI DESTINAZIONE D'USO),Ristrutturazione/recupero,160000.0,160000.0,2,2,1,1,2,0,1
I78H25000390006,Calabria,152,078,078152,In Corso,COLLAUDO,ASILI NIDO,Collaudo non concluso,0,1,0,2025-09-19,,2026-06-30,2025.0,0,RISTRUTTURAZIONE (PER CAMBIO DI DESTINAZIONE D'USO),Ristrutturazione/recupero,1440000.0,1440000.0,7,7,1,1,6,0,1
I78I21000670006,Emilia-Romagna,006,039,039006,In Corso,ESECUZIONE LAVORI,ASILI NIDO,Esecuzione lavori,0,0,0,2022-02-22,,2026-12-31,2022.0,0,RISTRUTTURAZIONE CON EFFICIENTAMENTO ENERGETICO,Ristrutturazione/recupero,1089000.0,990000.0,9,9,1,1,8,0,1
I78I22000020006,Lombardia,059,015,015059,Concluso,COLLAUDO,SCUOLE MATERNE,Concluso,1,1,1,2022-01-17,2024-07-03,2026-06-30,2022.0,0,RISTRUTTURAZIONE CON EFFICIENTAMENTO ENERGETICO,Ristrutturazione/recupero,500000.0,500000.0,2,2,1,1,1,0,1
I78I22000030006,Lombardia,059,015,015059,Concluso,COLLAUDO,ASILI NIDO,Concluso,1,1,1,2022-02-28,2023-10-27,2023-10-27,2022.0,0,RISTRUTTURAZIONE CON EFFICIENTAMENTO ENERGETICO,Ristrutturazione/recupero,200000.0,200000.0,2,2,1,1,1,0,1
I79I22000150006,Puglia,015,071,071015,In Corso,COLLAUDO,ASILI NIDO,Collaudo non concluso,0,1,0,2022-09-24,,2026-06-30,2022.0,0,MANUTENZIONE STRAORDINARIA PER MESSA IN SICUREZZA (ESCLUSO DISSESTO IDROGEOLOGICO),Altro,1260000.0,1260000.0,7,5,1,1,6,0,1
I81B21001630005,Marche,023,043,043023,In Corso,ESECUZIONE LAVORI,SCUOLE MATERNE,Esecuzione lavori,0,0,0,2022-04-11,,2026-08-31,2022.0,1,NUOVA REALIZZAZIONE,Nuova realizzazione,3333592.1,2512400.0,14,15,1,1,13,0,1
I81B21001640005,Marche,023,043,043023,In Corso,ESECUZIONE LAVORI,SCUOLE MATERNE,Esecuzione lavori,0,0,0,2022-04-11,,2026-08-31,2022.0,1,NUOVA REALIZZAZIONE,Nuova realizzazione,3354643.24,2516142.0,14,19,1,1,13,0,1
I81B21001800005,Puglia,012,073,073012,In Corso,COLLAUDO,ASILI NIDO,Collaudo non concluso,0,1,0,2022-10-07,,2026-06-30,2022.0,1,NUOVA REALIZZAZIONE,Nuova realizzazione,2640000.0,2400000.0,3,5,1,1,2,0,1
I81B21002040001,Calabria,009,078,078009,Concluso,COLLAUDO,ASILI NIDO,Concluso,1,1,1,2022-09-22,2025-12-17,2026-06-30,2022.0,1,NUOVA REALIZZAZIONE,Nuova realizzazione,812308.01,812308.01,4,4,1,1,3,0,1
I81B22000820006,Emilia-Romagna,022,036,036022,In Corso,COLLAUDO,ASILI NIDO,Collaudo non concluso,0,1,0,2022-09-08,,2026-06-30,2022.0,0,NUOVA REALIZZAZIONE,Nuova realizzazione,2462898.48,1264800.0,6,2,1,1,5,0,1
I81B22000840006,Calabria,009,078,078009,In Corso,COLLAUDO,ASILI NIDO,Collaudo non concluso,0,1,0,2022-01-03,,2026-06-30,2022.0,0,NUOVA REALIZZAZIONE,Nuova realizzazione,540638.16,522846.52,5,5,1,1,4,0,1
I81B22000850006,Sardegna,103,111,111103,In Corso,ESECUZIONE LAVORI,SCUOLE MATERNE,Esecuzione lavori,0,0,0,2021-12-03,,2026-06-30,2021.0,0,NUOVA REALIZZAZIONE,Nuova realizzazione,2880182.5,2301831.32,5,11,1,1,5,1,1
I81B22000870006,Puglia,052,071,071052,In Corso,ESECUZIONE LAVORI,ASILI NIDO,Esecuzione lavori,0,0,0,2022-09-08,,2026-06-30,2022.0,0,NUOVA REALIZZAZIONE,Nuova realizzazione,995073.03,911082.0,9,7,1,1,8,0,1
I83C24000520006,Puglia,019,074,074019,In Corso,ESECUZIONE LAVORI,ASILI NIDO,Esecuzione lavori,0,0,0,2024-06-13,,2026-06-30,2024.0,0,RISTRUTTURAZIONE CON EFFICIENTAMENTO ENERGETICO,Ristrutturazione/recupero,720000.0,720000.0,9,10,1,1,8,0,1
I83C24000550006,Calabria,006,102,102006,In Corso,ESECUZIONE LAVORI,ASILI NIDO,Esecuzione lavori,0,0,0,2024-09-12,,2026-06-30,2024.0,0,RISTRUTTURAZIONE CON EFFICIENTAMENTO ENERGETICO,Ristrutturazione/recupero,480000.0,480000.0,3,2,1,1,2,0,1
I84E21002100001,Sicilia,036,082,082036,In Corso,ESECUZIONE LAVORI,ASILI NIDO,Esecuzione lavori,0,0,0,2023-06-15,,2026-06-30,2023.0,1,RISTRUTTURAZIONE (PER CAMBIO DI DESTINAZIONE D'USO),Ristrutturazione/recupero,1051154.69,857587.74,4,6,1,1,3,0,1
I85E21000280006,Campania,002,065,065002,Concluso,COLLAUDO,ASILI NIDO,Concluso,1,1,1,2021-04-02,2026-02-09,2026-06-30,2021.0,0,NUOVA REALIZZAZIONE,Nuova realizzazione,1045000.0,950000.0,6,6,1,1,5,0,1
I85E22000030006,Puglia,019,074,074019,In Corso,ESECUZIONE LAVORI,SCUOLE MATERNE,Esecuzione lavori,0,0,0,2022-10-19,,2026-06-30,2022.0,0,NUOVA REALIZZAZIONE,Nuova realizzazione,2915000.0,2650000.0,7,9,1,1,6,0,1
I85E22000050006,Sardegna,105,092,092105,In Corso,COLLAUDO,SCUOLE MATERNE,Collaudo non concluso,0,1,0,2023-05-31,,2026-06-30,2023.0,0,NUOVA REALIZZAZIONE,Nuova realizzazione,2420000.0,2200000.0,4,5,1,1,3,1,1
I85E22000060006,Campania,071,062,062071,In Corso,ESECUZIONE LAVORI,ASILI NIDO,Esecuzione lavori,0,0,0,2023-01-17,,2026-06-30,2023.0,0,NUOVA REALIZZAZIONE,Nuova realizzazione,1880991.2,1709992.0,3,2,1,1,2,0,1
I85E22000120006,Sicilia,035,087,087035,In Corso,ESECUZIONE LAVORI,SCUOLE MATERNE,Esecuzione lavori,0,0,0,2022-11-14,,2026-06-30,2022.0,0,NUOVA REALIZZAZIONE,Nuova realizzazione,2629000.0,2390000.0,7,9,1,1,6,0,1
I85E22000140006,Piemonte,237,004,004237,In Corso,COLLAUDO,SCUOLE MATERNE,Collaudo non concluso,0,1,0,2022-11-25,,2026-06-30,2022.0,0,NUOVA REALIZZAZIONE,Nuova realizzazione,1984598.0,1804180.0,2,2,1,0,2,0,1
I85E22000160006,Calabria,036,078,078036,In Corso,COLLAUDO,ASILI NIDO,Collaudo non concluso,0,1,0,2022-09-13,,2026-06-30,2022.0,0,NUOVA REALIZZAZIONE,Nuova realizzazione,2143454.4,1984680.0,3,3,1,1,2,0,1
I85E22000280006,Molise,017,094,094017,In Corso,ESECUZIONE LAVORI,ASILI NIDO,Esecuzione lavori,0,0,0,2023-03-23,,2026-03-31,2023.0,0,NUOVA REALIZZAZIONE,Nuova realizzazione,987750.0,987750.0,6,7,1,1,5,0,1
I85E22000340006,Molise,029,070,070029,In Corso,ESECUZIONE LAVORI,SCUOLE MATERNE,Esecuzione lavori,0,0,0,2023-05-26,,2026-06-17,2023.0,0,NUOVA REALIZZAZIONE,Nuova realizzazione,825000.0,750000.0,4,5,1,1,3,0,1
I85E24000270006,Campania,002,065,065002,In Corso,COLLAUDO,ASILI NIDO,Collaudo non concluso,0,1,0,2024-07-25,,2026-06-30,2024.0,0,NUOVA REALIZZAZIONE,Nuova realizzazione,864000.0,864000.0,1,2,1,1,0,0,1
I85E24000280006,Veneto,027,026,026027,In Corso,ESECUZIONE LAVORI,ASILI NIDO,Esecuzione lavori,0,0,0,2024-07-03,,2026-06-30,2024.0,0,NUOVA REALIZZAZIONE,Nuova realizzazione,920000.0,576000.0,6,6,1,1,5,0,1
I85E24000290006,Abruzzo,059,069,069059,In Corso,COLLAUDO,ASILI NIDO,Collaudo non concluso,0,1,0,2024-05-29,,2026-06-30,2024.0,0,NUOVA REALIZZAZIONE,Nuova realizzazione,805000.0,480000.0,4,4,1,1,3,0,1
I85E25000180006,Puglia,012,073,073012,In Corso,ESECUZIONE LAVORI,ASILI NIDO,Esecuzione lavori,0,0,0,2025-05-08,,2026-06-30,2025.0,0,NUOVA REALIZZAZIONE,Nuova realizzazione,1392000.0,1392000.0,3,3,1,0,3,0,1
I85E25000190006,Calabria,032,080,080032,In Corso,ESECUZIONE LAVORI,ASILI NIDO,Esecuzione lavori,0,0,0,2025-08-08,,2026-10-30,2025.0,0,NUOVA REALIZZAZIONE,Nuova realizzazione,480000.0,480000.0,2,2,1,0,2,0,1
I85E25000200006,Lazio,087,060,060087,In Corso,Fase non disponibile,ASILI NIDO,Fase non disponibile,0,0,0,,,,,0,NUOVA REALIZZAZIONE,Nuova realizzazione,480000.0,480000.0,0,0,0,0,0,0,1
I85E25000220006,Lombardia,117,018,018117,In Corso,ESECUZIONE LAVORI,ASILI NIDO,Esecuzione lavori,0,0,0,2025-09-02,,2026-06-30,2025.0,0,NUOVA REALIZZAZIONE,Nuova realizzazione,480000.0,480000.0,10,9,1,1,9,0,1
I85E25000300006,Campania,002,065,065002,In Corso,Fase non disponibile,ASILI NIDO,Fase non disponibile,0,0,0,,,,,0,NUOVA REALIZZAZIONE,Nuova realizzazione,864000.0,864000.0,0,0,0,0,0,0,1
I85E25000630001,Abruzzo,045,067,067045,In Corso,ESECUZIONE LAVORI,ASILI NIDO,Esecuzione lavori,0,0,0,2025-09-18,,2026-06-30,2025.0,0,NUOVA REALIZZAZIONE,Nuova realizzazione,480000.0,480000.0,4,4,1,1,3,0,1
I87G22000000006,Piemonte,099,001,001099,Concluso,COLLAUDO,ASILI NIDO,Concluso,1,1,1,2022-12-23,2025-04-03,2025-12-31,2022.0,0,RECUPERO,Ristrutturazione/recupero,508200.0,508200.0,5,5,1,1,3,0,1
I87G22000040006,Puglia,052,071,071052,In Corso,STIPULA CONTRATTO,SCUOLE MATERNE,Prima dell'esecuzione,0,0,0,2022-09-08,,2025-12-31,2022.0,0,RECUPERO,Ristrutturazione/recupero,407215.17,373500.0,3,2,1,1,2,0,1
I87H21001030001,Calabria,006,102,102006,In Corso,ESECUZIONE LAVORI,ALTRE STRUTTURE SOCIALI,Esecuzione lavori,0,0,0,2022-11-22,,2026-06-30,2022.0,1,MANUTENZIONE STRAORDINARIA,Altro,948166.5,948166.5,5,4,1,1,3,0,1
I88H22000010006,Piemonte,026,096,096026,In Corso,COLLAUDO,ASILI NIDO,Collaudo non concluso,0,1,0,2022-11-29,,2026-06-22,2022.0,0,AMPLIAMENTO (COMPRESA SOPRAELEVAZIONE) O POTENZIAMENTO,Ampliamento,1300000.0,1100000.0,15,12,1,1,13,0,1
I88H22000050006,Lazio,003,057,057003,In Corso,COLLAUDO,SCUOLE MATERNE,Collaudo non concluso,0,1,0,2022-12-14,,2026-03-31,2022.0,0,RISTRUTTURAZIONE (PER CAMBIO DI DESTINAZIONE D'USO),Ristrutturazione/recupero,952663.9,855044.0,3,3,1,1,2,0,1
I88H22000060006,Campania,017,062,062017,In Corso,COLLAUDO,SCUOLE MATERNE,Collaudo non concluso,0,1,0,2022-10-22,,2026-06-30,2022.0,0,AMPLIAMENTO (COMPRESA SOPRAELEVAZIONE) O POTENZIAMENTO,Ampliamento,1150000.0,1150000.0,3,4,1,1,2,0,1
I88H22000070001,Abruzzo,059,069,069059,In Corso,COLLAUDO,SCUOLE MATERNE,Collaudo non concluso,0,1,0,2023-03-28,,2026-06-30,2023.0,0,AMPLIAMENTO (COMPRESA SOPRAELEVAZIONE) O POTENZIAMENTO,Ampliamento,315500.0,315500.0,3,1,1,1,2,0,1
I88H22000270007,Lombardia,120,012,012120,In Corso,COLLAUDO,ASILI NIDO,Collaudo non concluso,0,1,0,2022-11-16,,2026-06-30,2022.0,0,AMPLIAMENTO (COMPRESA SOPRAELEVAZIONE) O POTENZIAMENTO,Ampliamento,3342037.29,2213280.0,6,6,1,1,5,0,1
I88H24000230006,Veneto,051,023,023051,Concluso,COLLAUDO,ASILI NIDO,Concluso,1,1,1,2024-08-19,2025-12-12,2025-12-12,2024.0,0,RISTRUTTURAZIONE (PER CAMBIO DI DESTINAZIONE D'USO),Ristrutturazione/recupero,560000.0,560000.0,6,5,1,1,5,0,1
I88H24000240006,Sicilia,027,082,082027,In Corso,ESECUZIONE LAVORI,ASILI NIDO,Esecuzione lavori,0,0,0,2024-09-05,,2026-06-30,2024.0,0,RISTRUTTURAZIONE (PER CAMBIO DI DESTINAZIONE D'USO),Ristrutturazione/recupero,840000.0,840000.0,2,2,1,1,1,0,1
I88H24000250006,Emilia-Romagna,035,034,034035,In Corso,COLLAUDO/REGOLARE ESECUZIONE,ASILI NIDO,Collaudo non concluso,0,1,0,2024-11-13,,2026-03-31,2024.0,0,RISTRUTTURAZIONE (PER CAMBIO DI DESTINAZIONE D'USO),Ristrutturazione/recupero,220000.0,220000.0,1,1,1,1,0,0,1
I88H25000080006,Calabria,006,102,102006,In Corso,ESECUZIONE LAVORI,ASILI NIDO,Esecuzione lavori,0,0,0,2025-08-12,,2026-07-01,2025.0,0,RISTRUTTURAZIONE (PER CAMBIO DI DESTINAZIONE D'USO),Ristrutturazione/recupero,480000.0,480000.0,5,2,1,1,3,0,1
I91B21001460001,Campania,016,063,063016,In Corso,COLLAUDO,ASILI NIDO,Collaudo non concluso,0,1,0,2021-03-22,,2026-06-30,2021.0,1,NUOVA REALIZZAZIONE,Nuova realizzazione,1606000.0,1460000.0,6,6,1,1,5,0,1
I91B21001470001,Emilia-Romagna,018,034,034018,In Corso,COLLAUDO,ASILI NIDO,Collaudo non concluso,0,1,0,2022-09-27,,2026-06-30,2022.0,1,NUOVA REALIZZAZIONE,Nuova realizzazione,2439000.0,1890000.0,7,8,1,1,6,0,1
I91B21001480001,Abruzzo,026,068,068026,In Corso,COLLAUDO,SCUOLE MATERNE,Collaudo non concluso,0,1,0,2021-05-04,,2026-06-30,2021.0,1,NUOVA REALIZZAZIONE,Nuova realizzazione,2444180.4,2444180.4,4,4,1,1,3,0,1
I91B22000480006,Emilia-Romagna,027,034,034027,In Corso,COLLAUDO,ASILI NIDO,Collaudo non concluso,0,1,0,2022-10-27,,2026-11-30,2022.0,0,NUOVA REALIZZAZIONE,Nuova realizzazione,3901304.99,2500000.0,18,31,1,1,18,4,1
I91B22000580006,Marche,018,109,109018,In Corso,COLLAUDO,ASILI NIDO,Collaudo non concluso,0,1,0,2022-10-24,,2026-06-30,2022.0,0,NUOVA REALIZZAZIONE,Nuova realizzazione,3664253.0,2780920.0,15,17,1,1,15,1,1
I91B22000610001,Molise,003,070,070003,In Corso,ESECUZIONE LAVORI,ASILI NIDO,Esecuzione lavori,0,0,0,2023-04-03,,2026-06-30,2023.0,0,NUOVA REALIZZAZIONE,Nuova realizzazione,3000000.0,3000000.0,6,5,1,1,5,0,1
I92J24000010001,Calabria,010,078,078010,In Corso,COLLAUDO,SERVIZI PER L'INFANZIA,Collaudo non concluso,0,1,0,2024-07-12,,2026-06-30,2024.0,0,NUOVA REALIZZAZIONE,Nuova realizzazione,720000.0,720000.0,3,2,1,1,2,1,1
I93C22000290006,Lazio,065,058,058065,In Corso,COLLAUDO,ASILI NIDO,Collaudo non concluso,0,1,0,2023-02-22,,2026-06-30,2023.0,0,RISTRUTTURAZIONE CON EFFICIENTAMENTO ENERGETICO,Ristrutturazione/recupero,996000.0,996000.0,8,9,1,1,7,0,1
I93C22000300006,Veneto,043,023,023043,In Corso,COLLAUDO,ASILI NIDO,Collaudo non concluso,0,1,0,2023-03-01,,2026-04-30,2023.0,0,RISTRUTTURAZIONE CON EFFICIENTAMENTO ENERGETICO,Ristrutturazione/recupero,814058.3,740053.0,6,1,1,1,5,0,1
I93D22000220006,Sicilia,021,081,081021,In Corso,ESECUZIONE LAVORI,SCUOLE MATERNE,Esecuzione lavori,0,0,0,2022-11-15,,2026-09-15,2022.0,0,RECUPERO,Ristrutturazione/recupero,1115400.0,1014000.0,4,7,1,1,4,1,1
I94E22000120006,Veneto,078,028,028078,Concluso,COLLAUDO,ASILI NIDO,Concluso,1,1,1,2022-11-18,2024-07-31,2024-07-31,2022.0,0,RISTRUTTURAZIONE (PER CAMBIO DI DESTINAZIONE D'USO),Ristrutturazione/recupero,458035.26,355500.0,3,2,1,1,2,0,1
I94E22000190001,Emilia-Romagna,008,039,039008,Concluso,COLLAUDO,ASILI NIDO,Concluso,1,1,1,2021-04-18,2024-12-10,2024-12-10,2021.0,0,AMPLIAMENTO (COMPRESA SOPRAELEVAZIONE) O POTENZIAMENTO,Ampliamento,1048987.5,841100.0,10,10,1,1,9,0,1
I95E21000280006,Liguria,002,011,011002,In Corso,ESECUZIONE LAVORI,SCUOLE MATERNE,Esecuzione lavori,0,0,0,2023-02-02,,2026-06-30,2023.0,0,NUOVA REALIZZAZIONE,Nuova realizzazione,2100195.11,2100195.11,1,1,1,1,0,0,1
I95E22000010006,Umbria,010,055,055010,In Corso,COLLAUDO,ASILI NIDO,Collaudo non concluso,0,1,0,2022-09-08,,2026-06-30,2022.0,0,NUOVA REALIZZAZIONE,Nuova realizzazione,919600.0,836000.0,5,5,1,1,4,0,1
I95E22000020006,Piemonte,009,006,006009,In Corso,ESECUZIONE LAVORI,ASILI NIDO,Esecuzione lavori,0,0,0,2023-04-04,,2026-06-30,2023.0,0,NUOVA REALIZZAZIONE,Nuova realizzazione,4320000.0,4320000.0,5,5,1,1,3,0,1
I95E22000070006,Liguria,040,010,010040,In Corso,ESECUZIONE LAVORI,ASILI NIDO,Esecuzione lavori,0,0,0,2023-01-07,,2026-12-31,2023.0,0,NUOVA REALIZZAZIONE,Nuova realizzazione,523083.0,475530.0,7,7,1,1,6,0,1
I95E22000080006,Marche,042,043,043042,In Corso,COLLAUDO,ASILI NIDO,Collaudo non concluso,0,1,0,2023-11-30,,2025-12-31,2023.0,0,NUOVA REALIZZAZIONE,Nuova realizzazione,1132000.0,720000.0,4,4,1,1,4,1,1
I95E22000090006,Campania,120,065,065120,In Corso,ESECUZIONE LAVORI,ASILI NIDO,Esecuzione lavori,0,0,0,2022-12-29,,2026-06-30,2022.0,0,NUOVA REALIZZAZIONE,Nuova realizzazione,1774080.0,1612800.0,4,4,1,1,3,0,1
I95E22000180006,Emilia-Romagna,027,034,034027,In Corso,COLLAUDO,ASILI NIDO,Collaudo non concluso,0,1,0,2022-11-23,,2026-11-30,2022.0,0,NUOVA REALIZZAZIONE,Nuova realizzazione,3803283.58,2500000.0,10,17,1,1,10,2,1
I95E22000190006,Puglia,024,072,072024,In Corso,ESECUZIONE LAVORI,ASILI NIDO,Esecuzione lavori,0,0,0,2023-03-31,,2026-06-30,2023.0,0,NUOVA REALIZZAZIONE,Nuova realizzazione,1750000.0,1750000.0,6,0,1,1,5,0,1
I95E22000230006,Calabria,008,079,079008,In Corso,COLLAUDO,SCUOLE MATERNE,Collaudo non concluso,0,1,0,2023-02-01,,2026-06-30,2023.0,0,NUOVA REALIZZAZIONE,Nuova realizzazione,1322266.32,1322266.32,4,4,1,1,3,0,1
I95E24000040006,Campania,016,063,063016,In Corso,ESECUZIONE LAVORI,ASILI NIDO,Esecuzione lavori,0,0,0,2024-06-13,,2026-06-30,2024.0,0,NUOVA REALIZZAZIONE,Nuova realizzazione,1008000.0,1008000.0,2,1,1,1,2,1,1
I95E24000050006,Puglia,063,075,075063,In Corso,ESECUZIONE LAVORI,ASILI NIDO,Esecuzione lavori,0,0,0,2024-08-23,,2026-06-30,2024.0,0,NUOVA REALIZZAZIONE,Nuova realizzazione,864000.0,864000.0,10,10,1,1,9,0,1
I95E24000060006,Campania,005,064,064005,In Corso,COLLAUDO/REGOLARE ESECUZIONE,ASILI NIDO,Collaudo non concluso,0,1,0,2024-11-15,,2026-06-30,2024.0,0,NUOVA REALIZZAZIONE,Nuova realizzazione,864000.0,864000.0,4,3,1,1,2,0,1
I95E24000070006,Lazio,018,059,059018,In Corso,ESECUZIONE LAVORI,ASILI NIDO,Esecuzione lavori,0,0,0,2024-10-24,,2026-06-30,2024.0,0,NUOVA REALIZZAZIONE,Nuova realizzazione,400000.0,400000.0,3,3,1,1,2,0,1
I95E25000040006,Puglia,004,073,073004,In Corso,ESECUZIONE LAVORI,ASILI NIDO,Esecuzione lavori,0,0,0,2025-08-02,,2026-10-30,2025.0,0,NUOVA REALIZZAZIONE,Nuova realizzazione,720000.0,720000.0,3,4,1,1,2,0,1
I95E25000050006,Molise,021,070,070021,In Corso,Fase non disponibile,ASILI NIDO,Fase non disponibile,0,0,0,,,,,0,NUOVA REALIZZAZIONE,Nuova realizzazione,480000.0,480000.0,0,0,0,0,0,0,1
I95E25000060006,Lazio,043,060,060043,In Corso,ESECUZIONE LAVORI,ASILI NIDO,Esecuzione lavori,0,0,0,2026-03-01,,2026-06-30,2026.0,0,NUOVA REALIZZAZIONE,Nuova realizzazione,720000.0,720000.0,0,0,0,0,0,0,1
I95E25000070006,Campania,005,064,064005,In Corso,COLLAUDO,ASILI NIDO,Collaudo non concluso,0,1,0,2025-08-01,,2026-11-30,2025.0,0,NUOVA REALIZZAZIONE,Nuova realizzazione,864000.0,864000.0,3,3,1,1,2,0,1
I95E25000080006,Campania,101,061,061101,In Corso,Fase non disponibile,ASILI NIDO,Fase non disponibile,0,0,0,,,,,0,NUOVA REALIZZAZIONE,Nuova realizzazione,576000.0,576000.0,0,0,0,0,0,0,1
I96F24000040006,Campania,095,064,064095,In Corso,ESECUZIONE LAVORI,ASILI NIDO,Esecuzione lavori,0,0,0,2024-11-04,,2026-12-31,2024.0,0,DEMOLIZIONE,Demolizione/ricostruzione,500000.0,500000.0,7,7,1,1,6,0,1
I96F24000050006,Calabria,016,102,102016,In Corso,COLLAUDO,ASILI NIDO,Collaudo non concluso,0,1,0,2024-11-04,,2026-06-30,2024.0,0,DEMOLIZIONE,Demolizione/ricostruzione,672000.0,672000.0,4,4,1,1,3,0,1
I96F25000050006,Calabria,010,078,078010,In Corso,COLLAUDO,ASILI NIDO,Collaudo non concluso,0,1,0,2025-08-07,,2026-06-30,2025.0,0,DEMOLIZIONE,Demolizione/ricostruzione,864000.0,864000.0,3,3,1,0,3,0,1
I97G24000050006,Liguria,002,011,011002,In Corso,COLLAUDO,ASILI NIDO,Collaudo non concluso,0,1,0,2024-08-28,,2026-06-30,2024.0,0,RECUPERO,Ristrutturazione/recupero,720000.0,720000.0,4,3,1,1,3,0,1
I97G24000060006,Sicilia,021,081,081021,In Corso,Fase non disponibile,ASILI NIDO,Fase non disponibile,0,0,0,,,,,0,RECUPERO,Ristrutturazione/recupero,2160000.0,2160000.0,0,0,0,0,0,0,1
I97G25000110006,Campania,005,064,064005,In Corso,ESECUZIONE LAVORI,ASILI NIDO,Esecuzione lavori,0,0,0,2025-10-28,,2026-06-30,2025.0,0,RECUPERO,Ristrutturazione/recupero,300000.0,300000.0,4,4,1,1,3,0,1
I98H22000070006,Lombardia,023,097,097023,In Corso,COLLAUDO,ASILI NIDO,Collaudo non concluso,0,1,0,2022-12-14,,2026-06-30,2022.0,0,RISTRUTTURAZIONE (PER CAMBIO DI DESTINAZIONE D'USO),Ristrutturazione/recupero,1057914.0,961740.0,2,2,1,1,1,0,1
I98H22000220006,Piemonte,121,004,004121,In Corso,COLLAUDO,ASILI NIDO,Collaudo non concluso,0,1,0,2022-11-28,,2025-12-31,2022.0,0,RISTRUTTURAZIONE (PER CAMBIO DI DESTINAZIONE D'USO),Ristrutturazione/recupero,869100.0,807000.0,3,5,1,1,2,0,1
I98H24000120006,Sicilia,013,085,085013,In Corso,ESECUZIONE LAVORI,ASILI NIDO,Esecuzione lavori,0,0,0,2024-09-05,,2026-06-30,2024.0,0,AMPLIAMENTO (COMPRESA SOPRAELEVAZIONE) O POTENZIAMENTO,Ampliamento,1632000.0,1632000.0,4,4,1,1,3,0,1
I98H24000140006,Piemonte,081,006,006081,In Corso,ESECUZIONE LAVORI,ASILI NIDO,Esecuzione lavori,0,0,0,2024-05-30,,2026-08-31,2024.0,0,RISTRUTTURAZIONE (PER CAMBIO DI DESTINAZIONE D'USO),Ristrutturazione/recupero,480000.0,480000.0,5,4,1,1,4,0,1
I98H25000130006,Sicilia,013,085,085013,In Corso,Fase non disponibile,ASILI NIDO,Fase non disponibile,0,0,0,,,,,0,RISTRUTTURAZIONE (PER CAMBIO DI DESTINAZIONE D'USO),Ristrutturazione/recupero,540000.0,540000.0,0,0,0,0,0,0,1
I98H25000140006,Sicilia,013,085,085013,In Corso,Fase non disponibile,ASILI NIDO,Fase non disponibile,0,0,0,,,,,0,RISTRUTTURAZIONE (PER CAMBIO DI DESTINAZIONE D'USO),Ristrutturazione/recupero,300000.0,300000.0,0,0,0,0,0,0,1
I98H25000150006,Liguria,002,011,011002,In Corso,ESECUZIONE LAVORI,ASILI NIDO,Esecuzione lavori,0,0,0,2025-08-13,,2026-06-30,2025.0,0,RISTRUTTURAZIONE (PER CAMBIO DI DESTINAZIONE D'USO),Ristrutturazione/recupero,600000.0,600000.0,1,0,1,1,0,0,1
I98H25000160006,Veneto,008,027,027008,In Corso,ESECUZIONE LAVORI,ASILI NIDO,Esecuzione lavori,0,0,0,2026-04-10,,2026-09-30,2026.0,0,AMPLIAMENTO (COMPRESA SOPRAELEVAZIONE) O POTENZIAMENTO,Ampliamento,2400346.92,1728000.0,3,4,1,1,2,0,1
I98H25000200006,Campania,005,064,064005,In Corso,COLLAUDO,ASILI NIDO,Collaudo non concluso,0,1,0,2025-09-19,,2026-06-30,2025.0,0,RISTRUTTURAZIONE CON EFFICIENTAMENTO ENERGETICO,Ristrutturazione/recupero,200000.0,200000.0,2,2,1,1,2,0,1
I99H25000000006,Campania,093,065,065093,In Corso,ESECUZIONE LAVORI,SERVIZI PER L'INFANZIA,Esecuzione lavori,0,0,0,2025-06-17,,2026-06-25,2025.0,0,RISTRUTTURAZIONE CON EFFICIENTAMENTO ENERGETICO,Ristrutturazione/recupero,200000.0,200000.0,1,0,1,0,1,0,1
J11B22001040006,Lazio,044,060,060044,In Corso,COLLAUDO,ASILI NIDO,Collaudo non concluso,0,1,0,2022-10-19,,2026-06-30,2022.0,0,NUOVA REALIZZAZIONE,Nuova realizzazione,2794505.19,2360000.0,10,11,1,1,9,0,1
J11B22001240006,Campania,017,063,063017,In Corso,ESECUZIONE LAVORI,SCUOLE MATERNE,Esecuzione lavori,0,0,0,2022-10-19,,2026-06-30,2022.0,0,NUOVA REALIZZAZIONE,Nuova realizzazione,4448790.35,4044354.86,7,2,1,1,6,0,1
J11B22001260006,Campania,096,064,064096,In Corso,COLLAUDO,ASILI NIDO,Collaudo non concluso,0,1,0,2021-12-02,,2026-06-30,2021.0,0,NUOVA REALIZZAZIONE,Nuova realizzazione,554400.0,504000.0,10,10,1,1,9,0,1
J11B22001360006,Campania,067,065,065067,In Corso,ESECUZIONE LAVORI,ASILI NIDO,Esecuzione lavori,0,0,0,2022-10-26,,2026-06-30,2022.0,0,NUOVA REALIZZAZIONE,Nuova realizzazione,1567060.0,1424600.0,7,8,1,1,5,0,1
J11B22001620006,Piemonte,097,003,003097,In Corso,COLLAUDO,ASILI NIDO,Collaudo non concluso,0,1,0,2023-03-02,,2026-12-31,2023.0,0,NUOVA REALIZZAZIONE,Nuova realizzazione,738000.0,480000.0,9,8,1,1,8,0,1
J12C22000480006,Emilia-Romagna,006,036,036006,In Corso,COLLAUDO,ASILI NIDO,Collaudo non concluso,0,1,0,2022-09-15,,2026-06-30,2022.0,0,DEMOLIZIONE,Demolizione/ricostruzione,3607659.79,3300000.0,7,7,1,1,7,2,1
J13C22000060001,Lombardia,075,013,013075,In Corso,ESECUZIONE LAVORI,ASILI NIDO,Esecuzione lavori,0,0,0,2022-11-17,,2026-06-30,2022.0,0,RISTRUTTURAZIONE CON EFFICIENTAMENTO ENERGETICO,Ristrutturazione/recupero,3350000.0,1212250.0,5,6,1,1,4,1,1
J13C24000190006,Calabria,119,078,078119,In Corso,COLLAUDO,ASILI NIDO,Collaudo non concluso,0,1,0,2024-09-23,,2026-07-31,2024.0,0,RISTRUTTURAZIONE CON EFFICIENTAMENTO ENERGETICO,Ristrutturazione/recupero,1037825.0,720000.0,4,4,1,1,3,0,1
J13C25000070006,Calabria,017,102,102017,In Corso,ESECUZIONE LAVORI,ASILI NIDO,Esecuzione lavori,0,0,0,2025-08-20,,2026-06-30,2025.0,0,RISTRUTTURAZIONE CON EFFICIENTAMENTO ENERGETICO,Ristrutturazione/recupero,400000.0,400000.0,2,1,1,1,1,0,1
J13C25000120006,Campania,067,065,065067,In Corso,ESECUZIONE LAVORI,ASILI NIDO,Esecuzione lavori,0,0,0,2025-09-30,,2026-06-30,2025.0,0,RISTRUTTURAZIONE CON EFFICIENTAMENTO ENERGETICO,Ristrutturazione/recupero,1200000.0,1200000.0,5,6,1,1,4,0,1
J13H19000050002,Campania,102,061,061102,In Corso,ESECUZIONE LAVORI,ASILI NIDO,Esecuzione lavori,0,0,0,2022-11-17,,2026-06-30,2022.0,0,NUOVA REALIZZAZIONE,Nuova realizzazione,925000.0,925000.0,7,10,1,1,6,0,1
J15E22000020006,Lombardia,166,017,017166,In Corso,COLLAUDO,SCUOLE MATERNE,Collaudo non concluso,0,1,0,2022-09-08,,2026-06-30,2022.0,0,NUOVA REALIZZAZIONE,Nuova realizzazione,3000000.0,3000000.0,6,5,1,1,5,0,1
J15E22000030006,Calabria,017,102,102017,In Corso,ESECUZIONE LAVORI,ASILI NIDO,Esecuzione lavori,0,0,0,2022-12-27,,2026-06-30,2022.0,0,NUOVA REALIZZAZIONE,Nuova realizzazione,2329164.72,2156634.0,9,10,1,1,8,0,1
J15E22000050006,Puglia,064,075,075064,In Corso,COLLAUDO,ASILI NIDO,Collaudo non concluso,0,1,0,2022-02-25,,2026-06-30,2022.0,0,NUOVA REALIZZAZIONE,Nuova realizzazione,2154600.0,2154600.0,7,4,1,1,4,0,1
J15E22000130006,Campania,121,065,065121,In Corso,COLLAUDO,ASILI NIDO,Collaudo non concluso,0,1,0,2023-04-30,,2026-06-30,2023.0,0,NUOVA REALIZZAZIONE,Nuova realizzazione,835016.0,835016.0,5,1,1,1,4,0,1
J15E22000140006,Veneto,080,023,023080,In Corso,ESECUZIONE LAVORI,ASILI NIDO,Esecuzione lavori,0,0,0,2022-11-15,,2026-06-30,2022.0,0,NUOVA REALIZZAZIONE,Nuova realizzazione,594000.0,540000.0,2,2,1,1,1,0,1
J15E22000270006,Lombardia,164,018,018164,In Corso,ESECUZIONE LAVORI,ASILI NIDO,Esecuzione lavori,0,0,0,2022-03-17,,2026-06-30,2022.0,0,NUOVA REALIZZAZIONE,Nuova realizzazione,605000.0,605000.0,6,2,1,1,5,0,1
J15E22000280006,Sardegna,055,091,091055,In Corso,ESECUZIONE LAVORI,ASILI NIDO,Esecuzione lavori,0,0,0,2022-03-03,,2025-12-31,2022.0,0,NUOVA REALIZZAZIONE,Nuova realizzazione,1000000.0,1000000.0,3,1,1,1,1,0,1
J15E22000290006,Calabria,119,078,078119,In Corso,ESECUZIONE LAVORI,ASILI NIDO,Esecuzione lavori,0,0,0,2022-03-29,,2026-08-30,2022.0,0,NUOVA REALIZZAZIONE,Nuova realizzazione,750840.0,750840.0,3,3,1,1,2,0,1
J15E22000300006,Calabria,119,078,078119,In Corso,ESECUZIONE LAVORI,ASILI NIDO,Esecuzione lavori,0,0,0,2022-03-29,,2026-08-30,2022.0,0,NUOVA REALIZZAZIONE,Nuova realizzazione,1952801.32,1467984.62,9,4,1,1,8,0,1
J15E22000310006,Campania,067,065,065067,In Corso,ESECUZIONE LAVORI,ASILI NIDO,Esecuzione lavori,0,0,0,2022-03-29,,2026-06-30,2022.0,0,NUOVA REALIZZAZIONE,Nuova realizzazione,1656611.0,1506010.0,7,5,1,1,6,0,1
J15E22000320006,Marche,037,109,109037,In Corso,ESECUZIONE LAVORI,ASILI NIDO,Esecuzione lavori,0,0,0,2022-12-30,,2026-12-31,2022.0,0,NUOVA REALIZZAZIONE,Nuova realizzazione,1202297.23,990628.25,5,2,1,1,4,0,1
J15E22000390006,Sardegna,080,092,092080,In Corso,ESECUZIONE LAVORI,SCUOLE MATERNE,Esecuzione lavori,0,0,0,2022-11-23,,2026-04-30,2022.0,0,NUOVA REALIZZAZIONE,Nuova realizzazione,919308.0,919308.0,5,5,1,1,4,0,1
J15E22000710006,Calabria,119,078,078119,In Corso,ESECUZIONE LAVORI,ALTRI EDIFICI SCOLASTICI,Esecuzione lavori,0,0,0,2025-08-12,,2026-08-31,2025.0,0,NUOVA REALIZZAZIONE,Nuova realizzazione,1080000.0,1080000.0,0,0,0,0,0,0,1
J15E24000100006,Campania,067,065,065067,In Corso,ESECUZIONE LAVORI,ASILI NIDO,Esecuzione lavori,0,0,0,2024-09-20,,2026-06-30,2024.0,0,NUOVA REALIZZAZIONE,Nuova realizzazione,720000.0,720000.0,5,5,1,1,4,0,1
J15E24000110007,Calabria,011,078,078011,In Corso,COLLAUDO,ASILI NIDO,Collaudo non concluso,0,1,0,2024-08-30,,2026-06-30,2024.0,0,NUOVA REALIZZAZIONE,Nuova realizzazione,576000.0,576000.0,4,4,1,1,3,0,1
J15E24000120006,Campania,008,063,063008,In Corso,COLLAUDO,ASILI NIDO,Collaudo non concluso,0,1,0,2024-07-01,,2026-06-30,2024.0,0,NUOVA REALIZZAZIONE,Nuova realizzazione,960000.0,960000.0,3,3,1,1,2,0,1
J15E24000130006,Campania,008,063,063008,In Corso,ESECUZIONE LAVORI,ASILI NIDO,Esecuzione lavori,0,0,0,2024-07-26,,2026-06-30,2024.0,0,NUOVA REALIZZAZIONE,Nuova realizzazione,1056000.0,1056000.0,6,6,1,1,5,0,1
J15E24000140001,Campania,017,063,063017,In Corso,COLLAUDO,ASILI NIDO,Collaudo non concluso,0,1,0,2024-09-23,,2026-06-30,2024.0,0,NUOVA REALIZZAZIONE,Nuova realizzazione,1400000.0,960000.0,4,4,1,1,2,0,1
J15E24000150006,Calabria,017,102,102017,In Corso,ESECUZIONE LAVORI,ASILI NIDO,Esecuzione lavori,0,0,0,2025-08-14,,2026-06-30,2025.0,0,NUOVA REALIZZAZIONE,Nuova realizzazione,816000.0,816000.0,4,3,1,1,3,0,1
J15E25000010006,Puglia,063,071,071063,In Corso,ESECUZIONE LAVORI,ASILI NIDO,Esecuzione lavori,0,0,0,2025-11-03,,2026-06-30,2025.0,0,NUOVA REALIZZAZIONE,Nuova realizzazione,624000.0,624000.0,5,4,1,1,4,0,1
J15E25000020006,Campania,008,063,063008,In Corso,ESECUZIONE LAVORI,ASILI NIDO,Esecuzione lavori,0,0,0,,,,,0,NUOVA REALIZZAZIONE,Nuova realizzazione,1632000.0,1632000.0,6,7,1,1,5,0,1
J15E25000030006,Calabria,119,078,078119,In Corso,ESECUZIONE LAVORI,ASILI NIDO,Esecuzione lavori,0,0,0,2025-04-02,,2026-08-30,2025.0,0,NUOVA REALIZZAZIONE,Nuova realizzazione,1080000.0,1080000.0,0,0,0,0,0,0,1
J16F25000070006,Calabria,009,079,079009,In Corso,ESECUZIONE LAVORI,ASILI NIDO,Esecuzione lavori,0,0,0,2025-08-18,,2026-06-30,2025.0,0,DEMOLIZIONE,Demolizione/ricostruzione,560000.0,560000.0,2,1,1,1,1,0,1
J16F25000110006,Molise,004,070,070004,In Corso,ESECUZIONE LAVORI,ASILI NIDO,Esecuzione lavori,0,0,0,2025-11-12,,2026-08-31,2025.0,0,DEMOLIZIONE,Demolizione/ricostruzione,600000.0,600000.0,5,5,1,1,3,0,1
J17G22000000006,Abruzzo,020,067,067020,In Corso,COLLAUDO,SCUOLE MATERNE,Collaudo non concluso,0,1,0,2022-10-26,,2025-12-31,2022.0,0,RECUPERO,Ristrutturazione/recupero,1304085.2,1185532.0,6,6,1,1,5,0,1
J17G22000020006,Campania,148,065,065148,Concluso,COLLAUDO,SCUOLE MATERNE,Concluso,1,1,1,2023-03-13,2024-06-03,2024-06-03,2023.0,0,RECUPERO,Ristrutturazione/recupero,976000.0,976000.0,6,6,1,1,5,0,1
J17G24000110006,Lazio,008,060,060008,In Corso,ESECUZIONE LAVORI,ASILI NIDO,Esecuzione lavori,0,0,0,2024-09-23,,2026-06-30,2024.0,0,RECUPERO,Ristrutturazione/recupero,400000.0,400000.0,5,5,1,1,4,0,1
J18H22000040001,Lombardia,075,013,013075,In Corso,ESECUZIONE LAVORI,ASILI NIDO,Esecuzione lavori,0,0,0,2022-11-17,,2026-06-30,2022.0,0,AMPLIAMENTO (COMPRESA SOPRAELEVAZIONE) O POTENZIAMENTO,Ampliamento,2149780.0,1891440.0,5,6,1,1,4,1,1
J18H22000070006,Puglia,063,071,071063,In Corso,ESECUZIONE LAVORI,ASILI NIDO,Esecuzione lavori,0,0,0,2022-02-24,,2026-06-30,2022.0,0,AMPLIAMENTO (COMPRESA SOPRAELEVAZIONE) O POTENZIAMENTO,Ampliamento,535000.0,500500.0,5,2,1,1,4,0,1
J18H22000190006,Marche,065,041,041065,In Corso,COLLAUDO,ASILI NIDO,Collaudo non concluso,0,1,0,2022-12-12,,2025-12-31,2022.0,0,AMPLIAMENTO (COMPRESA SOPRAELEVAZIONE) O POTENZIAMENTO,Ampliamento,1246192.92,1160000.0,8,8,1,1,6,0,1
J18H22000200006,Abruzzo,070,069,069070,In Corso,COLLAUDO,ASILI NIDO,Collaudo non concluso,0,1,0,2023-03-25,,2024-09-19,2023.0,0,RISTRUTTURAZIONE (PER CAMBIO DI DESTINAZIONE D'USO),Ristrutturazione/recupero,276890.0,276890.0,5,2,1,1,4,0,1
J18H24000420001,Campania,017,063,063017,In Corso,COLLAUDO,ASILI NIDO,Collaudo non concluso,0,1,0,2024-09-23,,2026-06-30,2024.0,0,RISTRUTTURAZIONE (PER CAMBIO DI DESTINAZIONE D'USO),Ristrutturazione/recupero,680000.0,440000.0,4,4,1,1,3,0,1
J18H24000430006,Puglia,003,074,074003,In Corso,ESECUZIONE LAVORI,ASILI NIDO,Esecuzione lavori,0,0,0,2024-11-14,,2026-06-30,2024.0,0,RISTRUTTURAZIONE (PER CAMBIO DI DESTINAZIONE D'USO),Ristrutturazione/recupero,600000.0,600000.0,2,2,1,1,1,0,1
J18H24000450006,Marche,037,109,109037,In Corso,Fase non disponibile,ASILI NIDO,Fase non disponibile,0,0,0,,,,,0,RISTRUTTURAZIONE (PER CAMBIO DI DESTINAZIONE D'USO),Ristrutturazione/recupero,720000.0,720000.0,0,0,0,0,0,0,1
J18H25000350006,Campania,102,061,061102,In Corso,ESECUZIONE LAVORI,ASILI NIDO,Esecuzione lavori,0,0,0,2025-10-15,,2026-08-31,2025.0,0,AMPLIAMENTO (COMPRESA SOPRAELEVAZIONE) O POTENZIAMENTO,Ampliamento,576000.0,576000.0,0,0,0,0,0,0,1
J18H25000440006,Calabria,017,102,102017,In Corso,ESECUZIONE LAVORI,ASILI NIDO,Esecuzione lavori,0,0,0,2025-12-09,,2026-07-24,2025.0,0,AMPLIAMENTO (COMPRESA SOPRAELEVAZIONE) O POTENZIAMENTO,Ampliamento,480000.0,480000.0,3,2,1,1,2,0,1
J18I21000080001,Abruzzo,020,067,067020,In Corso,COLLAUDO,SCUOLE MATERNE,Collaudo non concluso,0,1,0,2022-09-22,,2026-06-30,2022.0,1,RISTRUTTURAZIONE CON EFFICIENTAMENTO ENERGETICO,Ristrutturazione/recupero,484000.0,440000.0,6,6,1,1,5,0,1
J18I21000360006,Puglia,009,071,071009,In Corso,COLLAUDO,SCUOLE MATERNE,Collaudo non concluso,0,1,0,2023-03-07,,2026-06-30,2023.0,0,RISTRUTTURAZIONE CON EFFICIENTAMENTO ENERGETICO,Ristrutturazione/recupero,1038000.0,1038000.0,2,1,1,1,1,0,1
J18I22000120006,Friuli-Venezia Giulia,137,030,030137,Concluso,COLLAUDO,ASILI NIDO,Concluso,1,1,1,2022-02-21,2024-04-23,2024-04-23,2022.0,0,RISTRUTTURAZIONE CON EFFICIENTAMENTO ENERGETICO,Ristrutturazione/recupero,273000.0,273000.0,2,2,1,1,1,0,1
J21B20001110001,Abruzzo,005,066,066005,In Corso,ESECUZIONE LAVORI,"EDIFICI SOCIALI, CULTURALI E ASSISTENZIALI",Esecuzione lavori,0,0,0,2023-01-18,,2026-08-31,2023.0,1,NUOVA REALIZZAZIONE,Nuova realizzazione,790000.0,790000.0,6,6,1,1,5,0,1
J21B21000470001,Campania,081,063,063081,In Corso,ESECUZIONE LAVORI,ASILI NIDO,Esecuzione lavori,0,0,0,2021-03-01,,2025-12-31,2021.0,1,NUOVA REALIZZAZIONE,Nuova realizzazione,1791706.84,1658987.82,4,4,1,1,3,0,1
J21B21001050001,Puglia,011,075,075011,In Corso,COLLAUDO,ALTRE STRUTTURE SOCIALI,Collaudo non concluso,0,1,0,2021-04-07,,2026-06-30,2021.0,1,NUOVA REALIZZAZIONE,Nuova realizzazione,1757228.34,1490000.0,3,3,1,1,2,0,1
J21B21005240006,Liguria,015,010,010015,In Corso,COLLAUDO,SCUOLE MATERNE,Collaudo non concluso,0,1,0,2022-11-04,,2026-06-30,2022.0,0,NUOVA REALIZZAZIONE,Nuova realizzazione,4750000.0,2350000.0,11,10,1,1,10,0,1
J21B21005290006,Veneto,025,024,024025,Concluso,COLLAUDO,SCUOLE MATERNE,Concluso,1,1,1,2022-09-08,2025-12-19,2026-06-30,2022.0,0,NUOVA REALIZZAZIONE,Nuova realizzazione,1370019.2,1245472.0,4,5,1,1,3,0,1
J21B22000110001,Lombardia,157,013,013157,In Corso,ESECUZIONE LAVORI,SCUOLE MATERNE,Esecuzione lavori,0,0,0,2022-02-23,,2026-06-30,2022.0,0,NUOVA REALIZZAZIONE,Nuova realizzazione,3010220.4,2256564.0,8,9,1,1,8,1,1
J21B22000850006,Lombardia,037,019,019037,In Corso,ESECUZIONE LAVORI,ASILI NIDO,Esecuzione lavori,0,0,0,2022-01-17,,2026-06-30,2022.0,0,NUOVA REALIZZAZIONE,Nuova realizzazione,1246200.0,1147200.0,10,12,1,1,9,0,1
J23C22000240006,Sicilia,016,089,089016,In Corso,COLLAUDO,ASILI NIDO,Collaudo non concluso,0,1,0,2022-03-30,,2026-06-30,2022.0,0,RISTRUTTURAZIONE CON EFFICIENTAMENTO ENERGETICO,Ristrutturazione/recupero,595000.0,595000.0,5,6,1,1,4,0,1
J24E21000240001,Marche,057,041,041057,In Corso,COLLAUDO,SERVIZI PER L'INFANZIA,Collaudo non concluso,0,1,0,2021-01-01,,2026-06-30,2021.0,1,AMPLIAMENTO (COMPRESA SOPRAELEVAZIONE) O POTENZIAMENTO,Ampliamento,827144.77,717404.34,8,5,1,1,8,1,1
J24E22000330006,Emilia-Romagna,010,039,039010,Concluso,COLLAUDO,ASILI NIDO,Concluso,1,1,1,2023-01-27,2025-12-04,2026-06-30,2023.0,0,AMPLIAMENTO (COMPRESA SOPRAELEVAZIONE) O POTENZIAMENTO,Ampliamento,640000.0,640000.0,6,6,1,1,5,0,1
J25E22000010006,Sicilia,048,082,082048,In Corso,ESECUZIONE LAVORI,ASILI NIDO,Esecuzione lavori,0,0,0,2022-12-31,,2026-08-31,2022.0,0,NUOVA REALIZZAZIONE,Nuova realizzazione,1487734.33,1352485.75,3,1,1,1,2,1,1
J25E22000040006,Abruzzo,028,068,068028,In Corso,ESECUZIONE LAVORI,ASILI NIDO,Esecuzione lavori,0,0,0,2022-10-17,,2026-06-30,2022.0,0,NUOVA REALIZZAZIONE,Nuova realizzazione,1581386.4,1437624.0,8,9,1,1,7,3,1
J25E22000050006,Abruzzo,028,068,068028,In Corso,ESECUZIONE LAVORI,ASILI NIDO,Esecuzione lavori,0,0,0,2022-10-17,,2026-06-30,2022.0,0,NUOVA REALIZZAZIONE,Nuova realizzazione,1581386.4,1437624.0,6,7,1,1,5,3,1
J25E22000060006,Abruzzo,028,068,068028,In Corso,ESECUZIONE LAVORI,ASILI NIDO,Esecuzione lavori,0,0,0,2022-10-17,,2026-06-30,2022.0,0,NUOVA REALIZZAZIONE,Nuova realizzazione,1831386.4,1437624.0,9,14,1,1,8,3,1
J25E22000110006,Veneto,081,023,023081,In Corso,COLLAUDO,SCUOLE MATERNE,Collaudo non concluso,0,1,0,2023-01-16,,2026-06-30,2023.0,0,NUOVA REALIZZAZIONE,Nuova realizzazione,6704471.84,6094974.4,10,6,1,1,9,0,1
J25E22000230006,Umbria,041,054,054041,In Corso,ESECUZIONE LAVORI,ASILI NIDO,Esecuzione lavori,0,0,0,2022-11-15,,2026-06-30,2022.0,0,NUOVA REALIZZAZIONE,Nuova realizzazione,1241832.52,1103419.0,2,2,1,1,1,0,1
J25E22000240006,Sicilia,004,086,086004,In Corso,COLLAUDO,ASILI NIDO,Collaudo non concluso,0,1,0,2023-02-01,,2026-06-30,2023.0,0,NUOVA REALIZZAZIONE,Nuova realizzazione,2613872.8,2376248.0,6,3,1,1,5,1,1
J25E22000250006,Basilicata,080,076,076080,In Corso,COLLAUDO,ASILI NIDO,Collaudo non concluso,0,1,0,2023-03-17,,2026-06-30,2023.0,0,NUOVA REALIZZAZIONE,Nuova realizzazione,545397.75,510000.0,5,4,1,1,4,0,1
J25E22000260006,Sicilia,016,089,089016,In Corso,ESECUZIONE LAVORI,ASILI NIDO,Esecuzione lavori,0,0,0,2022-03-30,,2026-12-31,2022.0,0,NUOVA REALIZZAZIONE,Nuova realizzazione,1276981.2,1182390.0,5,7,1,1,4,0,1
J25E24000040006,Calabria,156,078,078156,In Corso,COLLAUDO/REGOLARE ESECUZIONE,ASILI NIDO,Collaudo non concluso,0,1,0,2024-08-26,,2026-06-30,2024.0,0,NUOVA REALIZZAZIONE,Nuova realizzazione,768000.0,768000.0,6,6,1,1,5,0,1
J25E24000050006,Campania,007,064,064007,In Corso,ESECUZIONE LAVORI,ASILI NIDO,Esecuzione lavori,0,0,0,2024-08-09,,2026-12-30,2024.0,0,NUOVA REALIZZAZIONE,Nuova realizzazione,672000.0,672000.0,6,6,1,1,5,0,1
J25E24000060006,Campania,005,065,065005,In Corso,ESECUZIONE LAVORI,ASILI NIDO,Esecuzione lavori,0,0,0,2024-04-30,,2026-06-30,2024.0,0,NUOVA REALIZZAZIONE,Nuova realizzazione,576000.0,576000.0,3,3,1,1,2,0,1
J25E24000070001,Lombardia,041,017,017041,Concluso,COLLAUDO,ASILI NIDO,Concluso,1,1,1,2024-07-05,2026-06-12,2026-06-30,2024.0,0,NUOVA REALIZZAZIONE,Nuova realizzazione,1100000.0,672000.0,6,6,1,1,5,0,1
J25E24000080006,Calabria,071,080,080071,In Corso,COLLAUDO,ASILI NIDO,Collaudo non concluso,0,1,0,2024-12-09,,2026-06-30,2024.0,0,NUOVA REALIZZAZIONE,Nuova realizzazione,576000.0,576000.0,2,1,1,1,1,0,1
J25E24000100001,Toscana,004,046,046004,In Corso,COLLAUDO,ASILI NIDO,Collaudo non concluso,0,1,0,2024-09-05,,2026-06-30,2024.0,0,NUOVA REALIZZAZIONE,Nuova realizzazione,560000.0,480000.0,4,4,1,1,3,0,1
J25E25000010006,Puglia,074,075,075074,In Corso,ESECUZIONE LAVORI,ASILI NIDO,Esecuzione lavori,0,0,0,,,,,0,NUOVA REALIZZAZIONE,Nuova realizzazione,960000.0,960000.0,5,5,1,1,3,0,1
J25E25000040006,Calabria,156,078,078156,In Corso,Fase non disponibile,ASILI NIDO,Fase non disponibile,0,0,0,,,,,0,NUOVA REALIZZAZIONE,Nuova realizzazione,768000.0,768000.0,0,0,0,0,0,0,1
J25E25000050006,Calabria,089,080,080089,In Corso,STIPULA CONTRATTO,ASILI NIDO,Prima dell'esecuzione,0,0,0,2025-06-09,,2026-08-31,2025.0,0,NUOVA REALIZZAZIONE,Nuova realizzazione,480000.0,480000.0,2,2,1,1,2,0,1
J25E25000100006,Calabria,080,080,080080,In Corso,ESECUZIONE LAVORI,ASILI NIDO,Esecuzione lavori,0,0,0,2025-03-17,,2026-06-30,2025.0,0,NUOVA REALIZZAZIONE,Nuova realizzazione,576000.0,576000.0,4,4,1,1,3,0,1
J25E25000110006,Puglia,011,075,075011,In Corso,COLLAUDO,ASILI NIDO,Collaudo non concluso,0,1,0,2025-09-10,,2026-12-31,2025.0,0,NUOVA REALIZZAZIONE,Nuova realizzazione,1220000.0,1220000.0,2,1,1,1,1,0,1
J25E25000130006,Calabria,156,078,078156,In Corso,ESECUZIONE LAVORI,ASILI NIDO,Esecuzione lavori,0,0,0,2025-10-23,,2026-06-30,2025.0,0,NUOVA REALIZZAZIONE,Nuova realizzazione,768000.0,768000.0,5,5,1,1,4,1,1
J26F22000120006,Basilicata,035,076,076035,In Corso,COLLAUDO,ASILI NIDO,Collaudo non concluso,0,1,0,2023-05-08,,2026-06-30,2023.0,0,DEMOLIZIONE,Demolizione/ricostruzione,582835.35,529850.32,6,5,1,1,5,0,1
J26F24000110007,Lombardia,017,020,020017,In Corso,COLLAUDO,ASILI NIDO,Collaudo non concluso,0,1,0,2024-09-06,,2026-06-30,2024.0,0,DEMOLIZIONE,Demolizione/ricostruzione,864000.0,864000.0,7,7,1,1,6,0,1
J27G25000040006,Calabria,071,080,080071,In Corso,ESECUZIONE LAVORI,ASILI NIDO,Esecuzione lavori,0,0,0,2026-02-24,,2026-06-30,2026.0,0,RECUPERO,Ristrutturazione/recupero,480000.0,480000.0,6,5,1,1,5,0,1
J28H21000020006,Puglia,011,075,075011,In Corso,COLLAUDO,SCUOLE MATERNE,Collaudo non concluso,0,1,0,2023-03-31,,2026-03-31,2023.0,0,AMPLIAMENTO (COMPRESA SOPRAELEVAZIONE) O POTENZIAMENTO,Ampliamento,1861405.0,1715000.0,2,4,1,1,1,0,1
J28H22000020006,Abruzzo,028,068,068028,In Corso,ESECUZIONE LAVORI,ASILI NIDO,Esecuzione lavori,0,0,0,2022-12-19,,2026-06-30,2022.0,0,AMPLIAMENTO (COMPRESA SOPRAELEVAZIONE) O POTENZIAMENTO,Ampliamento,2144732.7,1949757.0,7,7,1,1,6,3,1
J28H22000050006,Calabria,084,078,078084,In Corso,COLLAUDO,ASILI NIDO,Collaudo non concluso,0,1,0,2022-02-24,,2026-06-30,2022.0,0,RISTRUTTURAZIONE (PER CAMBIO DI DESTINAZIONE D'USO),Ristrutturazione/recupero,622450.0,622450.0,3,3,1,1,2,0,1
J28H22000100006,Lazio,103,058,058103,Concluso,COLLAUDO,ASILI NIDO,Concluso,1,1,1,2023-11-23,2025-11-10,2026-02-08,2023.0,0,AMPLIAMENTO (COMPRESA SOPRAELEVAZIONE) O POTENZIAMENTO,Ampliamento,370063.33,312000.0,7,6,1,1,6,0,1
J28H22000110006,Sicilia,048,082,082048,In Corso,ESECUZIONE LAVORI,SCUOLE MATERNE,Esecuzione lavori,0,0,0,2022-12-31,,2026-08-31,2022.0,0,AMPLIAMENTO (COMPRESA SOPRAELEVAZIONE) O POTENZIAMENTO,Ampliamento,1022575.01,946828.72,3,1,1,1,2,1,1
J28H22000120006,Puglia,044,072,072044,In Corso,COLLAUDO,ASILI NIDO,Collaudo non concluso,0,1,0,2022-02-14,,2026-01-30,2022.0,0,AMPLIAMENTO (COMPRESA SOPRAELEVAZIONE) O POTENZIAMENTO,Ampliamento,653475.38,607000.0,4,3,1,1,3,0,1
J28H24000340006,Sicilia,048,082,082048,In Corso,ESECUZIONE LAVORI,ASILI NIDO,Esecuzione lavori,0,0,0,2024-06-13,,2026-12-31,2024.0,0,AMPLIAMENTO (COMPRESA SOPRAELEVAZIONE) O POTENZIAMENTO,Ampliamento,2016000.0,2016000.0,7,6,1,1,6,0,1
J28H24000350006,Lombardia,021,108,108021,Concluso,COLLAUDO,ASILI NIDO,Concluso,1,1,1,2024-05-15,2025-07-02,2025-07-02,2024.0,0,RISTRUTTURAZIONE (PER CAMBIO DI DESTINAZIONE D'USO),Ristrutturazione/recupero,300000.0,300000.0,2,2,1,1,1,0,1
J28H24000360006,Umbria,014,054,054014,In Corso,ESECUZIONE LAVORI,ASILI NIDO,Esecuzione lavori,0,0,0,2024-04-30,,2026-09-15,2024.0,0,AMPLIAMENTO (COMPRESA SOPRAELEVAZIONE) O POTENZIAMENTO,Ampliamento,480000.0,480000.0,2,2,1,1,1,0,1
J28H24000370001,Lombardia,071,020,020071,In Corso,ESECUZIONE LAVORI,SCUOLE MATERNE,Esecuzione lavori,0,0,0,2024-04-30,,2026-06-30,2024.0,0,AMPLIAMENTO (COMPRESA SOPRAELEVAZIONE) O POTENZIAMENTO,Ampliamento,2100000.0,1008000.0,11,11,1,1,10,0,1
J28H24000380006,Lombardia,021,108,108021,Concluso,COLLAUDO,ASILI NIDO,Concluso,1,1,1,2024-04-30,2025-09-12,2025-09-12,2024.0,0,RISTRUTTURAZIONE (PER CAMBIO DI DESTINAZIONE D'USO),Ristrutturazione/recupero,300000.0,300000.0,5,5,1,1,5,0,1
J28H24000400006,Sicilia,004,086,086004,In Corso,COLLAUDO/REGOLARE ESECUZIONE,ASILI NIDO,Collaudo non concluso,0,1,0,2024-09-03,,2026-06-30,2024.0,0,RISTRUTTURAZIONE (PER CAMBIO DI DESTINAZIONE D'USO),Ristrutturazione/recupero,600000.0,600000.0,2,2,1,1,1,0,1
J28H24000410006,Abruzzo,068,066,066068,In Corso,COLLAUDO,ASILI NIDO,Collaudo non concluso,0,1,0,2025-03-31,,2026-03-30,2025.0,0,RISTRUTTURAZIONE (PER CAMBIO DI DESTINAZIONE D'USO),Ristrutturazione/recupero,400000.0,400000.0,1,1,1,0,0,0,1
J28H24000420006,Lombardia,017,020,020017,In Corso,COLLAUDO,ASILI NIDO,Collaudo non concluso,0,1,0,2025-02-18,,2026-06-30,2025.0,0,AMPLIAMENTO (COMPRESA SOPRAELEVAZIONE) O POTENZIAMENTO,Ampliamento,576000.0,576000.0,7,7,1,1,6,0,1
J28H24000430006,Puglia,044,072,072044,In Corso,ESECUZIONE LAVORI,ASILI NIDO,Esecuzione lavori,0,0,0,2024-08-27,,2026-06-30,2024.0,0,AMPLIAMENTO (COMPRESA SOPRAELEVAZIONE) O POTENZIAMENTO,Ampliamento,719000.0,480000.0,3,3,1,1,2,0,1
J28I21000310006,Lombardia,017,020,020017,In Corso,COLLAUDO,ASILI NIDO,Collaudo non concluso,0,1,0,2022-10-19,,2026-06-30,2022.0,0,RISTRUTTURAZIONE CON EFFICIENTAMENTO ENERGETICO,Ristrutturazione/recupero,990000.0,900000.0,4,5,1,1,3,0,1
J28I22000120006,Basilicata,035,076,076035,In Corso,ESECUZIONE LAVORI,ASILI NIDO,Esecuzione lavori,0,0,0,2023-03-29,,2026-03-31,2023.0,0,RISTRUTTURAZIONE CON EFFICIENTAMENTO ENERGETICO,Ristrutturazione/recupero,923741.72,839765.2,8,8,1,1,6,0,1
J29F25000110001,Basilicata,035,076,076035,In Corso,Fase non disponibile,ALTRI SERVIZI,Fase non disponibile,0,0,0,,,,,0,MANUTENZIONE STRAORDINARIA,Altro,700000.0,700000.0,0,0,0,0,0,0,1
J31B21005450006,Toscana,028,048,048028,In Corso,ESECUZIONE LAVORI,SCUOLE MATERNE,Esecuzione lavori,0,0,0,2022-11-25,,2026-06-30,2022.0,0,NUOVA REALIZZAZIONE,Nuova realizzazione,3844500.0,3495000.0,8,8,1,1,8,1,1
J31B21005560006,Trentino-Alto Adige,058,022,022058,In Corso,COLLAUDO,ASILI NIDO,Collaudo non concluso,0,1,0,2022-02-14,,2025-12-31,2022.0,0,NUOVA REALIZZAZIONE,Nuova realizzazione,1139400.0,868727.6,12,14,1,1,11,0,1
J31B21005630006,Trentino-Alto Adige,049,022,022049,In Corso,COLLAUDO,SCUOLE MATERNE,Collaudo non concluso,0,1,0,2023-01-26,,2026-08-30,2023.0,0,NUOVA REALIZZAZIONE,Nuova realizzazione,1732690.19,1534100.0,6,6,1,1,5,0,1
J31B22000200006,Trentino-Alto Adige,139,022,022139,Concluso,COLLAUDO,ASILI NIDO,Concluso,1,1,1,2022-01-20,2026-04-13,2026-06-30,2022.0,0,NUOVA REALIZZAZIONE,Nuova realizzazione,4069505.95,2376000.0,18,34,1,1,17,0,1
J31B22000670006,Abruzzo,006,066,066006,In Corso,ESECUZIONE LAVORI,SCUOLE MATERNE,Esecuzione lavori,0,0,0,2023-02-01,,2026-06-30,2023.0,0,NUOVA REALIZZAZIONE,Nuova realizzazione,3525000.0,2500000.0,15,19,1,1,15,1,1
J31B22000750006,Calabria,045,080,080045,In Corso,ESECUZIONE LAVORI,ASILI NIDO,Esecuzione lavori,0,0,0,2022-10-03,,2026-06-30,2022.0,0,NUOVA REALIZZAZIONE,Nuova realizzazione,1250000.0,1250000.0,5,5,1,1,2,0,1
J31B22000800006,Piemonte,043,004,004043,In Corso,COLLAUDO,SCUOLE MATERNE,Collaudo non concluso,0,1,0,2023-01-20,,2026-06-30,2023.0,0,NUOVA REALIZZAZIONE,Nuova realizzazione,3393278.9,3084799.0,5,12,1,1,5,1,1
J31B22000830006,Abruzzo,081,069,069081,In Corso,ESECUZIONE LAVORI,SCUOLE MATERNE,Esecuzione lavori,0,0,0,2022-02-21,,2026-06-30,2022.0,0,NUOVA REALIZZAZIONE,Nuova realizzazione,4614000.0,4215000.0,10,12,1,1,9,0,1
J32C21004600002,Toscana,007,045,045007,In Corso,ESECUZIONE LAVORI,SCUOLE MATERNE,Esecuzione lavori,0,0,0,2022-01-27,,2026-12-31,2022.0,0,MANUTENZIONE STRAORDINARIA DI MIGLIORAMENTO SISMICO,Altro,300000.0,300000.0,6,6,1,1,5,0,1
J32C22000070006,Puglia,020,071,071020,In Corso,COLLAUDO,SCUOLE MATERNE,Collaudo non concluso,0,1,0,2022-01-28,,2026-06-30,2022.0,0,DEMOLIZIONE,Demolizione/ricostruzione,2976999.13,2976999.13,2,2,1,1,1,0,1
J32C22000290006,Campania,017,064,064017,In Corso,COLLAUDO,ASILI NIDO,Collaudo non concluso,0,1,0,2023-11-30,,2026-03-30,2023.0,0,DEMOLIZIONE,Demolizione/ricostruzione,1346400.0,1224000.0,3,1,1,1,2,0,1
J33C22000090006,Lombardia,195,017,017195,Concluso,COLLAUDO,ASILI NIDO,Concluso,1,1,1,2021-12-02,2026-06-09,2025-12-31,2021.0,0,RISTRUTTURAZIONE CON EFFICIENTAMENTO ENERGETICO,Ristrutturazione/recupero,1424313.0,972102.72,7,2,1,0,6,0,1
J33C22000130006,Molise,042,070,070042,In Corso,COLLAUDO,SCUOLE MATERNE,Collaudo non concluso,0,1,0,2023-03-22,,2026-01-20,2023.0,0,RISTRUTTURAZIONE CON EFFICIENTAMENTO ENERGETICO,Ristrutturazione/recupero,960405.2,960405.2,5,5,1,1,4,0,1
J33C22000580006,Puglia,038,071,071038,Concluso,COLLAUDO,ASILI NIDO,Concluso,1,1,1,2022-11-10,2025-03-17,2026-06-30,2022.0,0,RISTRUTTURAZIONE CON EFFICIENTAMENTO ENERGETICO,Ristrutturazione/recupero,218000.0,218000.0,2,2,1,1,2,0,1
J34E22001170006,Marche,045,043,043045,In Corso,ESECUZIONE LAVORI,ASILI NIDO,Esecuzione lavori,0,0,0,2022-11-07,,2026-06-30,2022.0,0,AMPLIAMENTO (COMPRESA SOPRAELEVAZIONE) O POTENZIAMENTO,Ampliamento,540000.0,540000.0,4,5,1,1,3,0,1
J35D24000000006,Campania,114,065,065114,Concluso,COLLAUDO,SERVIZI PER L'INFANZIA,Concluso,1,1,1,2024-09-06,2026-02-20,2026-02-20,2024.0,0,RISTRUTTURAZIONE (PER CAMBIO DI DESTINAZIONE D'USO),Ristrutturazione/recupero,864000.0,864000.0,3,3,1,1,1,0,1
J35E22000060006,Abruzzo,011,068,068011,In Corso,COLLAUDO,ASILI NIDO,Collaudo non concluso,0,1,0,2023-02-01,,2026-06-30,2023.0,0,NUOVA REALIZZAZIONE,Nuova realizzazione,1909061.0,1735510.0,5,5,1,1,4,0,1
J35E22000070006,Campania,055,063,063055,In Corso,ESECUZIONE LAVORI,ASILI NIDO,Esecuzione lavori,0,0,0,2022-01-04,,2025-12-31,2022.0,0,NUOVA REALIZZAZIONE,Nuova realizzazione,1903000.0,1730000.0,6,4,1,1,5,0,1
J35E22000080007,Lombardia,024,098,098024,In Corso,ESECUZIONE LAVORI,ASILI NIDO,Esecuzione lavori,0,0,0,2023-06-13,,2026-06-30,2023.0,0,NUOVA REALIZZAZIONE,Nuova realizzazione,566500.0,515000.0,5,4,1,1,4,0,1
J35E22000270006,Campania,078,065,065078,In Corso,ESECUZIONE LAVORI,ASILI NIDO,Esecuzione lavori,0,0,0,2022-10-31,,2026-12-31,2022.0,0,NUOVA REALIZZAZIONE,Nuova realizzazione,2242932.88,1531200.0,6,8,1,1,5,1,1
J35E22000290006,Lombardia,082,015,015082,In Corso,ESECUZIONE LAVORI,ASILI NIDO,Esecuzione lavori,0,0,0,2022-09-08,,2026-12-31,2022.0,0,NUOVA REALIZZAZIONE,Nuova realizzazione,938800.0,886000.0,4,4,1,1,3,1,1
J35E22000380006,Toscana,004,051,051004,In Corso,ESECUZIONE LAVORI,ASILI NIDO,Esecuzione lavori,0,0,0,2022-10-24,,2026-06-30,2022.0,0,NUOVA REALIZZAZIONE,Nuova realizzazione,1678353.78,1175640.0,14,18,1,1,13,1,1
J35E22000400006,Veneto,027,028,028027,In Corso,COLLAUDO,ASILI NIDO,Collaudo non concluso,0,1,0,2022-03-28,,2026-06-30,2022.0,0,NUOVA REALIZZAZIONE,Nuova realizzazione,2350000.0,1512000.0,14,12,1,1,13,1,1
J35E22000420006,Piemonte,166,001,001166,In Corso,COLLAUDO,ASILI NIDO,Collaudo non concluso,0,1,0,2022-10-25,,2026-06-30,2022.0,0,NUOVA REALIZZAZIONE,Nuova realizzazione,1091345.2,992132.0,10,10,1,1,9,0,1
J35E24000050006,Lazio,059,058,058059,Concluso,COLLAUDO,ASILI NIDO,Concluso,1,1,1,2024-06-13,2026-03-30,2026-03-31,2024.0,0,NUOVA REALIZZAZIONE,Nuova realizzazione,944000.0,864000.0,5,5,1,1,4,0,1
J35E24000060001,Puglia,029,071,071029,In Corso,ESECUZIONE LAVORI,ASILI NIDO,Esecuzione lavori,0,0,0,2024-09-09,,2026-09-30,2024.0,0,NUOVA REALIZZAZIONE,Nuova realizzazione,1440000.0,1440000.0,1,0,1,0,1,0,1
J35E24000070001,Puglia,029,071,071029,In Corso,ESECUZIONE LAVORI,ASILI NIDO,Esecuzione lavori,0,0,0,2024-09-09,,2026-09-30,2024.0,0,NUOVA REALIZZAZIONE,Nuova realizzazione,1152000.0,1152000.0,1,0,1,0,1,0,1
J35E24000080006,Campania,055,063,063055,In Corso,COLLAUDO,ASILI NIDO,Collaudo non concluso,0,1,0,2024-06-02,,2026-06-30,2024.0,0,NUOVA REALIZZAZIONE,Nuova realizzazione,864000.0,864000.0,3,3,1,1,2,0,1
J35E24000090006,Basilicata,045,076,076045,In Corso,COLLAUDO,ASILI NIDO,Collaudo non concluso,0,1,0,2024-05-28,,2026-06-30,2024.0,0,NUOVA REALIZZAZIONE,Nuova realizzazione,576000.0,576000.0,4,4,1,1,3,0,1
J35E24000100001,Veneto,073,023,023073,In Corso,ESECUZIONE LAVORI,ASILI NIDO,Esecuzione lavori,0,0,0,2024-09-05,,2026-06-30,2024.0,0,NUOVA REALIZZAZIONE,Nuova realizzazione,1080000.0,720000.0,2,1,1,1,1,0,1
J35E24000110006,Campania,078,065,065078,In Corso,ESECUZIONE LAVORI,ASILI NIDO,Esecuzione lavori,0,0,0,2024-09-05,,2026-09-30,2024.0,0,NUOVA REALIZZAZIONE,Nuova realizzazione,1728000.0,1728000.0,6,7,1,1,6,1,1
J35E24000120006,Puglia,020,071,071020,In Corso,COLLAUDO,ASILI NIDO,Collaudo non concluso,0,1,0,2024-10-25,,2026-06-30,2024.0,0,NUOVA REALIZZAZIONE,Nuova realizzazione,1008000.0,1008000.0,4,3,1,1,3,0,1
J35E24000130006,Puglia,020,071,071020,In Corso,ESECUZIONE LAVORI,ASILI NIDO,Esecuzione lavori,0,0,0,2024-09-05,,2026-06-30,2024.0,0,NUOVA REALIZZAZIONE,Nuova realizzazione,1008000.0,1008000.0,4,4,1,1,3,0,1
J35E24000140006,Puglia,020,071,071020,In Corso,ESECUZIONE LAVORI,ASILI NIDO,Esecuzione lavori,0,0,0,2024-10-25,,2026-06-30,2024.0,0,NUOVA REALIZZAZIONE,Nuova realizzazione,1008000.0,1008000.0,7,5,1,1,6,0,1
J35E25000010006,Puglia,020,071,071020,In Corso,ESECUZIONE LAVORI,ASILI NIDO,Esecuzione lavori,0,0,0,,,,,0,NUOVA REALIZZAZIONE,Nuova realizzazione,1440000.0,1440000.0,3,3,1,1,2,0,1
J35E25000020006,Lazio,009,056,056009,In Corso,COLLAUDO,ASILI NIDO,Collaudo non concluso,0,1,0,2025-06-09,,2026-06-30,2025.0,0,NUOVA REALIZZAZIONE,Nuova realizzazione,480000.0,480000.0,5,5,1,1,4,0,1
J35E25000040006,Calabria,028,102,102028,In Corso,ESECUZIONE LAVORI,ASILI NIDO,Esecuzione lavori,0,0,0,2025-09-29,,2026-08-31,2025.0,0,NUOVA REALIZZAZIONE,Nuova realizzazione,600000.0,600000.0,5,5,1,1,4,0,1
J35G18000040006,Campania,150,065,065150,In Corso,COLLAUDO,SERVIZI PER L'INFANZIA,Collaudo non concluso,0,1,0,2023-02-08,,2026-06-30,2023.0,1,MANUTENZIONE STRAORDINARIA DI ADEGUAMENTO SISMICO,Altro,1279983.76,1203900.0,6,7,1,1,5,0,1
J36F22000000006,Campania,055,063,063055,In Corso,ESECUZIONE LAVORI,ASILI NIDO,Esecuzione lavori,0,0,0,2022-12-28,,2026-04-01,2022.0,0,DEMOLIZIONE,Demolizione/ricostruzione,2282500.0,2075000.0,6,5,1,1,5,0,1
J36F22000110006,Abruzzo,006,066,066006,In Corso,ESECUZIONE LAVORI,ASILI NIDO,Esecuzione lavori,0,0,0,2023-02-21,,2026-06-30,2023.0,0,DEMOLIZIONE,Demolizione/ricostruzione,1716000.0,1560000.0,9,8,1,1,9,1,1
J36F22000120006,Abruzzo,006,066,066006,In Corso,ESECUZIONE LAVORI,ASILI NIDO,Esecuzione lavori,0,0,0,2023-02-10,,2026-06-30,2023.0,0,DEMOLIZIONE,Demolizione/ricostruzione,2904000.0,2640000.0,14,15,1,1,14,1,1
J37G24000080006,Lazio,055,060,060055,In Corso,ESECUZIONE LAVORI,ASILI NIDO,Esecuzione lavori,0,0,0,2024-09-05,,2026-06-30,2024.0,0,RECUPERO,Ristrutturazione/recupero,480000.0,480000.0,4,4,1,1,3,0,1
J38H22000050006,Abruzzo,078,066,066078,In Corso,ESECUZIONE LAVORI,SCUOLE MATERNE,Esecuzione lavori,0,0,0,2022-11-29,,2025-12-31,2022.0,0,RISTRUTTURAZIONE (PER CAMBIO DI DESTINAZIONE D'USO),Ristrutturazione/recupero,1450000.0,1450000.0,2,0,1,1,1,0,1
J38H22000220006,Emilia-Romagna,018,040,040018,Concluso,COLLAUDO,ASILI NIDO,Concluso,1,1,1,2022-12-01,2025-10-20,2025-12-31,2022.0,0,AMPLIAMENTO (COMPRESA SOPRAELEVAZIONE) O POTENZIAMENTO,Ampliamento,1289200.0,1172000.0,8,6,1,1,7,0,1
J38H22000320006,Puglia,021,075,075021,In Corso,ESECUZIONE LAVORI,SCUOLE MATERNE,Esecuzione lavori,0,0,0,2022-10-26,,2026-06-30,2022.0,0,AMPLIAMENTO (COMPRESA SOPRAELEVAZIONE) O POTENZIAMENTO,Ampliamento,2102430.0,1911300.0,4,5,1,1,3,0,1
J38H24000610007,Sicilia,005,086,086005,Concluso,COLLAUDO,ASILI NIDO,Concluso,1,1,1,2023-07-14,2025-10-15,2026-06-30,2023.0,0,AMPLIAMENTO (COMPRESA SOPRAELEVAZIONE) O POTENZIAMENTO,Ampliamento,480000.0,480000.0,3,3,1,1,2,0,1
J38H24000620006,Abruzzo,081,069,069081,In Corso,ESECUZIONE LAVORI,ASILI NIDO,Esecuzione lavori,0,0,0,2024-08-02,,2026-06-30,2024.0,0,AMPLIAMENTO (COMPRESA SOPRAELEVAZIONE) O POTENZIAMENTO,Ampliamento,720000.0,720000.0,5,5,1,1,4,0,1
J38H24000640001,Lombardia,041,013,013041,In Corso,ESECUZIONE LAVORI,ASILI NIDO,Esecuzione lavori,0,0,0,2024-06-13,,2026-09-15,2024.0,0,RISTRUTTURAZIONE (PER CAMBIO DI DESTINAZIONE D'USO),Ristrutturazione/recupero,400000.0,200000.0,3,3,1,1,2,0,1
J38H24000650006,Lombardia,041,013,013041,In Corso,ESECUZIONE LAVORI,ASILI NIDO,Esecuzione lavori,0,0,0,2024-06-13,,2026-09-15,2024.0,0,RISTRUTTURAZIONE (PER CAMBIO DI DESTINAZIONE D'USO),Ristrutturazione/recupero,800000.0,800000.0,4,4,1,1,3,0,1
J38H24000660001,Lombardia,041,013,013041,In Corso,ESECUZIONE LAVORI,ASILI NIDO,Esecuzione lavori,0,0,0,2024-06-13,,2026-09-15,2024.0,0,AMPLIAMENTO (COMPRESA SOPRAELEVAZIONE) O POTENZIAMENTO,Ampliamento,340000.0,240000.0,5,5,1,1,4,0,1
J38H24000670006,Campania,030,062,062030,In Corso,ESECUZIONE LAVORI,ASILI NIDO,Esecuzione lavori,0,0,0,2025-01-28,,2026-08-31,2025.0,0,RISTRUTTURAZIONE (PER CAMBIO DI DESTINAZIONE D'USO),Ristrutturazione/recupero,480000.0,480000.0,2,2,1,1,1,0,1
J38H25000410006,Puglia,020,071,071020,In Corso,ESECUZIONE LAVORI,ASILI NIDO,Esecuzione lavori,0,0,0,2025-09-15,,2026-06-30,2025.0,0,RISTRUTTURAZIONE (PER CAMBIO DI DESTINAZIONE D'USO),Ristrutturazione/recupero,960000.0,960000.0,3,3,1,1,2,0,1
J38H25000550006,Campania,017,064,064017,In Corso,ESECUZIONE LAVORI,ASILI NIDO,Esecuzione lavori,0,0,0,2025-09-18,,2026-06-30,2025.0,0,RISTRUTTURAZIONE (PER CAMBIO DI DESTINAZIONE D'USO),Ristrutturazione/recupero,580000.0,580000.0,2,1,1,1,0,0,1
J38I21000050005,Piemonte,058,001,001058,In Corso,ESECUZIONE LAVORI,SCUOLE MATERNE,Esecuzione lavori,0,0,0,2022-10-28,,2026-06-30,2022.0,1,RISTRUTTURAZIONE CON EFFICIENTAMENTO ENERGETICO,Ristrutturazione/recupero,3370000.0,2375000.0,8,16,1,1,7,0,1
J41B21003680001,Emilia-Romagna,006,033,033006,In Corso,COLLAUDO,ASILI NIDO,Collaudo non concluso,0,1,0,2022-10-21,,2026-06-30,2022.0,1,NUOVA REALIZZAZIONE,Nuova realizzazione,3088835.22,2411268.0,14,16,1,1,11,0,1
J41B21004270001,Calabria,013,101,101013,In Corso,COLLAUDO,ASILI NIDO,Collaudo non concluso,0,1,0,2021-05-20,,2026-06-30,2021.0,1,NUOVA REALIZZAZIONE,Nuova realizzazione,3289000.0,2990000.0,7,8,1,1,6,0,1
J41B21004290001,Campania,054,064,064054,In Corso,ESECUZIONE LAVORI,ASILI NIDO,Esecuzione lavori,0,0,0,2022-01-05,,2026-09-30,2022.0,1,NUOVA REALIZZAZIONE,Nuova realizzazione,1274183.77,1158348.88,10,8,1,1,9,0,1
J41B21004300001,Campania,054,064,064054,In Corso,ESECUZIONE LAVORI,"EDIFICI SOCIALI, CULTURALI E ASSISTENZIALI",Esecuzione lavori,0,0,0,2021-03-31,,2026-08-31,2021.0,1,NUOVA REALIZZAZIONE,Nuova realizzazione,2988128.13,2716480.12,10,1,1,1,7,0,1
J41B21004710001,Toscana,005,051,051005,Concluso,COLLAUDO,ALTRI EDIFICI SCOLASTICI,Concluso,1,1,1,2023-05-11,2025-08-18,2026-12-31,2023.0,1,NUOVA REALIZZAZIONE,Nuova realizzazione,635000.0,625000.0,6,6,1,1,5,0,1
J41B22000830006,Abruzzo,012,068,068012,In Corso,ESECUZIONE LAVORI,ASILI NIDO,Esecuzione lavori,0,0,0,2022-09-08,,2026-06-30,2022.0,0,NUOVA REALIZZAZIONE,Nuova realizzazione,2665790.13,2389692.0,12,8,1,1,11,0,1
J41B22002580006,Lombardia,028,020,020028,In Corso,ESECUZIONE LAVORI,ASILI NIDO,Esecuzione lavori,0,0,0,2023-01-19,,2026-06-30,2023.0,0,NUOVA REALIZZAZIONE,Nuova realizzazione,2090000.0,1900000.0,5,5,1,1,5,1,1
J41B22002700006,Lombardia,025,017,017025,In Corso,COLLAUDO,ASILI NIDO,Collaudo non concluso,0,1,0,2022-10-20,,2026-06-30,2022.0,0,NUOVA REALIZZAZIONE,Nuova realizzazione,1614467.28,1430000.0,12,13,1,1,9,8,1
J41B22002800006,Lombardia,126,016,016126,Concluso,COLLAUDO,ASILI NIDO,Concluso,1,1,1,2023-06-13,2025-02-09,2025-02-09,2023.0,0,NUOVA REALIZZAZIONE,Nuova realizzazione,1745000.0,1223000.0,12,13,1,1,10,0,1
J41B22002910006,Emilia-Romagna,027,036,036027,In Corso,COLLAUDO,ASILI NIDO,Collaudo non concluso,0,1,0,2022-11-09,,2026-06-30,2022.0,0,NUOVA REALIZZAZIONE,Nuova realizzazione,2233834.95,1400000.0,3,4,1,1,2,0,1
J43C22000020006,Lazio,011,060,060011,In Corso,ESECUZIONE LAVORI,ASILI NIDO,Esecuzione lavori,0,0,0,2023-09-29,,2026-06-30,2023.0,0,RISTRUTTURAZIONE CON EFFICIENTAMENTO ENERGETICO,Ristrutturazione/recupero,2178705.6,2017320.0,5,6,1,1,5,1,1
J43C22000160006,Sardegna,033,090,090033,In Corso,COLLAUDO,ASILI NIDO,Collaudo non concluso,0,1,0,2022-10-21,,2026-06-30,2022.0,0,RISTRUTTURAZIONE CON EFFICIENTAMENTO ENERGETICO,Ristrutturazione/recupero,1052221.69,220000.0,1,1,1,1,0,0,1
J44E21001030001,Toscana,009,049,049009,In Corso,ESECUZIONE LAVORI,ALTRE STRUTTURE SOCIALI,Esecuzione lavori,0,0,0,2022-10-12,,2026-06-30,2022.0,1,RISTRUTTURAZIONE (PER CAMBIO DI DESTINAZIONE D'USO),Ristrutturazione/recupero,2170000.0,2170000.0,4,5,1,1,3,0,1
J44E22000040001,Lombardia,061,098,098061,Concluso,COLLAUDO,ASILI NIDO,Concluso,1,1,1,2022-09-08,2024-06-24,2024-06-24,2022.0,0,AMPLIAMENTO (COMPRESA SOPRAELEVAZIONE) O POTENZIAMENTO,Ampliamento,660000.0,600000.0,8,9,1,1,7,0,1
J44E22002820006,Lombardia,043,017,017043,Concluso,COLLAUDO,ASILI NIDO,Concluso,1,1,1,2023-07-31,2024-09-27,2024-03-31,2023.0,0,AMPLIAMENTO (COMPRESA SOPRAELEVAZIONE) O POTENZIAMENTO,Ampliamento,196021.12,160211.22,4,3,1,1,3,0,1
J44E22003030007,Sicilia,031,087,087031,In Corso,COLLAUDO,SCUOLE MATERNE,Collaudo non concluso,0,1,0,2023-02-13,,2026-06-30,2023.0,0,AMPLIAMENTO (COMPRESA SOPRAELEVAZIONE) O POTENZIAMENTO,Ampliamento,714900.0,650000.0,5,5,1,1,3,0,1
J44E22003190006,Basilicata,017,077,077017,In Corso,ESECUZIONE LAVORI,ASILI NIDO,Esecuzione lavori,0,0,0,2022-10-20,,2026-06-30,2022.0,0,AMPLIAMENTO (COMPRESA SOPRAELEVAZIONE) O POTENZIAMENTO,Ampliamento,240000.0,240000.0,2,2,1,1,1,0,1
J45E21000040006,Lazio,024,058,058024,In Corso,COLLAUDO,ASILI NIDO,Collaudo non concluso,0,1,0,2023-01-10,,2026-06-30,2023.0,0,NUOVA REALIZZAZIONE,Nuova realizzazione,918500.0,835000.0,6,6,1,1,5,0,1
J45E22000000006,Toscana,009,049,049009,In Corso,ESECUZIONE LAVORI,ASILI NIDO,Esecuzione lavori,0,0,0,2023-02-08,,2026-06-30,2023.0,0,NUOVA REALIZZAZIONE,Nuova realizzazione,2740000.0,1896000.0,9,10,1,1,8,0,1
J45E22000010006,Puglia,046,072,072046,In Corso,ESECUZIONE LAVORI,SCUOLE MATERNE,Esecuzione lavori,0,0,0,2022-02-26,,2026-08-31,2022.0,0,NUOVA REALIZZAZIONE,Nuova realizzazione,3788400.0,3444000.0,23,24,1,1,21,2,1
J45E22000050006,Umbria,052,054,054052,In Corso,COLLAUDO,ASILI NIDO,Collaudo non concluso,0,1,0,2022-12-01,,2026-06-30,2022.0,0,NUOVA REALIZZAZIONE,Nuova realizzazione,1243000.0,1130000.0,7,6,1,1,6,0,1
J45E22000060006,Umbria,052,054,054052,In Corso,COLLAUDO,SCUOLE MATERNE,Collaudo non concluso,0,1,0,2022-11-23,,2026-06-30,2022.0,0,NUOVA REALIZZAZIONE,Nuova realizzazione,1826000.0,1660000.0,11,10,1,1,10,0,1
J45E22000140006,Calabria,013,101,101013,In Corso,COLLAUDO,SCUOLE MATERNE,Collaudo non concluso,0,1,0,2023-05-23,,2026-06-30,2023.0,0,NUOVA REALIZZAZIONE,Nuova realizzazione,1412999.5,1284545.0,5,1,1,1,4,0,1
J45E22000230006,Puglia,046,072,072046,In Corso,COLLAUDO,ASILI NIDO,Collaudo non concluso,0,1,0,2022-03-30,,2026-06-30,2022.0,0,NUOVA REALIZZAZIONE,Nuova realizzazione,1777871.67,1620000.0,10,5,1,1,9,2,1
J45E22000270006,Campania,011,063,063011,In Corso,COLLAUDO,ASILI NIDO,Collaudo non concluso,0,1,0,,,2026-06-30,,0,NUOVA REALIZZAZIONE,Nuova realizzazione,2670000.0,2670000.0,2,2,1,1,1,0,1
J45E22000280006,Campania,011,063,063011,In Corso,COLLAUDO,ASILI NIDO,Collaudo non concluso,0,1,0,,,2026-06-30,,0,NUOVA REALIZZAZIONE,Nuova realizzazione,2670000.0,2670000.0,2,2,1,1,1,0,1
J45E22000290006,Puglia,008,073,073008,In Corso,COLLAUDO,ASILI NIDO,Collaudo non concluso,0,1,0,2022-11-09,,2026-06-30,2022.0,0,NUOVA REALIZZAZIONE,Nuova realizzazione,3460102.0,2842820.0,5,8,1,1,3,0,1
J45E22000300006,Calabria,138,079,079138,In Corso,ESECUZIONE LAVORI,ASILI NIDO,Esecuzione lavori,0,0,0,2022-01-31,,2026-06-30,2022.0,0,NUOVA REALIZZAZIONE,Nuova realizzazione,1000000.0,1000000.0,4,2,1,1,3,0,1
J45E22000340006,Molise,031,094,094031,In Corso,COLLAUDO,SCUOLE MATERNE,Collaudo non concluso,0,1,0,2023-02-17,,2026-06-30,2023.0,0,NUOVA REALIZZAZIONE,Nuova realizzazione,478784.88,478784.88,3,1,1,1,0,0,1
J45E24000030006,Campania,011,063,063011,In Corso,ESECUZIONE LAVORI,ASILI NIDO,Esecuzione lavori,0,0,0,2024-04-30,,2026-06-30,2024.0,0,NUOVA REALIZZAZIONE,Nuova realizzazione,1440000.0,1440000.0,4,4,1,0,3,0,1
J45E24000040001,Lombardia,153,016,016153,In Corso,COLLAUDO,ASILI NIDO,Collaudo non concluso,0,1,0,2024-12-04,,2026-06-30,2024.0,0,NUOVA REALIZZAZIONE,Nuova realizzazione,1260000.0,864000.0,4,4,1,1,3,0,1
J45E24000050006,Calabria,013,101,101013,In Corso,ESECUZIONE LAVORI,ASILI NIDO,Esecuzione lavori,0,0,0,2024-04-30,,2026-06-30,2024.0,0,NUOVA REALIZZAZIONE,Nuova realizzazione,1008000.0,1008000.0,2,2,1,1,1,0,1
J45E24000060006,Abruzzo,012,068,068012,In Corso,ESECUZIONE LAVORI,ASILI NIDO,Esecuzione lavori,0,0,0,2024-08-01,,2026-06-30,2024.0,0,NUOVA REALIZZAZIONE,Nuova realizzazione,864000.0,864000.0,4,4,1,1,3,0,1
J45E24000070001,Piemonte,143,004,004143,In Corso,COLLAUDO,ASILI NIDO,Collaudo non concluso,0,1,0,2024-08-28,,2026-06-30,2024.0,0,NUOVA REALIZZAZIONE,Nuova realizzazione,760000.0,480000.0,5,5,1,1,4,0,1
J45E24000090006,Sicilia,084,083,083084,Concluso,COLLAUDO/REGOLARE ESECUZIONE,ASILI NIDO,Concluso,1,1,1,2024-09-05,2026-05-29,2026-03-20,2024.0,0,NUOVA REALIZZAZIONE,Nuova realizzazione,720000.0,720000.0,3,3,1,1,0,0,1
J45E24000100006,Sicilia,028,084,084028,In Corso,ESECUZIONE LAVORI,ASILI NIDO,Esecuzione lavori,0,0,0,2024-05-06,,2026-06-30,2024.0,0,NUOVA REALIZZAZIONE,Nuova realizzazione,1152000.0,1152000.0,2,3,1,1,1,0,1
J45E24000110001,Lombardia,133,017,017133,In Corso,COLLAUDO,ASILI NIDO,Collaudo non concluso,0,1,0,2024-05-09,,2026-06-30,2024.0,0,NUOVA REALIZZAZIONE,Nuova realizzazione,1200000.0,768000.0,15,15,1,1,14,0,1
J45E24000130006,Lazio,020,060,060020,In Corso,ESECUZIONE LAVORI,ASILI NIDO,Esecuzione lavori,0,0,0,2024-07-10,,2026-06-30,2024.0,0,NUOVA REALIZZAZIONE,Nuova realizzazione,576000.0,576000.0,2,2,1,0,1,0,1
J45E25000010006,Sicilia,031,087,087031,In Corso,ESECUZIONE LAVORI,ASILI NIDO,Esecuzione lavori,0,0,0,2025-08-07,,2026-06-30,2025.0,0,NUOVA REALIZZAZIONE,Nuova realizzazione,576000.0,576000.0,2,1,1,1,1,0,1
J45E25000040006,Abruzzo,012,068,068012,In Corso,ESECUZIONE LAVORI,ASILI NIDO,Esecuzione lavori,0,0,0,2025-08-04,,2026-06-30,2025.0,0,NUOVA REALIZZAZIONE,Nuova realizzazione,720000.0,720000.0,8,7,1,1,7,0,1
J45E25000050006,Campania,004,062,062004,In Corso,ESECUZIONE LAVORI,ASILI NIDO,Esecuzione lavori,0,0,0,2025-07-17,,2026-08-31,2025.0,0,NUOVA REALIZZAZIONE,Nuova realizzazione,576000.0,576000.0,5,4,1,1,4,0,1
J45E25000130006,Calabria,001,080,080001,In Corso,ESECUZIONE LAVORI,ASILI NIDO,Esecuzione lavori,0,0,0,2025-12-09,,2026-06-30,2025.0,0,NUOVA REALIZZAZIONE,Nuova realizzazione,480000.0,480000.0,3,2,1,1,2,0,1
J47G22000000006,Calabria,001,080,080001,Concluso,COLLAUDO,SCUOLE MATERNE,Concluso,1,1,1,2021-04-13,2026-05-30,2026-06-30,2021.0,0,RECUPERO,Ristrutturazione/recupero,907200.0,840000.0,3,3,1,1,3,1,1
J47G24000130006,Puglia,006,110,110006,In Corso,COLLAUDO,ASILI NIDO,Collaudo non concluso,0,1,0,2024-09-17,,2026-06-30,2024.0,0,RECUPERO,Ristrutturazione/recupero,560000.0,560000.0,2,3,1,1,1,0,1
J47G25000100006,Lombardia,043,017,017043,In Corso,COLLAUDO,ASILI NIDO,Collaudo non concluso,0,1,0,2025-08-04,,2026-06-30,2025.0,0,RECUPERO,Ristrutturazione/recupero,480000.0,480000.0,4,3,1,1,3,0,1
J47H21001040005,Emilia-Romagna,036,036,036036,Concluso,COLLAUDO,ASILI NIDO,Concluso,1,1,1,2021-03-19,2022-04-12,2022-04-28,2021.0,1,MANUTENZIONE STRAORDINARIA,Altro,60771.82,40771.82,1,1,1,1,1,0,1
J48E18000010002,Abruzzo,001,069,069001,In Corso,ESECUZIONE LAVORI,SCUOLE MATERNE,Esecuzione lavori,0,0,0,2022-03-31,,2026-06-30,2022.0,1,NUOVA REALIZZAZIONE,Nuova realizzazione,2608010.05,1880000.0,4,14,1,1,3,0,1
J48H22000010006,Lombardia,004,014,014004,In Corso,COLLAUDO,ASILI NIDO,Collaudo non concluso,0,1,0,2023-02-10,,2026-08-31,2023.0,0,AMPLIAMENTO (COMPRESA SOPRAELEVAZIONE) O POTENZIAMENTO,Ampliamento,687000.0,590000.0,7,7,1,1,6,0,1
J48H22000200006,Campania,054,064,064054,In Corso,COLLAUDO,ASILI NIDO,Collaudo non concluso,0,1,0,2022-03-08,,2026-08-31,2022.0,0,AMPLIAMENTO (COMPRESA SOPRAELEVAZIONE) O POTENZIAMENTO,Ampliamento,244330.33,222118.48,5,4,1,1,4,0,1
J48H24000470006,Basilicata,017,077,077017,In Corso,ESECUZIONE LAVORI,ASILI NIDO,Esecuzione lavori,0,0,0,2024-09-05,,2026-06-30,2024.0,0,AMPLIAMENTO (COMPRESA SOPRAELEVAZIONE) O POTENZIAMENTO,Ampliamento,672000.0,672000.0,4,4,1,1,3,0,1
J48H24000490006,Calabria,001,080,080001,In Corso,ESECUZIONE LAVORI,ASILI NIDO,Esecuzione lavori,0,0,0,2024-08-12,,2026-06-30,2024.0,0,RISTRUTTURAZIONE (PER CAMBIO DI DESTINAZIONE D'USO),Ristrutturazione/recupero,560000.0,560000.0,2,2,1,1,1,0,1
J48H24000500006,Sicilia,015,086,086015,In Corso,Fase non disponibile,ASILI NIDO,Fase non disponibile,0,0,0,,,,,0,RISTRUTTURAZIONE (PER CAMBIO DI DESTINAZIONE D'USO),Ristrutturazione/recupero,876000.0,480000.0,0,0,0,0,0,0,1
J48H24000510006,Piemonte,302,001,001302,In Corso,ESECUZIONE LAVORI,ASILI NIDO,Esecuzione lavori,0,0,0,2024-06-13,,2026-06-30,2024.0,0,RISTRUTTURAZIONE (PER CAMBIO DI DESTINAZIONE D'USO),Ristrutturazione/recupero,400000.0,400000.0,1,1,1,1,0,0,1
J48H25000580006,Campania,054,064,064054,In Corso,COLLAUDO,ASILI NIDO,Collaudo non concluso,0,1,0,,,2026-08-31,,0,RISTRUTTURAZIONE (PER CAMBIO DI DESTINAZIONE D'USO),Ristrutturazione/recupero,720000.0,720000.0,0,0,0,0,0,0,1
J48H25000680006,Sicilia,005,082,082005,In Corso,STIPULA CONTRATTO,ASILI NIDO,Prima dell'esecuzione,0,0,0,2025-08-02,,2026-12-31,2025.0,0,NUOVA REALIZZAZIONE,Nuova realizzazione,880000.0,768000.0,3,3,1,1,3,0,1
J48I22000000001,Lombardia,133,017,017133,In Corso,COLLAUDO,ASILI NIDO,Collaudo non concluso,0,1,0,2022-11-17,,2025-12-31,2022.0,0,RISTRUTTURAZIONE CON EFFICIENTAMENTO ENERGETICO,Ristrutturazione/recupero,746249.26,639146.3,6,7,1,1,5,0,1
J48I22001010006,Piemonte,008,103,103008,Concluso,COLLAUDO,ASILI NIDO,Concluso,1,1,1,2023-11-20,2024-09-03,2024-09-03,2023.0,0,RISTRUTTURAZIONE CON EFFICIENTAMENTO ENERGETICO,Ristrutturazione/recupero,608364.9,553059.0,2,2,1,1,1,0,1
J51B21001060001,Calabria,058,079,079058,Concluso,COLLAUDO,ALTRE STRUTTURE SOCIALI,Concluso,1,1,1,2022-03-31,2026-02-27,2026-06-30,2022.0,1,MANUTENZIONE STRAORDINARIA DI ADEGUAMENTO SISMICO,Altro,416796.72,416796.72,4,4,1,1,3,0,1
J51B21001210005,Lazio,027,057,057027,In Corso,ESECUZIONE LAVORI,SCUOLE MATERNE,Esecuzione lavori,0,0,0,2021-03-22,,2026-06-30,2021.0,1,NUOVA REALIZZAZIONE,Nuova realizzazione,1682832.02,1483805.8,4,3,1,1,3,0,1
J51B21005830006,Toscana,026,050,050026,In Corso,COLLAUDO,ASILI NIDO,Collaudo non concluso,0,1,0,2022-09-08,,2026-06-30,2022.0,0,DEMOLIZIONE,Demolizione/ricostruzione,2056500.0,1365000.0,9,17,1,1,9,2,1
J51B21005950006,Lombardia,141,018,018141,Concluso,COLLAUDO,SCUOLE MATERNE,Concluso,1,1,1,2022-12-13,2025-11-21,2025-12-15,2022.0,0,NUOVA REALIZZAZIONE,Nuova realizzazione,669618.16,550000.0,4,3,1,1,3,0,1
J51B22000370006,Toscana,042,051,051042,In Corso,ESECUZIONE LAVORI,SCUOLE MATERNE,Esecuzione lavori,0,0,0,2022-03-30,,2026-05-30,2022.0,0,NUOVA REALIZZAZIONE,Nuova realizzazione,1990840.0,1340840.0,4,6,1,1,3,0,1
J51B22000790006,Abruzzo,083,069,069083,Concluso,COLLAUDO,SCUOLE MATERNE,Concluso,1,1,1,2023-01-25,2026-04-14,2026-06-22,2023.0,0,NUOVA REALIZZAZIONE,Nuova realizzazione,2560800.0,2560800.0,6,6,1,1,5,0,1
J52C21002500006,Toscana,026,050,050026,In Corso,ESECUZIONE LAVORI,ASILI NIDO,Esecuzione lavori,0,0,0,2022-11-17,,2026-06-30,2022.0,0,NUOVA REALIZZAZIONE,Nuova realizzazione,2295412.94,1604129.31,8,22,1,1,8,1,1
J53C22000010006,Toscana,012,048,048012,In Corso,COLLAUDO,ASILI NIDO,Collaudo non concluso,0,1,0,2022-02-25,,2026-06-30,2022.0,0,RISTRUTTURAZIONE CON EFFICIENTAMENTO ENERGETICO,Ristrutturazione/recupero,1029050.0,935500.0,11,11,1,1,8,1,1
J53C22001520006,Calabria,039,102,102039,In Corso,ESECUZIONE LAVORI,SCUOLE MATERNE,Esecuzione lavori,0,0,0,2022-10-26,,2026-08-31,2022.0,0,RISTRUTTURAZIONE CON EFFICIENTAMENTO ENERGETICO,Ristrutturazione/recupero,419173.95,381067.23,3,3,1,1,2,0,1
J53C25000660006,Lazio,009,057,057009,In Corso,ESECUZIONE LAVORI,ASILI NIDO,Esecuzione lavori,0,0,0,2025-08-05,,2026-06-30,2025.0,0,RISTRUTTURAZIONE CON EFFICIENTAMENTO ENERGETICO,Ristrutturazione/recupero,500000.0,500000.0,5,4,1,1,4,0,1
J54E22000350006,Abruzzo,015,067,067015,In Corso,COLLAUDO,SCUOLE MATERNE,Collaudo non concluso,0,1,0,2023-01-20,,2026-06-30,2023.0,0,AMPLIAMENTO (COMPRESA SOPRAELEVAZIONE) O POTENZIAMENTO,Ampliamento,280000.0,235000.0,4,3,1,1,3,0,1
J54E22000380006,Umbria,026,054,054026,In Corso,COLLAUDO,ASILI NIDO,Collaudo non concluso,0,1,0,2023-01-13,,2026-06-30,2023.0,0,AMPLIAMENTO (COMPRESA SOPRAELEVAZIONE) O POTENZIAMENTO,Ampliamento,1426551.0,1426551.0,8,8,1,1,6,0,1
J54E22000420006,Lombardia,053,017,017053,Concluso,COLLAUDO,ASILI NIDO,Concluso,1,1,1,2022-01-18,2024-07-12,2024-07-09,2022.0,0,RISTRUTTURAZIONE (PER CAMBIO DI DESTINAZIONE D'USO),Ristrutturazione/recupero,168200.0,168200.0,4,7,1,1,4,0,1
J55E22000020006,Molise,023,094,094023,In Corso,ESECUZIONE LAVORI,ASILI NIDO,Esecuzione lavori,0,0,0,2022-11-23,,2026-06-03,2022.0,0,NUOVA REALIZZAZIONE,Nuova realizzazione,2456747.32,1852000.0,3,4,1,1,2,0,1
J55E22000040006,Lazio,070,058,058070,In Corso,ESECUZIONE LAVORI,ASILI NIDO,Esecuzione lavori,0,0,0,2022-03-31,,2026-06-30,2022.0,0,NUOVA REALIZZAZIONE,Nuova realizzazione,950400.0,864000.0,4,3,1,1,3,0,1
J55E22000090006,Lazio,070,058,058070,In Corso,ESECUZIONE LAVORI,SCUOLE MATERNE,Esecuzione lavori,0,0,0,2023-06-14,,2026-06-30,2023.0,0,NUOVA REALIZZAZIONE,Nuova realizzazione,1834800.0,1668000.0,3,3,1,1,2,0,1
J55E22000100006,Lazio,054,057,057054,In Corso,ESECUZIONE LAVORI,ASILI NIDO,Esecuzione lavori,0,0,0,2023-01-05,,2026-06-30,2023.0,0,NUOVA REALIZZAZIONE,Nuova realizzazione,1820500.0,1655000.0,5,6,1,1,5,1,1
J55E22000110006,Marche,069,041,041069,In Corso,ESECUZIONE LAVORI,ASILI NIDO,Esecuzione lavori,0,0,0,2022-09-30,,2026-07-31,2022.0,0,NUOVA REALIZZAZIONE,Nuova realizzazione,1629797.48,995000.0,15,16,1,1,14,0,1
J55E22000130006,Molise,023,094,094023,In Corso,ESECUZIONE LAVORI,ASILI NIDO,Esecuzione lavori,0,0,0,2022-11-23,,2026-02-28,2022.0,0,NUOVA REALIZZAZIONE,Nuova realizzazione,1129532.73,1046000.0,4,4,1,1,3,0,1
J55E22000180006,Campania,028,064,064028,In Corso,COLLAUDO,ASILI NIDO,Collaudo non concluso,0,1,0,2022-06-06,,2025-12-31,2022.0,0,NUOVA REALIZZAZIONE,Nuova realizzazione,1122000.0,1020000.0,1,1,1,1,0,0,1
J55E22000200001,Toscana,026,050,050026,In Corso,COLLAUDO,ASILI NIDO,Collaudo non concluso,0,1,0,2022-12-29,,2026-06-30,2022.0,0,NUOVA REALIZZAZIONE,Nuova realizzazione,2126620.6,1346206.0,7,16,1,1,7,1,1
J55E22000210006,Calabria,058,079,079058,In Corso,COLLAUDO,ASILI NIDO,Collaudo non concluso,0,1,0,2022-10-26,,2026-06-30,2022.0,0,NUOVA REALIZZAZIONE,Nuova realizzazione,1094376.9,1067442.0,5,5,1,1,4,0,1
J55E24000030006,Lazio,032,059,059032,In Corso,ESECUZIONE LAVORI,ASILI NIDO,Esecuzione lavori,0,0,0,2024-05-29,,2026-09-30,2024.0,0,NUOVA REALIZZAZIONE,Nuova realizzazione,1728000.0,1728000.0,4,4,1,1,3,1,1
J55E24000040001,Veneto,004,027,027004,In Corso,ESECUZIONE LAVORI,ASILI NIDO,Esecuzione lavori,0,0,0,2024-07-17,,2026-08-30,2024.0,0,NUOVA REALIZZAZIONE,Nuova realizzazione,1670000.0,720000.0,5,6,1,1,4,0,1
J55E25000030006,Puglia,007,110,110007,In Corso,ESECUZIONE LAVORI,ASILI NIDO,Esecuzione lavori,0,0,0,2025-08-07,,2026-06-30,2025.0,0,NUOVA REALIZZAZIONE,Nuova realizzazione,864000.0,864000.0,4,3,1,1,2,0,1
J55E25000060006,Lazio,027,057,057027,In Corso,ESECUZIONE LAVORI,ASILI NIDO,Esecuzione lavori,0,0,0,2025-03-17,,2026-06-30,2025.0,0,NUOVA REALIZZAZIONE,Nuova realizzazione,808947.77,720000.0,5,5,1,1,4,0,1
J55E25000090006,Puglia,095,075,075095,In Corso,ESECUZIONE LAVORI,ASILI NIDO,Esecuzione lavori,0,0,0,2025-12-05,,2026-08-31,2025.0,0,NUOVA REALIZZAZIONE,Nuova realizzazione,480000.0,480000.0,3,2,1,1,2,0,1
J55E25000110006,Calabria,020,080,080020,In Corso,ESECUZIONE LAVORI,ASILI NIDO,Esecuzione lavori,0,0,0,2025-09-18,,2026-06-30,2025.0,0,NUOVA REALIZZAZIONE,Nuova realizzazione,576000.0,576000.0,0,0,0,0,0,0,1
J55F21001010005,Abruzzo,083,069,069083,In Corso,COLLAUDO,ALTRE INFRASTRUTTURE,Collaudo non concluso,0,1,0,2021-05-13,,2026-06-30,2021.0,1,MANUTENZIONE STRAORDINARIA PER MESSA IN SICUREZZA (ESCLUSO DISSESTO IDROGEOLOGICO),Altro,3000000.0,2850000.0,7,8,1,1,5,0,1
J56F22000040006,Campania,028,064,064028,In Corso,ESECUZIONE LAVORI,SCUOLE MATERNE,Esecuzione lavori,0,0,0,2022-11-24,,2026-06-30,2022.0,0,DEMOLIZIONE,Demolizione/ricostruzione,2145000.0,1950000.0,8,5,1,1,7,0,1
J58H22000000006,Piemonte,148,002,002148,In Corso,ESECUZIONE LAVORI,ASILI NIDO,Esecuzione lavori,0,0,0,2021-12-02,,2026-06-30,2021.0,0,AMPLIAMENTO (COMPRESA SOPRAELEVAZIONE) O POTENZIAMENTO,Ampliamento,522468.0,522468.0,3,4,1,1,2,0,1
J58H22000010006,Molise,023,094,094023,In Corso,ESECUZIONE LAVORI,ASILI NIDO,Esecuzione lavori,0,0,0,2022-11-23,,2026-06-30,2022.0,0,RISTRUTTURAZIONE (PER CAMBIO DI DESTINAZIONE D'USO),Ristrutturazione/recupero,675350.0,477000.0,4,4,1,1,3,0,1
J58H24000520006,Lombardia,188,017,017188,In Corso,COLLAUDO,ASILI NIDO,Collaudo non concluso,0,1,0,2024-12-10,,2026-04-30,2024.0,0,AMPLIAMENTO (COMPRESA SOPRAELEVAZIONE) O POTENZIAMENTO,Ampliamento,720000.0,720000.0,1,1,1,1,0,0,1
J58H24000530006,Puglia,007,110,110007,In Corso,COLLAUDO,ASILI NIDO,Collaudo non concluso,0,1,0,2024-10-04,,2026-06-30,2024.0,0,RISTRUTTURAZIONE (PER CAMBIO DI DESTINAZIONE D'USO),Ristrutturazione/recupero,720000.0,720000.0,3,2,1,1,2,0,1
J58H24000540006,Toscana,035,050,050035,In Corso,COLLAUDO/REGOLARE ESECUZIONE,ASILI NIDO,Collaudo non concluso,0,1,0,2024-12-30,,2025-12-31,2024.0,0,RISTRUTTURAZIONE (PER CAMBIO DI DESTINAZIONE D'USO),Ristrutturazione/recupero,840000.0,840000.0,3,3,1,1,2,0,1
J58H24000550006,Campania,039,063,063039,Concluso,COLLAUDO,ASILI NIDO,Concluso,1,1,1,2024-06-13,2026-03-30,2026-06-30,2024.0,0,RISTRUTTURAZIONE (PER CAMBIO DI DESTINAZIONE D'USO),Ristrutturazione/recupero,240000.0,240000.0,2,3,1,1,1,0,1
J58H24000560006,Campania,039,063,063039,In Corso,COLLAUDO,ASILI NIDO,Collaudo non concluso,0,1,0,2024-06-13,,2026-06-30,2024.0,0,AMPLIAMENTO (COMPRESA SOPRAELEVAZIONE) O POTENZIAMENTO,Ampliamento,288000.0,288000.0,2,2,1,1,1,0,1
J58H24000590006,Lazio,027,057,057027,In Corso,ESECUZIONE LAVORI,ASILI NIDO,Esecuzione lavori,0,0,0,2024-08-19,,2026-06-30,2024.0,0,RISTRUTTURAZIONE (PER CAMBIO DI DESTINAZIONE D'USO),Ristrutturazione/recupero,1044837.3,720000.0,4,4,1,1,3,0,1
J58H24000600006,Calabria,065,080,080065,In Corso,COLLAUDO,ASILI NIDO,Collaudo non concluso,0,1,0,2024-09-05,,2026-06-30,2024.0,0,RISTRUTTURAZIONE (PER CAMBIO DI DESTINAZIONE D'USO),Ristrutturazione/recupero,576000.0,576000.0,5,4,1,1,4,0,1
J58H25000420006,Calabria,065,080,080065,In Corso,ESECUZIONE LAVORI,ASILI NIDO,Esecuzione lavori,0,0,0,2025-08-08,,2026-06-30,2025.0,0,RISTRUTTURAZIONE (PER CAMBIO DI DESTINAZIONE D'USO),Ristrutturazione/recupero,672000.0,672000.0,4,4,1,1,3,0,1
J58H25000540006,Abruzzo,015,067,067015,In Corso,Fase non disponibile,ASILI NIDO,Fase non disponibile,0,0,0,,,,,0,AMPLIAMENTO (COMPRESA SOPRAELEVAZIONE) O POTENZIAMENTO,Ampliamento,480000.0,480000.0,0,0,0,0,0,0,1
J58I21000460006,Toscana,026,050,050026,In Corso,COLLAUDO,ASILI NIDO,Collaudo non concluso,0,1,0,2022-10-26,,2026-06-30,2022.0,0,RISTRUTTURAZIONE CON EFFICIENTAMENTO ENERGETICO,Ristrutturazione/recupero,635484.04,304840.4,7,8,1,1,7,1,1
J58I21000470006,Toscana,026,050,050026,In Corso,COLLAUDO,ASILI NIDO,Collaudo non concluso,0,1,0,2022-10-26,,2026-06-30,2022.0,0,RISTRUTTURAZIONE CON EFFICIENTAMENTO ENERGETICO,Ristrutturazione/recupero,889994.61,449946.05,7,10,1,1,7,1,1
J61B21001570005,Marche,003,043,043003,In Corso,COLLAUDO,ALTRE STRUTTURE SOCIALI,Collaudo non concluso,0,1,0,2023-04-07,,2026-06-30,2023.0,1,NUOVA REALIZZAZIONE,Nuova realizzazione,509960.0,435784.0,3,1,1,1,2,0,1
J61B21001690001,Campania,060,062,062060,In Corso,COLLAUDO,ALTRE INFRASTRUTTURE,Collaudo non concluso,0,1,0,2021-05-02,,2026-06-01,2021.0,1,NUOVA REALIZZAZIONE,Nuova realizzazione,1635047.3,1486406.64,8,0,1,1,6,0,1
J61B21001730001,Campania,076,063,063076,In Corso,COLLAUDO,ASILI NIDO,Collaudo non concluso,0,1,0,2021-05-17,,2026-06-30,2021.0,1,NUOVA REALIZZAZIONE,Nuova realizzazione,1821489.09,1821489.09,2,4,1,1,0,0,1
J61B21007220004,Veneto,110,024,024110,Concluso,COLLAUDO,ASILI NIDO,Concluso,1,1,1,2021-12-02,2026-03-19,2026-03-19,2021.0,0,NUOVA REALIZZAZIONE,Nuova realizzazione,3842144.24,3600000.0,5,5,1,1,4,0,1
J61B22001570006,Marche,003,043,043003,In Corso,COLLAUDO,ASILI NIDO,Collaudo non concluso,0,1,0,2023-04-11,,2026-06-30,2023.0,0,NUOVA REALIZZAZIONE,Nuova realizzazione,1244436.91,1130400.0,1,1,1,1,0,0,1
J61B22001620006,Emilia-Romagna,051,034,034051,In Corso,ESECUZIONE LAVORI,ASILI NIDO,Esecuzione lavori,0,0,0,2022-02-10,,2026-07-31,2022.0,0,NUOVA REALIZZAZIONE,Nuova realizzazione,3750000.0,3144000.0,13,12,1,1,13,1,1
J63C22000020006,Basilicata,093,076,076093,In Corso,STIPULA CONTRATTO,SCUOLE MATERNE,Prima dell'esecuzione,0,0,0,,,2024-12-31,,0,RISTRUTTURAZIONE CON EFFICIENTAMENTO ENERGETICO,Ristrutturazione/recupero,634000.0,634000.0,1,1,1,1,0,0,1
J63C22000290006,Liguria,046,010,010046,In Corso,COLLAUDO,ASILI NIDO,Collaudo non concluso,0,1,0,2022-09-08,,2026-03-31,2022.0,0,RISTRUTTURAZIONE CON EFFICIENTAMENTO ENERGETICO,Ristrutturazione/recupero,919800.0,865000.0,4,2,1,1,3,0,1
J64E20005370005,Abruzzo,099,066,066099,In Corso,ESECUZIONE LAVORI,SCUOLE MATERNE,Esecuzione lavori,0,0,0,2020-12-28,,2026-06-30,2020.0,1,AMPLIAMENTO (COMPRESA SOPRAELEVAZIONE) O POTENZIAMENTO,Ampliamento,952650.0,826500.0,8,1,1,1,7,0,1
J65E21000030001,Veneto,075,028,028075,In Corso,COLLAUDO,ASILI NIDO,Collaudo non concluso,0,1,0,2022-12-02,,2026-06-30,2022.0,0,NUOVA REALIZZAZIONE,Nuova realizzazione,2083703.79,1494106.5,8,9,1,1,7,0,1
J65E21000040006,Abruzzo,099,066,066099,In Corso,COLLAUDO,ASILI NIDO,Collaudo non concluso,0,1,0,2023-06-17,,2026-06-30,2023.0,0,NUOVA REALIZZAZIONE,Nuova realizzazione,1584000.0,1440000.0,3,3,1,1,2,0,1
J65E22000010006,Calabria,059,079,079059,In Corso,COLLAUDO,ASILI NIDO,Collaudo non concluso,0,1,0,2022-12-13,,2026-06-30,2022.0,0,NUOVA REALIZZAZIONE,Nuova realizzazione,1780063.14,1640200.0,3,3,1,1,2,0,1
J65E22000030006,Sardegna,002,111,111002,In Corso,ESECUZIONE LAVORI,ASILI NIDO,Esecuzione lavori,0,0,0,2023-01-11,,2026-12-31,2023.0,0,NUOVA REALIZZAZIONE,Nuova realizzazione,792000.0,720000.0,3,5,1,1,3,1,1
J65E22000050006,Calabria,024,101,101024,In Corso,COLLAUDO,SCUOLE MATERNE,Collaudo non concluso,0,1,0,2022-11-09,,2026-04-30,2022.0,0,NUOVA REALIZZAZIONE,Nuova realizzazione,1478840.0,1344400.0,9,11,1,1,7,0,1
J65E22000150006,Veneto,094,023,023094,In Corso,COLLAUDO,SCUOLE MATERNE,Collaudo non concluso,0,1,0,2023-01-01,,2026-06-30,2023.0,0,NUOVA REALIZZAZIONE,Nuova realizzazione,6610559.99,6009600.0,11,1,1,1,10,0,1
J65E22000200006,Campania,089,061,061089,In Corso,COLLAUDO,ASILI NIDO,Collaudo non concluso,0,1,0,2023-05-02,,2026-06-30,2023.0,0,NUOVA REALIZZAZIONE,Nuova realizzazione,1350000.0,1350000.0,6,3,1,1,5,0,1
J65E22000210006,Sicilia,006,087,087006,In Corso,COLLAUDO,ASILI NIDO,Collaudo non concluso,0,1,0,2023-01-24,,2026-06-30,2023.0,0,NUOVA REALIZZAZIONE,Nuova realizzazione,3166562.3,2878693.0,8,7,1,1,8,1,1
J65E22000220006,Veneto,004,023,023004,Concluso,COLLAUDO,ASILI NIDO,Concluso,1,1,1,2023-05-18,2025-03-21,2025-03-31,2023.0,0,NUOVA REALIZZAZIONE,Nuova realizzazione,713771.48,621188.0,3,3,1,1,2,0,1
J65E24000030006,Sicilia,042,087,087042,In Corso,COLLAUDO,ASILI NIDO,Collaudo non concluso,0,1,0,2024-08-12,,2026-12-31,2024.0,0,NUOVA REALIZZAZIONE,Nuova realizzazione,1008000.0,1008000.0,3,3,1,1,2,0,1
J65E24000040006,Calabria,057,080,080057,In Corso,COLLAUDO,ASILI NIDO,Collaudo non concluso,0,1,0,2024-07-16,,2026-06-30,2024.0,0,NUOVA REALIZZAZIONE,Nuova realizzazione,1008000.0,1008000.0,5,5,1,1,5,1,1
J65E24000050006,Lazio,026,058,058026,In Corso,ESECUZIONE LAVORI,ASILI NIDO,Esecuzione lavori,0,0,0,2024-08-12,,2026-07-30,2024.0,0,NUOVA REALIZZAZIONE,Nuova realizzazione,720000.0,720000.0,7,7,1,1,6,0,1
J65E24000060006,Sicilia,006,087,087006,In Corso,ESECUZIONE LAVORI,ASILI NIDO,Esecuzione lavori,0,0,0,2024-09-23,,2026-08-31,2024.0,0,NUOVA REALIZZAZIONE,Nuova realizzazione,1728000.0,1728000.0,2,1,1,1,0,0,1
J65E24000070006,Liguria,046,010,010046,In Corso,ESECUZIONE LAVORI,ASILI NIDO,Esecuzione lavori,0,0,0,2022-09-08,,2026-06-30,2022.0,0,NUOVA REALIZZAZIONE,Nuova realizzazione,1900000.0,1440000.0,15,15,1,1,14,0,1
J65E24000080006,Lazio,064,057,057064,In Corso,ESECUZIONE LAVORI,ASILI NIDO,Esecuzione lavori,0,0,0,2024-08-05,,2026-05-30,2024.0,0,NUOVA REALIZZAZIONE,Nuova realizzazione,576000.0,576000.0,3,3,1,1,2,0,1
J65E24000110001,Lombardia,003,020,020003,In Corso,COLLAUDO,ASILI NIDO,Collaudo non concluso,0,1,0,2023-12-07,,2026-08-31,2023.0,0,NUOVA REALIZZAZIONE,Nuova realizzazione,2135784.64,1440000.0,2,3,1,1,1,0,1
J65E25000010006,Campania,119,064,064119,In Corso,ESECUZIONE LAVORI,ASILI NIDO,Esecuzione lavori,0,0,0,2025-03-20,,2026-06-30,2025.0,0,NUOVA REALIZZAZIONE,Nuova realizzazione,480000.0,480000.0,6,5,1,1,4,0,1
J65E25000020006,Calabria,024,101,101024,In Corso,ESECUZIONE LAVORI,ASILI NIDO,Esecuzione lavori,0,0,0,2025-08-21,,2026-11-30,2025.0,0,NUOVA REALIZZAZIONE,Nuova realizzazione,480000.0,480000.0,4,4,1,0,4,0,1
J65F21000250001,Campania,027,065,065027,In Corso,ESECUZIONE LAVORI,ALTRI EDIFICI SCOLASTICI,Esecuzione lavori,0,0,0,2023-01-13,,2026-08-31,2023.0,1,MANUTENZIONE STRAORDINARIA PER MESSA IN SICUREZZA (ESCLUSO DISSESTO IDROGEOLOGICO),Altro,1099993.49,999994.08,4,4,1,1,3,0,1
J66F22000000006,Marche,012,043,043012,In Corso,COLLAUDO,ASILI NIDO,Collaudo non concluso,0,1,0,2022-11-08,,2026-06-30,2022.0,0,DEMOLIZIONE,Demolizione/ricostruzione,1350000.0,990000.0,7,6,1,1,6,0,1
J68H22000000006,Liguria,046,010,010046,In Corso,COLLAUDO,SCUOLE MATERNE,Collaudo non concluso,0,1,0,2022-09-08,,2026-03-31,2022.0,0,DEMOLIZIONE,Demolizione/ricostruzione,4645691.99,3750000.0,15,12,1,1,14,0,1
J68H22000060006,Veneto,036,025,025036,Concluso,COLLAUDO,ASILI NIDO,Concluso,1,1,1,2023-01-17,2025-11-12,2025-12-31,2023.0,0,RISTRUTTURAZIONE (PER CAMBIO DI DESTINAZIONE D'USO),Ristrutturazione/recupero,295000.0,209170.0,3,4,1,1,2,0,1
J68H22000080006,Lazio,057,056,056057,In Corso,ESECUZIONE LAVORI,ASILI NIDO,Esecuzione lavori,0,0,0,2023-01-13,,2025-12-31,2023.0,0,AMPLIAMENTO (COMPRESA SOPRAELEVAZIONE) O POTENZIAMENTO,Ampliamento,1455545.5,1198750.0,11,5,1,1,10,0,1
J68H22000220006,Veneto,022,023,023022,In Corso,COLLAUDO,SCUOLE MATERNE,Collaudo non concluso,0,1,0,2022-12-30,,2026-06-30,2022.0,0,AMPLIAMENTO (COMPRESA SOPRAELEVAZIONE) O POTENZIAMENTO,Ampliamento,650000.0,650000.0,14,10,1,1,14,0,1
J68H22000230001,Lombardia,003,020,020003,In Corso,COLLAUDO,ASILI NIDO,Collaudo non concluso,0,1,0,2022-09-08,,2026-06-30,2022.0,0,AMPLIAMENTO (COMPRESA SOPRAELEVAZIONE) O POTENZIAMENTO,Ampliamento,410250.0,327750.0,6,4,1,1,5,0,1
J68H24000420006,Lombardia,016,108,108016,In Corso,ESECUZIONE LAVORI,ASILI NIDO,Esecuzione lavori,0,0,0,2024-09-18,,2026-03-31,2024.0,0,AMPLIAMENTO (COMPRESA SOPRAELEVAZIONE) O POTENZIAMENTO,Ampliamento,894434.59,576000.0,6,6,1,1,6,1,1
J68H24000430006,Calabria,024,101,101024,In Corso,COLLAUDO,ASILI NIDO,Collaudo non concluso,0,1,0,2023-03-19,,2026-03-30,2023.0,0,RISTRUTTURAZIONE (PER CAMBIO DI DESTINAZIONE D'USO),Ristrutturazione/recupero,480000.0,480000.0,1,1,1,0,1,0,1
J68H24000450006,Puglia,051,075,075051,In Corso,ESECUZIONE LAVORI,ASILI NIDO,Esecuzione lavori,0,0,0,2024-04-30,,2026-06-30,2024.0,0,RISTRUTTURAZIONE (PER CAMBIO DI DESTINAZIONE D'USO),Ristrutturazione/recupero,400000.0,400000.0,2,4,1,1,1,0,1
J68H24000460006,Sicilia,024,087,087024,In Corso,ESECUZIONE LAVORI,ASILI NIDO,Esecuzione lavori,0,0,0,2024-09-05,,2026-09-25,2024.0,0,RISTRUTTURAZIONE (PER CAMBIO DI DESTINAZIONE D'USO),Ristrutturazione/recupero,813000.0,800000.0,4,4,1,0,1,0,1
J68H24000470006,Sicilia,024,087,087024,In Corso,ESECUZIONE LAVORI,ASILI NIDO,Esecuzione lavori,0,0,0,2024-09-05,,2026-08-31,2024.0,0,RISTRUTTURAZIONE (PER CAMBIO DI DESTINAZIONE D'USO),Ristrutturazione/recupero,1087000.0,880000.0,7,7,1,1,5,0,1
J68H24000490006,Puglia,008,110,110008,In Corso,COLLAUDO,ASILI NIDO,Collaudo non concluso,0,1,0,2024-08-01,,2026-06-30,2024.0,0,RISTRUTTURAZIONE (PER CAMBIO DI DESTINAZIONE D'USO),Ristrutturazione/recupero,620000.0,480000.0,1,0,1,1,0,0,1
J68H25000360001,Campania,060,062,062060,In Corso,ESECUZIONE LAVORI,ASILI NIDO,Esecuzione lavori,0,0,0,,,2026-06-30,,0,RISTRUTTURAZIONE (PER CAMBIO DI DESTINAZIONE D'USO),Ristrutturazione/recupero,560000.0,560000.0,8,7,1,1,7,0,1
J68H25000410006,Campania,058,063,063058,In Corso,COLLAUDO,ASILI NIDO,Collaudo non concluso,0,1,0,2025-06-25,,2026-06-30,2025.0,0,RISTRUTTURAZIONE (PER CAMBIO DI DESTINAZIONE D'USO),Ristrutturazione/recupero,760000.0,760000.0,6,5,1,1,5,0,1
J68H25000630006,Campania,110,064,064110,In Corso,ESECUZIONE LAVORI,ASILI NIDO,Esecuzione lavori,0,0,0,,,,,0,RISTRUTTURAZIONE (PER CAMBIO DI DESTINAZIONE D'USO),Ristrutturazione/recupero,440000.0,440000.0,4,3,1,1,3,0,1
J68H25000700006,Calabria,059,079,079059,In Corso,ESECUZIONE LAVORI,ASILI NIDO,Esecuzione lavori,0,0,0,2025-09-17,,2026-06-30,2025.0,0,RISTRUTTURAZIONE (PER CAMBIO DI DESTINAZIONE D'USO),Ristrutturazione/recupero,1200000.0,1200000.0,2,2,1,1,1,0,1
J68H25000710006,Piemonte,187,001,001187,In Corso,ESECUZIONE LAVORI,ASILI NIDO,Esecuzione lavori,0,0,0,2025-10-05,,2026-09-30,2025.0,0,AMPLIAMENTO (COMPRESA SOPRAELEVAZIONE) O POTENZIAMENTO,Ampliamento,175000.0,168000.0,2,2,1,1,2,0,1
J68I21000120001,Veneto,022,023,023022,In Corso,COLLAUDO,ALTRE INFRASTRUTTURE,Collaudo non concluso,0,1,0,2021-05-10,,2026-06-30,2021.0,1,RISTRUTTURAZIONE CON EFFICIENTAMENTO ENERGETICO,Ristrutturazione/recupero,320000.0,320000.0,2,2,1,1,2,0,1
J71B21001090001,Marche,020,044,044020,In Corso,COLLAUDO,ALTRE STRUTTURE SOCIALI,Collaudo non concluso,0,1,0,2021-04-20,,2026-06-30,2021.0,1,NUOVA REALIZZAZIONE,Nuova realizzazione,2310000.0,2100000.0,8,8,1,1,7,1,1
J71B21001290001,Calabria,116,078,078116,In Corso,ESECUZIONE LAVORI,ASILI NIDO,Esecuzione lavori,0,0,0,2022-10-11,,2026-06-30,2022.0,1,NUOVA REALIZZAZIONE,Nuova realizzazione,2927072.0,2927072.0,7,7,1,1,5,0,1
J71B21001300001,Campania,090,061,061090,In Corso,COLLAUDO,ALTRE STRUTTURE SOCIALI,Collaudo non concluso,0,1,0,2022-01-26,,2026-06-30,2022.0,1,NUOVA REALIZZAZIONE,Nuova realizzazione,2500000.0,2450000.0,6,8,1,1,5,0,1
J71B22000850006,Lombardia,185,015,015185,In Corso,COLLAUDO,ASILI NIDO,Collaudo non concluso,0,1,0,2023-11-29,,2026-06-30,2023.0,0,NUOVA REALIZZAZIONE,Nuova realizzazione,1680000.0,1200000.0,10,10,1,1,9,2,1
J72C21002460006,Campania,090,061,061090,In Corso,COLLAUDO,SCUOLE MATERNE,Collaudo non concluso,0,1,0,2022-01-26,,2026-06-30,2022.0,0,DEMOLIZIONE,Demolizione/ricostruzione,3795875.0,3360000.0,6,6,1,1,5,0,1
J73C22000040006,Sardegna,061,091,091061,Concluso,COLLAUDO,SCUOLE MATERNE,Concluso,1,1,1,2022-12-30,2026-02-28,2026-06-30,2022.0,0,RISTRUTTURAZIONE CON EFFICIENTAMENTO ENERGETICO,Ristrutturazione/recupero,580000.0,580000.0,3,2,1,1,2,0,1
J73C22000050006,Campania,136,065,065136,Concluso,COLLAUDO,ASILI NIDO,Concluso,1,1,1,2023-04-13,2026-01-30,2026-01-30,2023.0,0,RISTRUTTURAZIONE CON EFFICIENTAMENTO ENERGETICO,Ristrutturazione/recupero,381593.42,381593.42,2,1,1,1,1,0,1
J73C22000270006,Veneto,005,023,023005,In Corso,ESECUZIONE LAVORI,ASILI NIDO,Esecuzione lavori,0,0,0,2022-10-26,,2026-06-30,2022.0,0,RISTRUTTURAZIONE CON EFFICIENTAMENTO ENERGETICO,Ristrutturazione/recupero,1419000.0,1290000.0,2,2,1,1,1,0,1
J73C24000180006,Umbria,017,055,055017,In Corso,ESECUZIONE LAVORI,ASILI NIDO,Esecuzione lavori,0,0,0,2024-09-05,,2026-09-30,2024.0,0,RISTRUTTURAZIONE CON EFFICIENTAMENTO ENERGETICO,Ristrutturazione/recupero,400000.0,400000.0,2,2,1,1,1,0,1
J73C24000190006,Calabria,116,078,078116,In Corso,ESECUZIONE LAVORI,ASILI NIDO,Esecuzione lavori,0,0,0,2025-10-30,,2026-06-30,2025.0,0,RISTRUTTURAZIONE CON EFFICIENTAMENTO ENERGETICO,Ristrutturazione/recupero,820000.0,820000.0,1,1,1,1,0,0,1
J73C24000200006,Calabria,116,078,078116,In Corso,Fase non disponibile,ASILI NIDO,Fase non disponibile,0,0,0,,,,,0,RISTRUTTURAZIONE CON EFFICIENTAMENTO ENERGETICO,Ristrutturazione/recupero,800000.0,800000.0,0,0,0,0,0,0,1
J74D25000600001,Sicilia,013,084,084013,In Corso,ESECUZIONE LAVORI,ASILI NIDO,Esecuzione lavori,0,0,0,2025-03-31,,2026-06-30,2025.0,0,ALTRO,Altro,576000.0,576000.0,3,4,1,1,2,0,1
J74E21000530001,Puglia,043,075,075043,In Corso,ESECUZIONE LAVORI,ALTRE STRUTTURE SOCIALI,Esecuzione lavori,0,0,0,2021-05-17,,2026-06-30,2021.0,1,RISTRUTTURAZIONE (PER CAMBIO DI DESTINAZIONE D'USO),Ristrutturazione/recupero,1800000.0,1645000.0,8,6,1,1,7,0,1
J74E22000300006,Veneto,048,024,024048,Concluso,COLLAUDO,ASILI NIDO,Concluso,1,1,1,2022-02-07,2025-12-29,2026-06-30,2022.0,0,AMPLIAMENTO (COMPRESA SOPRAELEVAZIONE) O POTENZIAMENTO,Ampliamento,1884000.0,1180000.0,15,15,1,1,14,0,1
J74E22000470006,Emilia-Romagna,021,036,036021,In Corso,COLLAUDO,ASILI NIDO,Collaudo non concluso,0,1,0,2022-11-24,,2026-06-30,2022.0,0,AMPLIAMENTO (COMPRESA SOPRAELEVAZIONE) O POTENZIAMENTO,Ampliamento,2367844.0,2367844.0,7,7,1,1,6,0,1
J74E22000480006,Puglia,029,073,073029,In Corso,ESECUZIONE LAVORI,SCUOLE MATERNE,Esecuzione lavori,0,0,0,2022-10-26,,2026-08-31,2022.0,0,AMPLIAMENTO (COMPRESA SOPRAELEVAZIONE) O POTENZIAMENTO,Ampliamento,3095400.0,2814000.0,7,9,1,1,6,0,1
J75E22000010006,Liguria,058,009,009058,In Corso,COLLAUDO,ASILI NIDO,Collaudo non concluso,0,1,0,2022-11-08,,2026-08-31,2022.0,0,NUOVA REALIZZAZIONE,Nuova realizzazione,520000.0,520000.0,3,2,1,1,2,0,1
J75E22000050006,Sicilia,043,087,087043,In Corso,ESECUZIONE LAVORI,SCUOLE MATERNE,Esecuzione lavori,0,0,0,2022-12-27,,2026-06-30,2022.0,0,NUOVA REALIZZAZIONE,Nuova realizzazione,1903000.0,1730000.0,3,3,1,1,2,1,1
J75E22000060006,Marche,020,044,044020,In Corso,COLLAUDO,ASILI NIDO,Collaudo non concluso,0,1,0,2022-12-20,,2026-06-30,2022.0,0,NUOVA REALIZZAZIONE,Nuova realizzazione,2660000.0,2100000.0,7,8,1,1,7,1,1
J75E22000070006,Puglia,004,072,072004,In Corso,COLLAUDO,ASILI NIDO,Collaudo non concluso,0,1,0,2022-02-24,,2026-06-30,2022.0,0,NUOVA REALIZZAZIONE,Nuova realizzazione,4642843.34,2857833.0,6,5,1,1,6,2,1
J75E22000150006,Emilia-Romagna,055,037,037055,In Corso,ESECUZIONE LAVORI,ASILI NIDO,Esecuzione lavori,0,0,0,2023-01-20,,2026-08-31,2023.0,0,NUOVA REALIZZAZIONE,Nuova realizzazione,3146585.12,2760000.0,8,3,1,1,8,1,1
J75E22000220006,Campania,084,064,064084,In Corso,ESECUZIONE LAVORI,ASILI NIDO,Esecuzione lavori,0,0,0,2023-11-07,,2026-12-31,2023.0,0,NUOVA REALIZZAZIONE,Nuova realizzazione,1337900.2,1337900.2,4,1,1,1,3,0,1
J75E22000240006,Puglia,051,071,071051,In Corso,COLLAUDO,ASILI NIDO,Collaudo non concluso,0,1,0,2022-09-08,,2026-05-31,2022.0,0,NUOVA REALIZZAZIONE,Nuova realizzazione,1153823.0,1048930.0,4,4,1,1,3,0,1
J75E22000250006,Molise,034,094,094034,In Corso,ESECUZIONE LAVORI,ASILI NIDO,Esecuzione lavori,0,0,0,2023-05-02,,2026-05-31,2023.0,0,NUOVA REALIZZAZIONE,Nuova realizzazione,950400.0,864000.0,9,6,1,1,8,0,1
J75E22000260006,Basilicata,002,077,077002,In Corso,COLLAUDO,ASILI NIDO,Collaudo non concluso,0,1,0,2023-04-05,,2026-06-30,2023.0,0,NUOVA REALIZZAZIONE,Nuova realizzazione,195909.8,187200.0,4,4,1,1,4,0,1
J75E22000270006,Toscana,050,048,048050,In Corso,COLLAUDO,ASILI NIDO,Collaudo non concluso,0,1,0,2022-03-30,,2026-12-01,2022.0,0,NUOVA REALIZZAZIONE,Nuova realizzazione,1190720.0,731280.0,8,9,1,1,8,1,1
J75E22000280001,Puglia,022,072,072022,In Corso,COLLAUDO,ASILI NIDO,Collaudo non concluso,0,1,0,2023-01-13,,2026-06-30,2023.0,0,NUOVA REALIZZAZIONE,Nuova realizzazione,2400000.0,2400000.0,8,9,1,1,8,1,1
J75E23000300006,Campania,037,065,065037,In Corso,COLLAUDO,ASILI NIDO,Collaudo non concluso,0,1,0,2024-08-20,,2026-06-30,2024.0,0,NUOVA REALIZZAZIONE,Nuova realizzazione,2088000.0,2088000.0,6,6,1,1,5,0,1
J75E24000020006,Puglia,004,072,072004,In Corso,COLLAUDO,ASILI NIDO,Collaudo non concluso,0,1,0,2024-06-13,,2026-06-30,2024.0,0,NUOVA REALIZZAZIONE,Nuova realizzazione,2592000.0,2592000.0,1,2,1,0,1,0,1
J75E24000030006,Veneto,103,028,028103,In Corso,COLLAUDO,ASILI NIDO,Collaudo non concluso,0,1,0,2024-08-01,,2026-06-30,2024.0,0,NUOVA REALIZZAZIONE,Nuova realizzazione,1200000.0,720000.0,3,3,1,1,2,0,1
J75E24000040006,Puglia,051,071,071051,In Corso,ESECUZIONE LAVORI,ASILI NIDO,Esecuzione lavori,0,0,0,2024-12-13,,2026-10-31,2024.0,0,NUOVA REALIZZAZIONE,Nuova realizzazione,2016000.0,2016000.0,6,5,1,1,6,1,1
J75E24000050005,Piemonte,314,001,001314,In Corso,ESECUZIONE LAVORI,ASILI NIDO,Esecuzione lavori,0,0,0,2024-08-08,,2026-06-30,2024.0,0,NUOVA REALIZZAZIONE,Nuova realizzazione,936000.0,720000.0,4,4,1,1,3,0,1
J75E24000060006,Campania,054,061,061054,In Corso,Fase non disponibile,ASILI NIDO,Fase non disponibile,0,0,0,,,,,0,NUOVA REALIZZAZIONE,Nuova realizzazione,864000.0,864000.0,2,1,1,1,1,0,1
J75E24000070006,Sicilia,071,082,082071,In Corso,COLLAUDO,ASILI NIDO,Collaudo non concluso,0,1,0,2024-06-23,,2026-03-30,2024.0,0,NUOVA REALIZZAZIONE,Nuova realizzazione,864000.0,864000.0,4,4,1,1,4,1,1
J75E24000080006,Sicilia,019,081,081019,In Corso,COLLAUDO,ASILI NIDO,Collaudo non concluso,0,1,0,2024-08-08,,2026-06-30,2024.0,0,NUOVA REALIZZAZIONE,Nuova realizzazione,557797.58,480000.0,5,4,1,1,4,0,1
J75E25000070006,Campania,054,061,061054,In Corso,Fase non disponibile,ASILI NIDO,Fase non disponibile,0,0,0,,,,,0,NUOVA REALIZZAZIONE,Nuova realizzazione,1008000.0,1008000.0,6,4,1,1,5,0,1
J76F22000000006,Calabria,062,078,078062,In Corso,ESECUZIONE LAVORI,SCUOLE MATERNE,Esecuzione lavori,0,0,0,2023-03-09,,2026-12-31,2023.0,0,DEMOLIZIONE,Demolizione/ricostruzione,2586400.0,2380000.0,11,8,1,1,10,0,1
J76F22000160006,Calabria,033,079,079033,In Corso,COLLAUDO,ASILI NIDO,Collaudo non concluso,0,1,0,2023-03-23,,2026-06-30,2023.0,0,DEMOLIZIONE,Demolizione/ricostruzione,503703.87,503703.87,5,5,1,1,4,0,1
J77G22000020006,Piemonte,089,001,001089,In Corso,COLLAUDO,SCUOLE MATERNE,Collaudo non concluso,0,1,0,2023-02-13,,2026-06-30,2023.0,0,RECUPERO,Ristrutturazione/recupero,974587.17,749341.34,4,4,1,1,3,0,1
J77G22000080006,Valle d'Aosta,013,007,007013,Concluso,COLLAUDO,ASILI NIDO,Concluso,1,1,1,2023-03-31,2025-12-22,2025-12-31,2023.0,0,RECUPERO,Ristrutturazione/recupero,460101.22,290641.0,3,3,1,1,2,0,1
J77G24000060006,Lombardia,136,017,017136,Concluso,COLLAUDO,ASILI NIDO,Concluso,1,1,1,2024-06-13,2025-09-30,2026-06-30,2024.0,0,RECUPERO,Ristrutturazione/recupero,400000.0,400000.0,3,3,1,1,2,0,1
J78H22000050006,Puglia,043,075,075043,In Corso,COLLAUDO,ASILI NIDO,Collaudo non concluso,0,1,0,2022-09-08,,2026-06-30,2022.0,0,AMPLIAMENTO (COMPRESA SOPRAELEVAZIONE) O POTENZIAMENTO,Ampliamento,1050000.0,1050000.0,4,5,1,1,4,0,1
J78H22000070006,Calabria,062,078,078062,In Corso,ESECUZIONE LAVORI,ASILI NIDO,Esecuzione lavori,0,0,0,2021-02-19,,2026-12-31,2021.0,0,RISTRUTTURAZIONE (PER CAMBIO DI DESTINAZIONE D'USO),Ristrutturazione/recupero,1080000.0,1080000.0,4,1,1,1,3,0,1
J78H24000400006,Campania,030,064,064030,In Corso,COLLAUDO,ASILI NIDO,Collaudo non concluso,0,1,0,2024-11-04,,2026-06-30,2024.0,0,RISTRUTTURAZIONE (PER CAMBIO DI DESTINAZIONE D'USO),Ristrutturazione/recupero,340000.0,340000.0,5,5,1,1,4,0,1
J78H25000270005,Lombardia,176,015,015176,In Corso,Fase non disponibile,ASILI NIDO,Fase non disponibile,0,0,0,,,,,0,AMPLIAMENTO (COMPRESA SOPRAELEVAZIONE) O POTENZIAMENTO,Ampliamento,1000000.0,480000.0,0,0,0,0,0,0,1
J78H25000280006,Basilicata,031,076,076031,In Corso,ESECUZIONE LAVORI,ASILI NIDO,Esecuzione lavori,0,0,0,2025-08-05,,2026-06-30,2025.0,0,RISTRUTTURAZIONE (PER CAMBIO DI DESTINAZIONE D'USO),Ristrutturazione/recupero,400000.0,400000.0,2,2,1,1,1,0,1
J78H25000430006,Emilia-Romagna,045,033,033045,In Corso,ESECUZIONE LAVORI,ASILI NIDO,Esecuzione lavori,0,0,0,2025-07-01,,2026-06-30,2025.0,0,AMPLIAMENTO (COMPRESA SOPRAELEVAZIONE) O POTENZIAMENTO,Ampliamento,490000.0,480000.0,3,2,1,1,2,0,1
J78H25000450006,Liguria,029,010,010029,In Corso,ESECUZIONE LAVORI,ASILI NIDO,Esecuzione lavori,0,0,0,2025-11-26,,2026-06-30,2025.0,0,RISTRUTTURAZIONE (PER CAMBIO DI DESTINAZIONE D'USO),Ristrutturazione/recupero,400000.0,400000.0,3,3,1,0,3,0,1
J78I21000150001,Campania,023,063,063023,In Corso,COLLAUDO,ASILI NIDO,Collaudo non concluso,0,1,0,2022-10-21,,2026-06-30,2022.0,1,RISTRUTTURAZIONE CON EFFICIENTAMENTO ENERGETICO,Ristrutturazione/recupero,1233600.0,1233600.0,6,2,1,1,4,0,1
J78I21000500006,Umbria,028,054,054028,In Corso,COLLAUDO,ASILI NIDO,Collaudo non concluso,0,1,0,2023-06-20,,2026-06-30,2023.0,0,RISTRUTTURAZIONE CON EFFICIENTAMENTO ENERGETICO,Ristrutturazione/recupero,1122000.0,1020000.0,4,5,1,1,3,0,1
J78I22000060006,Puglia,029,073,073029,In Corso,ESECUZIONE LAVORI,SCUOLE MATERNE,Esecuzione lavori,0,0,0,2022-10-26,,2026-08-31,2022.0,0,RISTRUTTURAZIONE CON EFFICIENTAMENTO ENERGETICO,Ristrutturazione/recupero,1036200.0,942000.0,7,8,1,1,6,0,1
J81B21014010006,Sicilia,053,087,087053,In Corso,ESECUZIONE LAVORI,SCUOLE MATERNE,Esecuzione lavori,0,0,0,2022-11-24,,2026-08-31,2022.0,0,NUOVA REALIZZAZIONE,Nuova realizzazione,4730000.0,4300000.0,8,8,1,1,8,1,1
J81B22001490009,Trentino-Alto Adige,101,021,021101,Concluso,COLLAUDO,ASILI NIDO,Concluso,1,1,1,2023-05-15,2025-02-05,2025-12-31,2023.0,0,NUOVA REALIZZAZIONE,Nuova realizzazione,1994874.32,972565.64,3,4,1,1,1,0,1
J81B22001880006,Lazio,091,058,058091,In Corso,ESECUZIONE LAVORI,ASILI NIDO,Esecuzione lavori,0,0,0,2022-09-08,,2026-06-30,2022.0,0,NUOVA REALIZZAZIONE,Nuova realizzazione,1198313.26,842400.0,3,3,1,1,2,0,1
J81B22001890006,Lazio,091,058,058091,In Corso,ESECUZIONE LAVORI,SCUOLE MATERNE,Esecuzione lavori,0,0,0,2022-10-26,,2026-06-30,2022.0,0,NUOVA REALIZZAZIONE,Nuova realizzazione,1423849.77,1284000.0,4,4,1,1,3,0,1
J81B22002080006,Lazio,091,058,058091,In Corso,ESECUZIONE LAVORI,SCUOLE MATERNE,Esecuzione lavori,0,0,0,2022-10-26,,2026-06-30,2022.0,0,NUOVA REALIZZAZIONE,Nuova realizzazione,8997518.19,2232000.0,1,0,1,0,1,1,1
J81B22002240006,Emilia-Romagna,033,035,035033,In Corso,ESECUZIONE LAVORI,ASILI NIDO,Esecuzione lavori,0,0,0,2021-12-02,,2026-12-31,2021.0,0,NUOVA REALIZZAZIONE,Nuova realizzazione,4344400.0,2904000.0,7,6,1,1,7,1,1
J81B22002410007,Lazio,091,058,058091,In Corso,ESECUZIONE LAVORI,ASILI NIDO,Esecuzione lavori,0,0,0,2022-09-08,,2026-06-30,2022.0,0,NUOVA REALIZZAZIONE,Nuova realizzazione,5171393.0,2337630.0,6,3,1,1,6,2,1
J81B22002480006,Lazio,091,058,058091,In Corso,ESECUZIONE LAVORI,ASILI NIDO,Esecuzione lavori,0,0,0,2022-09-08,,2026-06-30,2022.0,0,NUOVA REALIZZAZIONE,Nuova realizzazione,2981404.89,1800000.0,2,2,1,1,2,1,1
J81B22002530006,Lazio,091,058,058091,In Corso,ESECUZIONE LAVORI,SCUOLE MATERNE,Esecuzione lavori,0,0,0,2022-09-08,,2026-06-30,2022.0,0,NUOVA REALIZZAZIONE,Nuova realizzazione,5292722.1,2266111.0,4,1,1,1,4,2,1
J81B22002550006,Lazio,091,058,058091,In Corso,ESECUZIONE LAVORI,ASILI NIDO,Esecuzione lavori,0,0,0,2022-09-08,,2026-06-30,2022.0,0,NUOVA REALIZZAZIONE,Nuova realizzazione,4354240.0,1958400.0,3,1,1,1,3,1,1
J81B22002560006,Lazio,091,058,058091,In Corso,ESECUZIONE LAVORI,ASILI NIDO,Esecuzione lavori,0,0,0,2022-09-08,,2026-06-30,2022.0,0,NUOVA REALIZZAZIONE,Nuova realizzazione,5595840.0,1814400.0,4,3,1,1,4,1,1
J81B22002610006,Campania,008,062,062008,In Corso,COLLAUDO,ASILI NIDO,Collaudo non concluso,0,1,0,2022-10-13,,2026-06-30,2022.0,0,NUOVA REALIZZAZIONE,Nuova realizzazione,1500000.0,1500000.0,2,2,1,1,1,0,1
J83C22000060006,Campania,058,064,064058,In Corso,ESECUZIONE LAVORI,ASILI NIDO,Esecuzione lavori,0,0,0,2022-03-01,,2026-12-31,2022.0,0,RISTRUTTURAZIONE CON EFFICIENTAMENTO ENERGETICO,Ristrutturazione/recupero,437852.16,398047.42,3,3,1,1,2,0,1
J83C22000510006,Sicilia,006,088,088006,In Corso,COLLAUDO,ASILI NIDO,Collaudo non concluso,0,1,0,2023-02-02,,2026-06-30,2023.0,0,RISTRUTTURAZIONE CON EFFICIENTAMENTO ENERGETICO,Ristrutturazione/recupero,345800.0,345800.0,3,3,1,1,2,0,1
J83C22000520001,Sicilia,023,084,084023,In Corso,ESECUZIONE LAVORI,ASILI NIDO,Esecuzione lavori,0,0,0,2023-02-23,,2026-12-31,2023.0,0,RISTRUTTURAZIONE CON EFFICIENTAMENTO ENERGETICO,Ristrutturazione/recupero,588900.0,588900.0,8,1,1,1,7,0,1
J83C24000470006,Campania,008,062,062008,In Corso,ESECUZIONE LAVORI,ASILI NIDO,Esecuzione lavori,0,0,0,2024-07-01,,2026-04-30,2024.0,0,RISTRUTTURAZIONE CON EFFICIENTAMENTO ENERGETICO,Ristrutturazione/recupero,2160000.0,2160000.0,5,4,1,1,4,0,1
J83C25000230006,Sicilia,016,083,083016,In Corso,COLLAUDO,ASILI NIDO,Collaudo non concluso,0,1,0,2025-07-22,,2026-08-31,2025.0,0,RISTRUTTURAZIONE CON EFFICIENTAMENTO ENERGETICO,Ristrutturazione/recupero,400000.0,400000.0,5,7,1,1,4,0,1
J83C25000490006,Sicilia,017,087,087017,In Corso,ESECUZIONE LAVORI,ASILI NIDO,Esecuzione lavori,0,0,0,,,,,0,RISTRUTTURAZIONE CON EFFICIENTAMENTO ENERGETICO,Ristrutturazione/recupero,2400000.0,2400000.0,0,0,0,0,0,0,1
J84D24001340006,Veneto,014,028,028014,In Corso,COLLAUDO,ASILI NIDO,Collaudo non concluso,0,1,0,2024-07-05,,2026-06-30,2024.0,0,ALTRO,Altro,400000.0,400000.0,5,5,1,1,4,0,1
J84E21001910001,Campania,038,065,065038,Concluso,COLLAUDO,ASILI NIDO,Concluso,1,1,1,2022-10-07,2025-09-25,2025-11-07,2022.0,1,RISTRUTTURAZIONE (PER CAMBIO DI DESTINAZIONE D'USO),Ristrutturazione/recupero,963680.0,910000.0,5,9,1,1,4,0,1
J84E21005400006,Sicilia,025,083,083025,In Corso,COLLAUDO,SCUOLE MATERNE,Collaudo non concluso,0,1,0,2022-11-16,,2026-06-30,2022.0,0,AMPLIAMENTO (COMPRESA SOPRAELEVAZIONE) O POTENZIAMENTO,Ampliamento,1966500.0,1966500.0,1,1,1,1,0,0,1
J84E22000010006,Emilia-Romagna,010,033,033010,In Corso,COLLAUDO,ASILI NIDO,Collaudo non concluso,0,1,0,2022-11-25,,2026-06-30,2022.0,0,AMPLIAMENTO (COMPRESA SOPRAELEVAZIONE) O POTENZIAMENTO,Ampliamento,700000.0,571200.0,7,6,1,1,5,0,1
J84E22000170006,Lombardia,070,019,019070,In Corso,ESECUZIONE LAVORI,ASILI NIDO,Esecuzione lavori,0,0,0,2022-02-18,,2026-06-30,2022.0,0,RISTRUTTURAZIONE (PER CAMBIO DI DESTINAZIONE D'USO),Ristrutturazione/recupero,536250.0,487500.0,2,2,1,1,1,0,1
J84E22000200006,Lazio,091,058,058091,In Corso,COLLAUDO,ASILI NIDO,Collaudo non concluso,0,1,0,2022-07-05,,2026-06-30,2022.0,0,AMPLIAMENTO (COMPRESA SOPRAELEVAZIONE) O POTENZIAMENTO,Ampliamento,1900800.0,1728000.0,6,6,1,1,4,2,1
J85E21000030006,Lazio,026,059,059026,In Corso,ESECUZIONE LAVORI,ASILI NIDO,Esecuzione lavori,0,0,0,2023-04-05,,2026-06-30,2023.0,0,NUOVA REALIZZAZIONE,Nuova realizzazione,2937000.0,2670000.0,3,1,1,1,2,0,1
J85E22000040006,Campania,044,062,062044,In Corso,ESECUZIONE LAVORI,SCUOLE MATERNE,Esecuzione lavori,0,0,0,2021-12-02,,2026-06-30,2021.0,0,NUOVA REALIZZAZIONE,Nuova realizzazione,1650000.0,1500000.0,5,5,1,1,4,0,1
J85E22000060006,Abruzzo,005,069,069005,In Corso,ESECUZIONE LAVORI,SCUOLE MATERNE,Esecuzione lavori,0,0,0,2023-01-09,,2026-06-30,2023.0,0,NUOVA REALIZZAZIONE,Nuova realizzazione,4032000.0,4032000.0,13,14,1,1,11,0,1
J85E22000070006,Lazio,060,060,060060,In Corso,ESECUZIONE LAVORI,ASILI NIDO,Esecuzione lavori,0,0,0,2022-10-20,,2026-06-30,2022.0,0,NUOVA REALIZZAZIONE,Nuova realizzazione,1214400.0,1104000.0,7,4,1,1,6,0,1
J85E22000090006,Lombardia,222,015,015222,In Corso,ESECUZIONE LAVORI,ASILI NIDO,Esecuzione lavori,0,0,0,2022-02-24,,2026-04-30,2022.0,0,NUOVA REALIZZAZIONE,Nuova realizzazione,2883715.55,2225665.37,6,6,1,1,6,1,1
J85E22000120006,Puglia,010,074,074010,In Corso,ESECUZIONE LAVORI,ASILI NIDO,Esecuzione lavori,0,0,0,2022-12-14,,2026-06-30,2022.0,0,NUOVA REALIZZAZIONE,Nuova realizzazione,4665910.4,4665910.4,8,6,1,1,7,0,1
J85E22000140006,Sicilia,034,083,083034,In Corso,ESECUZIONE LAVORI,SCUOLE MATERNE,Esecuzione lavori,0,0,0,2021-05-05,,2026-01-16,2021.0,0,NUOVA REALIZZAZIONE,Nuova realizzazione,1056587.4,960534.0,2,2,1,1,1,0,1
J85E22000250006,Campania,044,062,062044,In Corso,ESECUZIONE LAVORI,ASILI NIDO,Esecuzione lavori,0,0,0,2021-12-02,,2026-06-30,2021.0,0,NUOVA REALIZZAZIONE,Nuova realizzazione,1650000.0,1500000.0,5,6,1,1,4,0,1
J85E22000260006,Sicilia,006,088,088006,In Corso,ESECUZIONE LAVORI,ASILI NIDO,Esecuzione lavori,0,0,0,2023-01-18,,2026-06-30,2023.0,0,NUOVA REALIZZAZIONE,Nuova realizzazione,1080000.0,1080000.0,4,5,1,1,3,0,1
J85E22000320006,Sicilia,034,083,083034,In Corso,ESECUZIONE LAVORI,SCUOLE MATERNE,Esecuzione lavori,0,0,0,2023-01-02,,2026-02-02,2023.0,0,NUOVA REALIZZAZIONE,Nuova realizzazione,768900.0,699000.0,6,2,1,1,4,0,1
J85E24000130006,Piemonte,243,001,001243,In Corso,ESECUZIONE LAVORI,ASILI NIDO,Esecuzione lavori,0,0,0,2024-08-01,,2026-09-30,2024.0,0,NUOVA REALIZZAZIONE,Nuova realizzazione,551000.0,480000.0,2,2,1,1,1,0,1
J85E24000160006,Puglia,010,074,074010,In Corso,ESECUZIONE LAVORI,ASILI NIDO,Esecuzione lavori,0,0,0,2024-09-05,,2026-06-30,2024.0,0,NUOVA REALIZZAZIONE,Nuova realizzazione,1682278.0,1440000.0,5,5,1,1,4,0,1
J85E24000170006,Campania,087,063,063087,In Corso,ESECUZIONE LAVORI,ASILI NIDO,Esecuzione lavori,0,0,0,2023-07-03,,2026-06-30,2023.0,0,NUOVA REALIZZAZIONE,Nuova realizzazione,1632000.0,1632000.0,7,6,1,1,6,0,1
J85E25000020006,Piemonte,210,004,004210,In Corso,Fase non disponibile,ASILI NIDO,Fase non disponibile,0,0,0,,,,,0,NUOVA REALIZZAZIONE,Nuova realizzazione,870000.0,480000.0,0,0,0,0,0,0,1
J85E25000060006,Campania,087,063,063087,In Corso,COLLAUDO,ASILI NIDO,Collaudo non concluso,0,1,0,2025-06-10,,2026-06-30,2025.0,0,NUOVA REALIZZAZIONE,Nuova realizzazione,1632000.0,1632000.0,6,6,1,1,5,0,1
J86E25000050005,Sicilia,023,084,084023,In Corso,Fase non disponibile,SPAZI E STRUTTURE PER LE ATTIVITA' DI IMPRESA SOCIALE,Fase non disponibile,0,0,0,,,,,0,NUOVA REALIZZAZIONE,Nuova realizzazione,912000.0,912000.0,0,0,0,0,0,0,1
J86F22000020006,Basilicata,068,076,076068,In Corso,ESECUZIONE LAVORI,ASILI NIDO,Esecuzione lavori,0,0,0,2022-02-26,,2026-06-30,2022.0,0,DEMOLIZIONE,Demolizione/ricostruzione,1012000.0,920000.0,5,6,1,1,4,0,1
J86F24000220006,Sicilia,025,083,083025,In Corso,COLLAUDO/REGOLARE ESECUZIONE,ASILI NIDO,Collaudo non concluso,0,1,0,2024-09-23,,2026-06-30,2024.0,0,DEMOLIZIONE,Demolizione/ricostruzione,480000.0,480000.0,4,3,1,1,3,0,1
J86F25000020006,Calabria,153,078,078153,In Corso,ESECUZIONE LAVORI,ASILI NIDO,Esecuzione lavori,0,0,0,2025-03-17,,2026-06-30,2025.0,0,DEMOLIZIONE,Demolizione/ricostruzione,960000.0,960000.0,5,5,1,1,4,0,1
J87B22000040006,Puglia,001,074,074001,In Corso,COLLAUDO,ALTRE INFRASTRUTTURE,Collaudo non concluso,0,1,0,2022-10-20,,2026-06-30,2022.0,0,RECUPERO,Ristrutturazione/recupero,1848000.0,1680000.0,7,5,1,1,6,0,1
J87B22000050006,Puglia,001,074,074001,In Corso,ESECUZIONE LAVORI,ALTRE INFRASTRUTTURE,Esecuzione lavori,0,0,0,2022-10-28,,2026-09-30,2022.0,0,RECUPERO,Ristrutturazione/recupero,2695000.0,2450000.0,12,11,1,1,9,1,1
J87G22000000006,Lazio,091,058,058091,In Corso,ESECUZIONE LAVORI,SCUOLE MATERNE,Esecuzione lavori,0,0,0,2022-04-29,,2026-06-30,2022.0,0,RECUPERO,Ristrutturazione/recupero,2902900.0,2639000.0,3,8,1,1,3,1,1
J87G22000010006,Lazio,091,058,058091,In Corso,ESECUZIONE LAVORI,SCUOLE MATERNE,Esecuzione lavori,0,0,0,2022-04-29,,2026-06-30,2022.0,0,RECUPERO,Ristrutturazione/recupero,4804800.0,4368000.0,3,8,1,1,3,1,1
J88E18000790002,Campania,008,062,062008,Concluso,COLLAUDO,"SCUOLE ELEMENTARI, MEDIE E SUPERIORI",Concluso,1,1,1,2022-09-22,2026-06-08,2026-06-30,2022.0,1,MANUTENZIONE STRAORDINARIA DI ADEGUAMENTO SISMICO,Altro,647280.47,647280.47,2,2,1,1,1,0,1
J88H22000060007,Abruzzo,095,069,069095,In Corso,COLLAUDO,ASILI NIDO,Collaudo non concluso,0,1,0,2022-09-08,,2026-06-30,2022.0,1,RISTRUTTURAZIONE (PER CAMBIO DI DESTINAZIONE D'USO),Ristrutturazione/recupero,1078000.0,980000.0,6,8,1,1,5,0,1
J88H22000080006,Campania,064,061,061064,In Corso,COLLAUDO,ASILI NIDO,Collaudo non concluso,0,1,0,2022-12-14,,2026-06-30,2022.0,0,RISTRUTTURAZIONE (PER CAMBIO DI DESTINAZIONE D'USO),Ristrutturazione/recupero,410913.51,409500.0,2,3,1,1,1,0,1
J88H22000090006,Veneto,012,029,029012,Concluso,COLLAUDO,SCUOLE MATERNE,Concluso,1,1,1,2023-02-09,2024-10-31,2025-12-31,2023.0,0,AMPLIAMENTO (COMPRESA SOPRAELEVAZIONE) O POTENZIAMENTO,Ampliamento,718500.0,718500.0,8,8,1,1,7,0,1
J88H22000240006,Lazio,091,058,058091,In Corso,COLLAUDO,ASILI NIDO,Collaudo non concluso,0,1,0,2022-07-05,,2026-06-30,2022.0,0,AMPLIAMENTO (COMPRESA SOPRAELEVAZIONE) O POTENZIAMENTO,Ampliamento,1672000.0,1520000.0,3,5,1,1,3,1,1
J88H23002720001,Piemonte,016,002,002016,In Corso,ESECUZIONE LAVORI,ASILI NIDO,Esecuzione lavori,0,0,0,2024-07-23,,2026-06-30,2024.0,0,AMPLIAMENTO (COMPRESA SOPRAELEVAZIONE) O POTENZIAMENTO,Ampliamento,909638.52,576000.0,9,9,1,1,7,0,1
J88H24000680006,Lombardia,040,016,016040,In Corso,COLLAUDO,ASILI NIDO,Collaudo non concluso,0,1,0,2024-05-30,,2026-06-30,2024.0,0,AMPLIAMENTO (COMPRESA SOPRAELEVAZIONE) O POTENZIAMENTO,Ampliamento,726000.0,576000.0,2,2,1,1,1,0,1
J88H24000700006,Campania,100,061,061100,In Corso,ESECUZIONE LAVORI,ASILI NIDO,Esecuzione lavori,0,0,0,2024-09-06,,2026-08-31,2024.0,0,RISTRUTTURAZIONE (PER CAMBIO DI DESTINAZIONE D'USO),Ristrutturazione/recupero,768000.0,768000.0,3,2,1,1,2,0,1
J88H24000710006,Sicilia,053,087,087053,In Corso,COLLAUDO,ASILI NIDO,Collaudo non concluso,0,1,0,2024-06-13,,2026-06-30,2024.0,0,AMPLIAMENTO (COMPRESA SOPRAELEVAZIONE) O POTENZIAMENTO,Ampliamento,576000.0,576000.0,8,8,1,1,7,0,1
J88H24000720006,Puglia,001,074,074001,In Corso,COLLAUDO,ASILI NIDO,Collaudo non concluso,0,1,0,2024-08-02,,2026-06-30,2024.0,0,RISTRUTTURAZIONE (PER CAMBIO DI DESTINAZIONE D'USO),Ristrutturazione/recupero,1200000.0,1200000.0,1,1,1,0,0,0,1
J88H24000730006,Puglia,001,074,074001,In Corso,ESECUZIONE LAVORI,ASILI NIDO,Esecuzione lavori,0,0,0,2024-08-30,,2026-06-30,2024.0,0,RISTRUTTURAZIONE (PER CAMBIO DI DESTINAZIONE D'USO),Ristrutturazione/recupero,600000.0,600000.0,2,2,1,1,1,0,1
J88H24000740006,Sicilia,006,088,088006,In Corso,ESECUZIONE LAVORI,ASILI NIDO,Esecuzione lavori,0,0,0,2021-10-31,,2026-06-30,2021.0,0,RISTRUTTURAZIONE (PER CAMBIO DI DESTINAZIONE D'USO),Ristrutturazione/recupero,1200000.0,1200000.0,2,2,1,1,1,0,1
J88H24000750006,Sicilia,006,088,088006,In Corso,ESECUZIONE LAVORI,ASILI NIDO,Esecuzione lavori,0,0,0,2021-10-31,,2026-06-30,2021.0,0,RISTRUTTURAZIONE (PER CAMBIO DI DESTINAZIONE D'USO),Ristrutturazione/recupero,400000.0,400000.0,2,1,1,1,1,0,1
J88H24000760006,Sicilia,006,088,088006,In Corso,Fase non disponibile,ASILI NIDO,Fase non disponibile,0,0,0,2024-08-21,,2026-06-30,2024.0,0,RISTRUTTURAZIONE (PER CAMBIO DI DESTINAZIONE D'USO),Ristrutturazione/recupero,300000.0,300000.0,0,0,0,0,0,0,1
J88H24000770006,Sicilia,006,088,088006,In Corso,COLLAUDO,ASILI NIDO,Collaudo non concluso,0,1,0,2024-08-02,,2026-06-30,2024.0,0,RISTRUTTURAZIONE (PER CAMBIO DI DESTINAZIONE D'USO),Ristrutturazione/recupero,600000.0,600000.0,2,2,1,1,1,0,1
J88H24000780006,Veneto,059,028,028059,In Corso,ESECUZIONE LAVORI,ASILI NIDO,Esecuzione lavori,0,0,0,2024-08-08,,2026-02-26,2024.0,0,AMPLIAMENTO (COMPRESA SOPRAELEVAZIONE) O POTENZIAMENTO,Ampliamento,650000.0,480000.0,3,3,1,1,2,0,1
J88H24000800006,Abruzzo,005,069,069005,In Corso,ESECUZIONE LAVORI,ASILI NIDO,Esecuzione lavori,0,0,0,2025-09-25,,2026-06-30,2025.0,0,RISTRUTTURAZIONE (PER CAMBIO DI DESTINAZIONE D'USO),Ristrutturazione/recupero,800000.0,800000.0,2,1,1,1,1,0,1
J88H25000390006,Veneto,007,027,027007,In Corso,ESECUZIONE LAVORI,ASILI NIDO,Esecuzione lavori,0,0,0,2025-10-22,,2026-06-30,2025.0,0,AMPLIAMENTO (COMPRESA SOPRAELEVAZIONE) O POTENZIAMENTO,Ampliamento,750000.0,576000.0,3,2,1,1,2,0,1
J88H25000410006,Sicilia,017,087,087017,In Corso,COLLAUDO,ASILI NIDO,Collaudo non concluso,0,1,0,,,,,0,RISTRUTTURAZIONE (PER CAMBIO DI DESTINAZIONE D'USO),Ristrutturazione/recupero,1720000.0,1720000.0,0,0,0,0,0,0,1
J88H25000420006,Sicilia,017,087,087017,In Corso,PREDISPOSIZIONE CAPITOLATO E BANDO DI GARA,ASILI NIDO,Prima dell'esecuzione,0,0,0,,,,,0,RISTRUTTURAZIONE (PER CAMBIO DI DESTINAZIONE D'USO),Ristrutturazione/recupero,1400000.0,1400000.0,0,0,0,0,0,0,1
J88H25000510006,Piemonte,100,005,005100,In Corso,ESECUZIONE LAVORI,ASILI NIDO,Esecuzione lavori,0,0,0,2025-10-08,,2026-06-30,2025.0,0,RISTRUTTURAZIONE (PER CAMBIO DI DESTINAZIONE D'USO),Ristrutturazione/recupero,550000.0,400000.0,2,3,1,1,1,0,1
J88I22000060006,Toscana,033,048,048033,Concluso,COLLAUDO,ASILI NIDO,Concluso,1,1,1,2023-01-23,2025-03-20,2026-06-30,2023.0,0,RISTRUTTURAZIONE CON EFFICIENTAMENTO ENERGETICO,Ristrutturazione/recupero,340068.6,290000.0,2,3,1,1,1,0,1
J88I22000290006,Emilia-Romagna,033,035,035033,In Corso,ESECUZIONE LAVORI,ASILI NIDO,Esecuzione lavori,0,0,0,2021-12-02,,2026-08-31,2021.0,0,RISTRUTTURAZIONE CON EFFICIENTAMENTO ENERGETICO,Ristrutturazione/recupero,800500.0,605000.0,5,14,1,1,5,1,1
J88I22000300006,Emilia-Romagna,033,035,035033,In Corso,COLLAUDO,ASILI NIDO,Collaudo non concluso,0,1,0,2021-12-02,,2026-08-31,2021.0,0,RISTRUTTURAZIONE CON EFFICIENTAMENTO ENERGETICO,Ristrutturazione/recupero,981600.0,806000.0,5,13,1,1,5,1,1
J88I22000310006,Emilia-Romagna,033,035,035033,In Corso,ESECUZIONE LAVORI,ASILI NIDO,Esecuzione lavori,0,0,0,2021-12-02,,2026-08-31,2021.0,0,RISTRUTTURAZIONE CON EFFICIENTAMENTO ENERGETICO,Ristrutturazione/recupero,1297610.0,1075100.0,4,12,1,1,4,1,1
J88I22000330006,Emilia-Romagna,033,035,035033,In Corso,COLLAUDO,SCUOLE MATERNE,Collaudo non concluso,0,1,0,2021-12-02,,2026-08-31,2021.0,0,RISTRUTTURAZIONE CON EFFICIENTAMENTO ENERGETICO,Ristrutturazione/recupero,972950.0,884500.0,3,4,1,1,3,1,1
J88I22000340006,Emilia-Romagna,033,035,035033,In Corso,COLLAUDO,ASILI NIDO,Collaudo non concluso,0,1,0,2021-12-02,,2026-06-30,2021.0,0,RISTRUTTURAZIONE CON EFFICIENTAMENTO ENERGETICO,Ristrutturazione/recupero,1284961.55,1042600.0,5,15,1,1,5,1,1
J88I22000420001,Emilia-Romagna,033,035,035033,In Corso,COLLAUDO,ASILI NIDO,Collaudo non concluso,0,1,0,2021-12-02,,2026-08-31,2021.0,0,RISTRUTTURAZIONE CON EFFICIENTAMENTO ENERGETICO,Ristrutturazione/recupero,1166880.0,1060800.0,4,5,1,1,4,1,1
J89I24000500006,Sicilia,023,084,084023,In Corso,ESECUZIONE LAVORI,ASILI NIDO,Esecuzione lavori,0,0,0,2024-07-12,,2026-12-31,2024.0,0,MANUTENZIONE STRAORDINARIA PER MESSA IN SICUREZZA (ESCLUSO DISSESTO IDROGEOLOGICO),Altro,600000.0,600000.0,3,2,1,1,2,0,1
J91B21001100001,Friuli-Venezia Giulia,118,030,030118,In Corso,ESECUZIONE LAVORI,ALTRE STRUTTURE SOCIALI,Esecuzione lavori,0,0,0,2021-05-14,,2026-06-30,2021.0,1,MANUTENZIONE STRAORDINARIA DI ADEGUAMENTO SISMICO,Altro,580000.0,580000.0,2,2,1,1,1,0,1
J91B22000910006,Calabria,037,078,078037,In Corso,ESECUZIONE LAVORI,ASILI NIDO,Esecuzione lavori,0,0,0,2022-10-28,,2026-06-30,2022.0,0,NUOVA REALIZZAZIONE,Nuova realizzazione,628547.0,628547.0,4,4,1,1,3,0,1
J91B22001020006,Trentino-Alto Adige,253,022,022253,In Corso,COLLAUDO,ASILI NIDO,Collaudo non concluso,0,1,0,2022-12-30,,2026-06-30,2022.0,0,NUOVA REALIZZAZIONE,Nuova realizzazione,2034956.82,1296000.0,9,9,1,1,8,0,1
J91B22001050006,Campania,074,061,061074,In Corso,COLLAUDO,ASILI NIDO,Collaudo non concluso,0,1,0,2022-12-13,,2026-06-30,2022.0,0,NUOVA REALIZZAZIONE,Nuova realizzazione,1800095.01,1750000.0,4,4,1,1,3,0,1
J93C22000000006,Puglia,006,072,072006,In Corso,COLLAUDO,SCUOLE MATERNE,Collaudo non concluso,0,1,0,2022-12-06,,2026-06-30,2022.0,0,RISTRUTTURAZIONE CON EFFICIENTAMENTO ENERGETICO,Ristrutturazione/recupero,2029000.0,2029000.0,3,3,1,1,3,2,1
J93C22000010006,Puglia,006,072,072006,In Corso,ESECUZIONE LAVORI,ASILI NIDO,Esecuzione lavori,0,0,0,2023-01-10,,2026-06-30,2023.0,0,RISTRUTTURAZIONE CON EFFICIENTAMENTO ENERGETICO,Ristrutturazione/recupero,852500.0,775000.0,9,9,1,1,9,1,1
J93C22000020006,Puglia,006,072,072006,In Corso,COLLAUDO,SCUOLE MATERNE,Collaudo non concluso,0,1,0,2023-03-01,,2026-06-30,2023.0,0,RISTRUTTURAZIONE CON EFFICIENTAMENTO ENERGETICO,Ristrutturazione/recupero,2321000.0,2110000.0,6,6,1,1,2,0,1
J93C22000040006,Friuli-Venezia Giulia,118,030,030118,In Corso,ESECUZIONE LAVORI,ASILI NIDO,Esecuzione lavori,0,0,0,2022-02-23,,2026-06-30,2022.0,0,RISTRUTTURAZIONE CON EFFICIENTAMENTO ENERGETICO,Ristrutturazione/recupero,650000.0,650000.0,2,2,1,1,1,0,1
J93C24000740006,Campania,074,061,061074,In Corso,COLLAUDO,ASILI NIDO,Collaudo non concluso,0,1,0,2024-04-03,,2026-06-30,2024.0,0,RISTRUTTURAZIONE CON EFFICIENTAMENTO ENERGETICO,Ristrutturazione/recupero,950102.21,720000.0,2,1,1,1,1,0,1
J93C24000760006,Sicilia,028,082,082028,In Corso,ESECUZIONE LAVORI,ASILI NIDO,Esecuzione lavori,0,0,0,2024-10-23,,2026-06-30,2024.0,0,RISTRUTTURAZIONE CON EFFICIENTAMENTO ENERGETICO,Ristrutturazione/recupero,672000.0,672000.0,3,3,1,1,1,0,1
J95E21000000006,Calabria,033,080,080033,In Corso,ESECUZIONE LAVORI,SCUOLE MATERNE,Esecuzione lavori,0,0,0,2022-10-26,,2026-06-30,2022.0,0,NUOVA REALIZZAZIONE,Nuova realizzazione,1762000.0,1480000.0,4,3,1,1,3,0,1
J95E22000000006,Puglia,006,072,072006,In Corso,ESECUZIONE LAVORI,ASILI NIDO,Esecuzione lavori,0,0,0,2022-12-28,,2026-06-30,2022.0,0,NUOVA REALIZZAZIONE,Nuova realizzazione,2612500.0,2375000.0,6,6,1,1,2,0,1
J95E22000010006,Puglia,006,072,072006,In Corso,ESECUZIONE LAVORI,ASILI NIDO,Esecuzione lavori,0,0,0,2022-12-27,,2026-06-30,2022.0,0,NUOVA REALIZZAZIONE,Nuova realizzazione,2612500.0,2375000.0,3,4,1,1,2,0,1
J95E22000020006,Puglia,006,072,072006,In Corso,ESECUZIONE LAVORI,ASILI NIDO,Esecuzione lavori,0,0,0,2022-12-28,,2026-06-30,2022.0,0,NUOVA REALIZZAZIONE,Nuova realizzazione,2612500.0,2375000.0,6,8,1,1,2,0,1
J95E22000030006,Puglia,006,072,072006,In Corso,COLLAUDO,ASILI NIDO,Collaudo non concluso,0,1,0,2022-12-27,,2026-06-30,2022.0,0,NUOVA REALIZZAZIONE,Nuova realizzazione,2612500.0,2375000.0,6,6,1,1,2,0,1
J95E22000040006,Puglia,006,072,072006,In Corso,COLLAUDO,SCUOLE MATERNE,Collaudo non concluso,0,1,0,2023-03-10,,2026-06-30,2023.0,0,NUOVA REALIZZAZIONE,Nuova realizzazione,1782000.0,1620000.0,6,6,1,1,2,0,1
J95E22000080006,Abruzzo,001,067,067001,In Corso,COLLAUDO,ASILI NIDO,Collaudo non concluso,0,1,0,2022-10-25,,2026-06-30,2022.0,0,NUOVA REALIZZAZIONE,Nuova realizzazione,2310000.0,2100000.0,16,11,1,1,16,1,1
J95E22000110006,Lazio,088,060,060088,In Corso,ESECUZIONE LAVORI,ASILI NIDO,Esecuzione lavori,0,0,0,2022-03-08,,2026-08-31,2022.0,0,NUOVA REALIZZAZIONE,Nuova realizzazione,748647.52,647000.0,4,4,1,1,3,0,1
J95E22000150006,Puglia,006,072,072006,In Corso,COLLAUDO,ASILI NIDO,Collaudo non concluso,0,1,0,2022-12-28,,2026-06-30,2022.0,0,NUOVA REALIZZAZIONE,Nuova realizzazione,2612500.0,2375000.0,5,5,1,1,2,0,1
J95E24000050006,Puglia,013,073,073013,In Corso,COLLAUDO,ASILI NIDO,Collaudo non concluso,0,1,0,2024-08-26,,2026-08-31,2024.0,0,NUOVA REALIZZAZIONE,Nuova realizzazione,1440000.0,1440000.0,1,2,1,1,0,0,1
J95E24000070006,Veneto,021,025,025021,In Corso,ESECUZIONE LAVORI,ASILI NIDO,Esecuzione lavori,0,0,0,2024-05-29,,2026-06-30,2024.0,0,NUOVA REALIZZAZIONE,Nuova realizzazione,720000.0,720000.0,3,4,1,1,2,0,1
J95E25000030006,Puglia,013,073,073013,In Corso,ESECUZIONE LAVORI,ASILI NIDO,Esecuzione lavori,0,0,0,,,,,0,NUOVA REALIZZAZIONE,Nuova realizzazione,1440000.0,1440000.0,0,0,0,0,0,0,1
J95E25000040006,Calabria,037,078,078037,In Corso,ESECUZIONE LAVORI,ASILI NIDO,Esecuzione lavori,0,0,0,2025-08-08,,2026-06-30,2025.0,0,NUOVA REALIZZAZIONE,Nuova realizzazione,576000.0,576000.0,4,4,1,1,3,0,1
J95E25000060006,Campania,047,061,061047,In Corso,PROGETTAZIONE ESECUTIVA,ASILI NIDO,Prima dell'esecuzione,0,0,0,2025-08-08,,2026-08-31,2025.0,0,NUOVA REALIZZAZIONE,Nuova realizzazione,840000.0,840000.0,2,2,1,0,2,0,1
J95E25000070006,Campania,012,065,065012,In Corso,Fase non disponibile,ASILI NIDO,Fase non disponibile,0,0,0,,,,,0,NUOVA REALIZZAZIONE,Nuova realizzazione,792000.0,792000.0,0,0,0,0,0,0,1
J95E25000140006,Campania,012,065,065012,In Corso,Fase non disponibile,ASILI NIDO,Fase non disponibile,0,0,0,,,,,0,NUOVA REALIZZAZIONE,Nuova realizzazione,1272000.0,1272000.0,0,0,0,0,0,0,1
J98H22000010006,Friuli-Venezia Giulia,118,030,030118,In Corso,ESECUZIONE LAVORI,ASILI NIDO,Esecuzione lavori,0,0,0,2022-02-24,,2026-06-30,2022.0,0,RISTRUTTURAZIONE (PER CAMBIO DI DESTINAZIONE D'USO),Ristrutturazione/recupero,472000.0,472000.0,2,2,1,1,1,0,1
J98H22000050006,Campania,020,061,061020,In Corso,COLLAUDO,ASILI NIDO,Collaudo non concluso,0,1,0,2022-10-24,,2026-06-30,2022.0,0,RISTRUTTURAZIONE (PER CAMBIO DI DESTINAZIONE D'USO),Ristrutturazione/recupero,325000.0,325000.0,3,3,1,1,2,0,1
J98H22000180006,Abruzzo,024,069,069024,In Corso,COLLAUDO,ASILI NIDO,Collaudo non concluso,0,1,0,2023-01-19,,2026-06-30,2023.0,0,AMPLIAMENTO (COMPRESA SOPRAELEVAZIONE) O POTENZIAMENTO,Ampliamento,323950.0,323950.0,3,2,1,1,2,0,1
J98H24000380006,Campania,020,061,061020,In Corso,COLLAUDO,ASILI NIDO,Collaudo non concluso,0,1,0,2024-09-11,,2026-06-30,2024.0,0,AMPLIAMENTO (COMPRESA SOPRAELEVAZIONE) O POTENZIAMENTO,Ampliamento,555000.0,480000.0,5,4,1,1,3,0,1
J98H25000380006,Puglia,044,071,071044,In Corso,ESECUZIONE LAVORI,ASILI NIDO,Esecuzione lavori,0,0,0,2024-10-23,,2026-12-30,2024.0,0,AMPLIAMENTO (COMPRESA SOPRAELEVAZIONE) O POTENZIAMENTO,Ampliamento,312000.0,312000.0,6,6,1,1,6,0,1
J98H25000470006,Puglia,020,074,074020,In Corso,COLLAUDO,ASILI NIDO,Collaudo non concluso,0,1,0,2025-08-11,,2026-07-30,2025.0,0,RISTRUTTURAZIONE (PER CAMBIO DI DESTINAZIONE D'USO),Ristrutturazione/recupero,480000.0,480000.0,2,2,1,1,1,0,1
J98H25000490006,Calabria,007,102,102007,In Corso,COLLAUDO,ASILI NIDO,Collaudo non concluso,0,1,0,2025-05-25,,2026-06-30,2025.0,0,RISTRUTTURAZIONE (PER CAMBIO DI DESTINAZIONE D'USO),Ristrutturazione/recupero,480000.0,480000.0,5,5,1,1,4,1,1
J98I21000270006,Friuli-Venezia Giulia,118,030,030118,In Corso,ESECUZIONE LAVORI,SCUOLE MATERNE,Esecuzione lavori,0,0,0,2022-01-31,,2026-06-30,2022.0,0,RISTRUTTURAZIONE CON EFFICIENTAMENTO ENERGETICO,Ristrutturazione/recupero,1255000.0,1255000.0,3,2,1,1,2,0,1
J98I22000030006,Campania,020,061,061020,In Corso,COLLAUDO,SCUOLE MATERNE,Collaudo non concluso,0,1,0,2022-11-22,,2026-06-30,2022.0,0,RISTRUTTURAZIONE CON EFFICIENTAMENTO ENERGETICO,Ristrutturazione/recupero,1914000.0,1740000.0,6,7,1,1,6,1,1
J99J21002780005,Veneto,021,025,025021,Concluso,COLLAUDO,SCUOLE MATERNE,Concluso,1,1,1,2022-05-20,2025-04-30,2026-06-30,2022.0,1,MANUTENZIONE STRAORDINARIA CON EFFICIENTAMENTO ENERGETICO,Altro,500000.0,443000.0,5,7,1,1,4,0,1
